Batch_ID,Timestamp,Speed_Raw,Temp_Raw,Viscosity_Raw,MassFrac_Raw,MixTime_Raw,HeatTime_Raw,ColdTime_Raw,Phase_Val,Quality_Val,Code_Speed,Code_Temp,Code_Visc,Code_MassFrac,Code_Phase,Code_Quality,Transaction_Itemset
B2023-0000,1768223346.612141,76.34,40.93,0.3977,3.86,8.05,3.93,6.71,1,1,N_6080,T_4050,V_0045,WF_0005,PH_1,Q_F,"Speed: N_6080, Temp: T_4050, Visc: V_0045, Quality: Q_F"
B2023-0001,1768223406.612141,37.8,44.56,0.2679,12.91,7.24,5.37,5.88,2,0,N_2040,T_4050,V_0045,WF_0515,PH_2,Q_P,"Speed: N_2040, Temp: T_4050, Visc: V_0045, Quality: Q_P"
B2023-0002,1768223466.612141,36.58,43.13,0.2499,13.58,6.36,8.92,8.42,2,0,N_2040,T_4050,V_0045,WF_0515,PH_2,Q_P,"Speed: N_2040, Temp: T_4050, Visc: V_0045, Quality: Q_P"
B2023-0003,1768223526.612141,38.0,38.88,0.2529,8.73,8.83,4.38,6.04,1,0,N_2040,T_3040,V_0045,WF_0515,PH_1,Q_P,"Speed: N_2040, Temp: T_3040, Visc: V_0045, Quality: Q_P"
B2023-0004,1768223586.612141,37.93,34.69,0.1718,5.59,3.52,8.32,8.49,1,0,N_2040,T_3040,V_0045,WF_0515,PH_1,Q_P,"Speed: N_2040, Temp: T_3040, Visc: V_0045, Quality: Q_P"
B2023-0005,1768223646.612141,35.97,42.93,0.2928,10.87,4.65,3.36,6.12,2,0,N_2040,T_4050,V_0045,WF_0515,PH_2,Q_P,"Speed: N_2040, Temp: T_4050, Visc: V_0045, Quality: Q_P"
B2023-0006,1768223706.612141,38.79,27.47,0.1858,7.93,8.55,8.93,5.73,1,0,N_2040,T_2030,V_0045,WF_0515,PH_1,Q_P,"Speed: N_2040, Temp: T_2030, Visc: V_0045, Quality: Q_P"
B2023-0007,1768223766.612141,11.27,22.4,0.4889,3.75,5.1,7.73,6.83,1,1,N_0020,T_2030,V_4550,WF_0005,PH_1,Q_F,"Speed: N_0020, Temp: T_2030, Visc: V_4550, Quality: Q_F"
B2023-0008,1768223826.612141,22.76,26.0,0.2503,7.91,8.06,5.66,7.95,1,0,N_2040,T_2030,V_0045,WF_0515,PH_1,Q_P,"Speed: N_2040, Temp: T_2030, Visc: V_0045, Quality: Q_P"
B2023-0009,1768223886.612141,31.67,34.71,0.2064,13.3,2.56,3.89,7.62,1,0,N_2040,T_3040,V_0045,WF_0515,PH_1,Q_P,"Speed: N_2040, Temp: T_3040, Visc: V_0045, Quality: Q_P"
B2023-0010,1768223946.612141,39.93,39.88,0.2736,10.52,4.79,5.16,8.21,1,0,N_2040,T_3040,V_0045,WF_0515,PH_1,Q_P,"Speed: N_2040, Temp: T_3040, Visc: V_0045, Quality: Q_P"
B2023-0011,1768224006.612141,30.59,42.6,0.2043,12.75,5.41,4.27,6.63,2,0,N_2040,T_4050,V_0045,WF_0515,PH_2,Q_P,"Speed: N_2040, Temp: T_4050, Visc: V_0045, Quality: Q_P"
B2023-0012,1768224066.612141,27.87,34.31,0.2316,12.21,3.84,3.98,7.98,1,0,N_2040,T_3040,V_0045,WF_0515,PH_1,Q_P,"Speed: N_2040, Temp: T_3040, Visc: V_0045, Quality: Q_P"
B2023-0013,1768224126.612141,33.13,23.93,0.2907,12.26,3.14,6.09,8.22,1,0,N_2040,T_2030,V_0045,WF_0515,PH_1,Q_P,"Speed: N_2040, Temp: T_2030, Visc: V_0045, Quality: Q_P"
B2023-0014,1768224186.612141,25.09,22.88,0.2248,13.19,8.27,6.47,7.72,1,0,N_2040,T_2030,V_0045,WF_0515,PH_1,Q_P,"Speed: N_2040, Temp: T_2030, Visc: V_0045, Quality: Q_P"
B2023-0015,1768224246.612141,27.19,6.49,0.4819,4.91,9.0,7.18,6.11,2,1,N_2040,T_010,V_4550,WF_0005,PH_2,Q_F,"Speed: N_2040, Temp: T_010, Visc: V_4550, Quality: Q_F"
B2023-0016,1768224306.612141,41.35,41.23,0.3242,11.96,8.15,6.65,7.43,2,0,N_4060,T_4050,V_0045,WF_0515,PH_2,Q_P,"Speed: N_4060, Temp: T_4050, Visc: V_0045, Quality: Q_P"
B2023-0017,1768224366.612141,33.64,46.25,0.2827,7.22,8.98,4.55,4.31,2,0,N_2040,T_4050,V_0045,WF_0515,PH_2,Q_P,"Speed: N_2040, Temp: T_4050, Visc: V_0045, Quality: Q_P"
B2023-0018,1768224426.612141,30.1,33.73,0.2342,9.51,2.55,7.46,5.79,1,0,N_2040,T_3040,V_0045,WF_0515,PH_1,Q_P,"Speed: N_2040, Temp: T_3040, Visc: V_0045, Quality: Q_P"
B2023-0019,1768224486.612141,37.69,42.99,0.3629,9.96,5.09,4.37,4.27,2,0,N_2040,T_4050,V_0045,WF_0515,PH_2,Q_P,"Speed: N_2040, Temp: T_4050, Visc: V_0045, Quality: Q_P"
B2023-0020,1768224546.612141,20.08,32.55,0.1255,6.25,8.17,5.5,8.7,1,0,N_2040,T_3040,V_0045,WF_0515,PH_1,Q_P,"Speed: N_2040, Temp: T_3040, Visc: V_0045, Quality: Q_P"
B2023-0021,1768224606.612141,35.4,51.33,0.215,8.9,2.67,4.24,6.32,2,0,N_2040,T_5060,V_0045,WF_0515,PH_2,Q_P,"Speed: N_2040, Temp: T_5060, Visc: V_0045, Quality: Q_P"
B2023-0022,1768224666.612141,33.26,54.75,0.3018,13.54,6.44,5.42,8.41,2,0,N_2040,T_5060,V_0045,WF_0515,PH_2,Q_P,"Speed: N_2040, Temp: T_5060, Visc: V_0045, Quality: Q_P"
B2023-0023,1768224726.612141,32.45,42.81,0.3649,12.45,4.7,8.24,6.35,2,0,N_2040,T_4050,V_0045,WF_0515,PH_2,Q_P,"Speed: N_2040, Temp: T_4050, Visc: V_0045, Quality: Q_P"
B2023-0024,1768224786.612141,23.2,35.93,0.1942,11.66,7.85,4.04,4.49,1,0,N_2040,T_3040,V_0045,WF_0515,PH_1,Q_P,"Speed: N_2040, Temp: T_3040, Visc: V_0045, Quality: Q_P"
B2023-0025,1768224846.612141,22.0,36.16,0.1625,5.57,7.9,7.79,6.3,1,0,N_2040,T_3040,V_0045,WF_0515,PH_1,Q_P,"Speed: N_2040, Temp: T_3040, Visc: V_0045, Quality: Q_P"
B2023-0026,1768224906.612141,39.8,47.5,0.2179,9.52,5.25,6.01,7.78,2,0,N_2040,T_4050,V_0045,WF_0515,PH_2,Q_P,"Speed: N_2040, Temp: T_4050, Visc: V_0045, Quality: Q_P"
B2023-0027,1768224966.612141,31.23,54.83,0.2787,11.63,5.76,5.65,7.84,2,0,N_2040,T_5060,V_0045,WF_0515,PH_2,Q_P,"Speed: N_2040, Temp: T_5060, Visc: V_0045, Quality: Q_P"
B2023-0028,1768225026.612141,26.29,24.61,0.2641,7.27,8.8,8.75,7.06,1,0,N_2040,T_2030,V_0045,WF_0515,PH_1,Q_P,"Speed: N_2040, Temp: T_2030, Visc: V_0045, Quality: Q_P"
B2023-0029,1768225086.612141,71.74,43.11,0.2658,0.58,6.53,8.68,7.26,1,1,N_6080,T_4050,V_0045,WF_0005,PH_1,Q_F,"Speed: N_6080, Temp: T_4050, Visc: V_0045, Quality: Q_F"
B2023-0030,1768225146.612141,37.69,42.48,0.292,6.46,3.84,3.79,7.84,2,0,N_2040,T_4050,V_0045,WF_0515,PH_2,Q_P,"Speed: N_2040, Temp: T_4050, Visc: V_0045, Quality: Q_P"
B2023-0031,1768225206.612141,47.75,54.6,0.2963,10.04,2.99,7.58,8.7,2,0,N_4060,T_5060,V_0045,WF_0515,PH_2,Q_P,"Speed: N_4060, Temp: T_5060, Visc: V_0045, Quality: Q_P"
B2023-0032,1768225266.612141,19.72,10.81,0.4681,8.72,4.45,8.46,8.75,1,1,N_0020,T_1020,V_4550,WF_0515,PH_1,Q_F,"Speed: N_0020, Temp: T_1020, Visc: V_4550, Quality: Q_F"
B2023-0033,1768225326.612141,45.73,51.32,0.224,6.67,4.67,8.01,4.08,2,0,N_4060,T_5060,V_0045,WF_0515,PH_2,Q_P,"Speed: N_4060, Temp: T_5060, Visc: V_0045, Quality: Q_P"
B2023-0034,1768225386.612141,72.08,55.84,0.3334,0.34,6.66,8.71,8.06,2,1,N_6080,T_5060,V_0045,WF_0005,PH_2,Q_F,"Speed: N_6080, Temp: T_5060, Visc: V_0045, Quality: Q_F"
B2023-0035,1768225446.612141,23.77,39.81,0.1037,5.29,6.91,4.35,8.09,1,0,N_2040,T_3040,V_0045,WF_0515,PH_1,Q_P,"Speed: N_2040, Temp: T_3040, Visc: V_0045, Quality: Q_P"
B2023-0036,1768225506.612141,15.06,14.48,0.4907,10.74,2.07,3.06,6.51,1,1,N_0020,T_1020,V_4550,WF_0515,PH_1,Q_F,"Speed: N_0020, Temp: T_1020, Visc: V_4550, Quality: Q_F"
B2023-0037,1768225566.612141,43.48,46.24,0.2835,5.96,5.73,8.2,7.02,2,0,N_4060,T_4050,V_0045,WF_0515,PH_2,Q_P,"Speed: N_4060, Temp: T_4050, Visc: V_0045, Quality: Q_P"
B2023-0038,1768225626.612141,18.23,20.84,0.4825,3.22,7.03,6.0,4.54,2,1,N_0020,T_2030,V_4550,WF_0005,PH_2,Q_F,"Speed: N_0020, Temp: T_2030, Visc: V_4550, Quality: Q_F"
B2023-0039,1768225686.612141,45.91,44.06,0.263,5.28,2.07,4.99,7.34,2,0,N_4060,T_4050,V_0045,WF_0515,PH_2,Q_P,"Speed: N_4060, Temp: T_4050, Visc: V_0045, Quality: Q_P"
B2023-0040,1768225746.612141,27.56,39.86,0.1758,13.35,4.83,3.76,7.97,1,0,N_2040,T_3040,V_0045,WF_0515,PH_1,Q_P,"Speed: N_2040, Temp: T_3040, Visc: V_0045, Quality: Q_P"
B2023-0041,1768225806.612141,48.52,51.77,0.2366,13.78,8.48,7.18,5.27,2,0,N_4060,T_5060,V_0045,WF_0515,PH_2,Q_P,"Speed: N_4060, Temp: T_5060, Visc: V_0045, Quality: Q_P"
B2023-0042,1768225866.612141,34.12,50.61,0.3314,9.3,5.97,6.52,6.34,2,0,N_2040,T_5060,V_0045,WF_0515,PH_2,Q_P,"Speed: N_2040, Temp: T_5060, Visc: V_0045, Quality: Q_P"
B2023-0043,1768225926.612141,30.97,48.79,0.3535,8.79,4.58,7.93,6.11,2,0,N_2040,T_4050,V_0045,WF_0515,PH_2,Q_P,"Speed: N_2040, Temp: T_4050, Visc: V_0045, Quality: Q_P"
B2023-0044,1768225986.612141,34.06,39.03,0.1428,6.81,6.33,7.67,5.63,1,0,N_2040,T_3040,V_0045,WF_0515,PH_1,Q_P,"Speed: N_2040, Temp: T_3040, Visc: V_0045, Quality: Q_P"
B2023-0045,1768226046.612141,38.55,49.74,0.202,9.85,4.01,4.43,8.94,2,0,N_2040,T_4050,V_0045,WF_0515,PH_2,Q_P,"Speed: N_2040, Temp: T_4050, Visc: V_0045, Quality: Q_P"
B2023-0046,1768226106.612141,68.62,30.57,0.3986,4.31,3.14,5.9,5.66,1,1,N_6080,T_3040,V_0045,WF_0005,PH_1,Q_F,"Speed: N_6080, Temp: T_3040, Visc: V_0045, Quality: Q_F"
B2023-0047,1768226166.612141,25.4,23.29,0.4716,13.74,2.55,3.32,7.44,1,1,N_2040,T_2030,V_4550,WF_0515,PH_1,Q_F,"Speed: N_2040, Temp: T_2030, Visc: V_4550, Quality: Q_F"
B2023-0048,1768226226.612141,28.54,25.25,0.1672,10.98,2.62,5.86,5.52,1,0,N_2040,T_2030,V_0045,WF_0515,PH_1,Q_P,"Speed: N_2040, Temp: T_2030, Visc: V_0045, Quality: Q_P"
B2023-0049,1768226286.612141,46.39,41.05,0.3899,7.93,3.69,7.16,7.83,2,0,N_4060,T_4050,V_0045,WF_0515,PH_2,Q_P,"Speed: N_4060, Temp: T_4050, Visc: V_0045, Quality: Q_P"
B2023-0050,1768226346.612141,38.83,54.05,0.2064,8.78,8.09,7.86,5.01,2,0,N_2040,T_5060,V_0045,WF_0515,PH_2,Q_P,"Speed: N_2040, Temp: T_5060, Visc: V_0045, Quality: Q_P"
B2023-0051,1768226406.612141,37.76,38.2,0.1657,10.3,7.75,7.66,7.83,1,0,N_2040,T_3040,V_0045,WF_0515,PH_1,Q_P,"Speed: N_2040, Temp: T_3040, Visc: V_0045, Quality: Q_P"
B2023-0052,1768226466.612141,24.59,22.65,0.4764,9.56,2.27,4.47,5.23,1,1,N_2040,T_2030,V_4550,WF_0515,PH_1,Q_F,"Speed: N_2040, Temp: T_2030, Visc: V_4550, Quality: Q_F"
B2023-0053,1768226526.612141,46.68,50.6,0.3463,12.24,7.99,7.33,6.45,2,0,N_4060,T_5060,V_0045,WF_0515,PH_2,Q_P,"Speed: N_4060, Temp: T_5060, Visc: V_0045, Quality: Q_P"
B2023-0054,1768226586.612141,66.99,54.89,0.222,1.34,2.92,6.79,8.45,2,1,N_6080,T_5060,V_0045,WF_0005,PH_2,Q_F,"Speed: N_6080, Temp: T_5060, Visc: V_0045, Quality: Q_F"
B2023-0055,1768226646.612141,28.28,28.57,0.1144,8.33,8.6,8.37,6.37,1,0,N_2040,T_2030,V_0045,WF_0515,PH_1,Q_P,"Speed: N_2040, Temp: T_2030, Visc: V_0045, Quality: Q_P"
B2023-0056,1768226706.612141,42.76,49.13,0.2272,8.66,2.41,6.88,4.31,2,0,N_4060,T_4050,V_0045,WF_0515,PH_2,Q_P,"Speed: N_4060, Temp: T_4050, Visc: V_0045, Quality: Q_P"
B2023-0057,1768226766.612141,48.6,50.6,0.3545,11.5,8.09,3.41,7.58,2,0,N_4060,T_5060,V_0045,WF_0515,PH_2,Q_P,"Speed: N_4060, Temp: T_5060, Visc: V_0045, Quality: Q_P"
B2023-0058,1768226826.612141,35.46,49.0,0.24,13.21,6.46,3.22,7.16,2,0,N_2040,T_4050,V_0045,WF_0515,PH_2,Q_P,"Speed: N_2040, Temp: T_4050, Visc: V_0045, Quality: Q_P"
B2023-0059,1768226886.612141,21.71,20.9,0.4938,12.09,3.46,4.78,5.14,1,1,N_2040,T_2030,V_4550,WF_0515,PH_1,Q_F,"Speed: N_2040, Temp: T_2030, Visc: V_4550, Quality: Q_F"
B2023-0060,1768226946.612141,45.11,53.64,0.3872,6.75,3.1,4.76,6.11,2,0,N_4060,T_5060,V_0045,WF_0515,PH_2,Q_P,"Speed: N_4060, Temp: T_5060, Visc: V_0045, Quality: Q_P"
B2023-0061,1768227006.612141,38.04,20.14,0.1836,6.18,5.61,6.21,4.67,1,0,N_2040,T_2030,V_0045,WF_0515,PH_1,Q_P,"Speed: N_2040, Temp: T_2030, Visc: V_0045, Quality: Q_P"
B2023-0062,1768227066.612141,42.07,40.26,0.2214,6.65,5.28,6.95,4.54,2,0,N_4060,T_4050,V_0045,WF_0515,PH_2,Q_P,"Speed: N_4060, Temp: T_4050, Visc: V_0045, Quality: Q_P"
B2023-0063,1768227126.612141,45.14,47.61,0.2593,11.02,4.55,5.84,6.38,2,0,N_4060,T_4050,V_0045,WF_0515,PH_2,Q_P,"Speed: N_4060, Temp: T_4050, Visc: V_0045, Quality: Q_P"
B2023-0064,1768227186.612141,49.52,44.69,0.2069,11.58,8.56,7.64,7.65,2,0,N_4060,T_4050,V_0045,WF_0515,PH_2,Q_P,"Speed: N_4060, Temp: T_4050, Visc: V_0045, Quality: Q_P"
B2023-0065,1768227246.612141,19.84,6.97,0.4956,4.9,2.84,5.08,8.91,1,1,N_0020,T_010,V_4550,WF_0005,PH_1,Q_F,"Speed: N_0020, Temp: T_010, Visc: V_4550, Quality: Q_F"
B2023-0066,1768227306.612141,46.81,54.09,0.3031,9.93,3.41,6.86,5.67,2,0,N_4060,T_5060,V_0045,WF_0515,PH_2,Q_P,"Speed: N_4060, Temp: T_5060, Visc: V_0045, Quality: Q_P"
B2023-0067,1768227366.612141,21.72,23.92,0.2685,7.72,3.38,5.18,5.82,1,0,N_2040,T_2030,V_0045,WF_0515,PH_1,Q_P,"Speed: N_2040, Temp: T_2030, Visc: V_0045, Quality: Q_P"
B2023-0068,1768227426.612141,25.17,31.53,0.2333,9.55,8.24,4.13,5.45,1,0,N_2040,T_3040,V_0045,WF_0515,PH_1,Q_P,"Speed: N_2040, Temp: T_3040, Visc: V_0045, Quality: Q_P"
B2023-0069,1768227486.612141,46.98,44.77,0.3489,7.97,7.75,8.95,5.3,2,0,N_4060,T_4050,V_0045,WF_0515,PH_2,Q_P,"Speed: N_4060, Temp: T_4050, Visc: V_0045, Quality: Q_P"
B2023-0070,1768227546.612141,31.11,45.99,0.2597,7.82,2.37,4.53,7.18,2,0,N_2040,T_4050,V_0045,WF_0515,PH_2,Q_P,"Speed: N_2040, Temp: T_4050, Visc: V_0045, Quality: Q_P"
B2023-0071,1768227606.612141,21.63,25.18,0.2574,5.25,4.31,8.47,7.81,1,0,N_2040,T_2030,V_0045,WF_0515,PH_1,Q_P,"Speed: N_2040, Temp: T_2030, Visc: V_0045, Quality: Q_P"
B2023-0072,1768227666.612141,20.56,26.45,0.2344,6.43,3.09,4.11,5.37,1,0,N_2040,T_2030,V_0045,WF_0515,PH_1,Q_P,"Speed: N_2040, Temp: T_2030, Visc: V_0045, Quality: Q_P"
B2023-0073,1768227726.612141,73.3,37.94,0.1012,4.18,7.76,7.03,5.12,1,1,N_6080,T_3040,V_0045,WF_0005,PH_1,Q_F,"Speed: N_6080, Temp: T_3040, Visc: V_0045, Quality: Q_F"
B2023-0074,1768227786.612141,29.14,36.81,0.2642,12.57,3.07,6.47,7.19,1,0,N_2040,T_3040,V_0045,WF_0515,PH_1,Q_P,"Speed: N_2040, Temp: T_3040, Visc: V_0045, Quality: Q_P"
B2023-0075,1768227846.612141,12.33,14.32,0.4658,5.71,5.55,3.18,5.92,1,1,N_0020,T_1020,V_4550,WF_0515,PH_1,Q_F,"Speed: N_0020, Temp: T_1020, Visc: V_4550, Quality: Q_F"
B2023-0076,1768227906.612141,37.95,51.97,0.2365,11.01,8.08,4.12,6.84,2,0,N_2040,T_5060,V_0045,WF_0515,PH_2,Q_P,"Speed: N_2040, Temp: T_5060, Visc: V_0045, Quality: Q_P"
B2023-0077,1768227966.612141,36.05,40.39,0.3184,10.02,6.14,8.91,7.22,2,0,N_2040,T_4050,V_0045,WF_0515,PH_2,Q_P,"Speed: N_2040, Temp: T_4050, Visc: V_0045, Quality: Q_P"
B2023-0078,1768228026.612141,33.11,32.05,0.1138,9.18,6.61,8.51,4.69,1,0,N_2040,T_3040,V_0045,WF_0515,PH_1,Q_P,"Speed: N_2040, Temp: T_3040, Visc: V_0045, Quality: Q_P"
B2023-0079,1768228086.612141,68.44,49.69,0.2878,2.03,3.38,6.08,7.13,2,1,N_6080,T_4050,V_0045,WF_0005,PH_2,Q_F,"Speed: N_6080, Temp: T_4050, Visc: V_0045, Quality: Q_F"
B2023-0080,1768228146.612141,25.27,32.17,0.1533,11.91,3.74,5.12,6.6,1,0,N_2040,T_3040,V_0045,WF_0515,PH_1,Q_P,"Speed: N_2040, Temp: T_3040, Visc: V_0045, Quality: Q_P"
B2023-0081,1768228206.612141,35.55,54.07,0.3384,8.07,8.97,6.88,7.64,2,0,N_2040,T_5060,V_0045,WF_0515,PH_2,Q_P,"Speed: N_2040, Temp: T_5060, Visc: V_0045, Quality: Q_P"
B2023-0082,1768228266.612141,70.93,48.66,0.2302,3.16,2.61,6.72,6.8,2,1,N_6080,T_4050,V_0045,WF_0005,PH_2,Q_F,"Speed: N_6080, Temp: T_4050, Visc: V_0045, Quality: Q_F"
B2023-0083,1768228326.612141,33.7,48.83,0.3794,6.88,5.52,8.01,6.11,2,0,N_2040,T_4050,V_0045,WF_0515,PH_2,Q_P,"Speed: N_2040, Temp: T_4050, Visc: V_0045, Quality: Q_P"
B2023-0084,1768228386.612141,38.78,42.82,0.2856,7.63,4.72,5.63,4.9,2,0,N_2040,T_4050,V_0045,WF_0515,PH_2,Q_P,"Speed: N_2040, Temp: T_4050, Visc: V_0045, Quality: Q_P"
B2023-0085,1768228446.612141,39.46,35.26,0.2195,13.44,7.36,4.68,8.48,1,0,N_2040,T_3040,V_0045,WF_0515,PH_1,Q_P,"Speed: N_2040, Temp: T_3040, Visc: V_0045, Quality: Q_P"
B2023-0086,1768228506.612141,46.48,51.17,0.2576,8.99,6.96,8.69,4.04,2,0,N_4060,T_5060,V_0045,WF_0515,PH_2,Q_P,"Speed: N_4060, Temp: T_5060, Visc: V_0045, Quality: Q_P"
B2023-0087,1768228566.612141,32.54,52.64,0.3289,9.74,6.16,5.17,6.05,2,0,N_2040,T_5060,V_0045,WF_0515,PH_2,Q_P,"Speed: N_2040, Temp: T_5060, Visc: V_0045, Quality: Q_P"
B2023-0088,1768228626.612141,34.43,46.03,0.2219,12.41,5.27,5.56,5.23,2,0,N_2040,T_4050,V_0045,WF_0515,PH_2,Q_P,"Speed: N_2040, Temp: T_4050, Visc: V_0045, Quality: Q_P"
B2023-0089,1768228686.612141,28.76,15.39,0.4941,13.93,8.08,4.79,7.56,2,1,N_2040,T_1020,V_4550,WF_0515,PH_2,Q_F,"Speed: N_2040, Temp: T_1020, Visc: V_4550, Quality: Q_F"
B2023-0090,1768228746.612141,28.05,37.8,0.1472,13.64,4.85,5.76,4.39,1,0,N_2040,T_3040,V_0045,WF_0515,PH_1,Q_P,"Speed: N_2040, Temp: T_3040, Visc: V_0045, Quality: Q_P"
B2023-0091,1768228806.612141,25.17,33.6,0.2765,6.56,5.18,8.91,8.45,1,0,N_2040,T_3040,V_0045,WF_0515,PH_1,Q_P,"Speed: N_2040, Temp: T_3040, Visc: V_0045, Quality: Q_P"
B2023-0092,1768228866.612141,44.39,44.54,0.2404,8.63,2.78,3.92,5.11,2,0,N_4060,T_4050,V_0045,WF_0515,PH_2,Q_P,"Speed: N_4060, Temp: T_4050, Visc: V_0045, Quality: Q_P"
B2023-0093,1768228926.612141,41.16,43.05,0.261,12.15,8.78,6.04,8.25,2,0,N_4060,T_4050,V_0045,WF_0515,PH_2,Q_P,"Speed: N_4060, Temp: T_4050, Visc: V_0045, Quality: Q_P"
B2023-0094,1768228986.612141,39.43,47.07,0.3335,9.62,3.2,3.32,5.1,2,0,N_2040,T_4050,V_0045,WF_0515,PH_2,Q_P,"Speed: N_2040, Temp: T_4050, Visc: V_0045, Quality: Q_P"
B2023-0095,1768229046.612141,35.47,33.6,0.1044,12.91,5.55,6.48,6.86,1,0,N_2040,T_3040,V_0045,WF_0515,PH_1,Q_P,"Speed: N_2040, Temp: T_3040, Visc: V_0045, Quality: Q_P"
B2023-0096,1768229106.612141,33.19,43.46,0.2195,7.48,8.05,4.23,8.61,2,0,N_2040,T_4050,V_0045,WF_0515,PH_2,Q_P,"Speed: N_2040, Temp: T_4050, Visc: V_0045, Quality: Q_P"
B2023-0097,1768229166.612141,67.38,55.7,0.2164,4.75,3.63,8.97,6.79,1,1,N_6080,T_5060,V_0045,WF_0005,PH_1,Q_F,"Speed: N_6080, Temp: T_5060, Visc: V_0045, Quality: Q_F"
B2023-0098,1768229226.612141,16.42,19.29,0.4605,3.6,3.67,4.01,4.7,1,1,N_0020,T_1020,V_4550,WF_0005,PH_1,Q_F,"Speed: N_0020, Temp: T_1020, Visc: V_4550, Quality: Q_F"
B2023-0099,1768229286.612141,44.27,47.68,0.3261,13.26,3.64,3.91,8.0,2,0,N_4060,T_4050,V_0045,WF_0515,PH_2,Q_P,"Speed: N_4060, Temp: T_4050, Visc: V_0045, Quality: Q_P"
B2023-0100,1768229346.612141,30.93,27.45,0.2784,10.12,3.77,8.25,5.68,1,0,N_2040,T_2030,V_0045,WF_0515,PH_1,Q_P,"Speed: N_2040, Temp: T_2030, Visc: V_0045, Quality: Q_P"
B2023-0101,1768229406.612141,37.05,30.69,0.1209,13.95,6.59,5.8,7.73,1,0,N_2040,T_3040,V_0045,WF_0515,PH_1,Q_P,"Speed: N_2040, Temp: T_3040, Visc: V_0045, Quality: Q_P"
B2023-0102,1768229466.612141,28.49,39.98,0.1573,8.61,4.55,7.45,7.53,1,0,N_2040,T_3040,V_0045,WF_0515,PH_1,Q_P,"Speed: N_2040, Temp: T_3040, Visc: V_0045, Quality: Q_P"
B2023-0103,1768229526.612141,24.6,35.64,0.161,9.74,5.76,3.98,5.54,1,0,N_2040,T_3040,V_0045,WF_0515,PH_1,Q_P,"Speed: N_2040, Temp: T_3040, Visc: V_0045, Quality: Q_P"
B2023-0104,1768229586.612141,35.41,37.49,0.2537,7.05,3.91,3.61,4.03,1,0,N_2040,T_3040,V_0045,WF_0515,PH_1,Q_P,"Speed: N_2040, Temp: T_3040, Visc: V_0045, Quality: Q_P"
B2023-0105,1768229646.612141,20.58,37.68,0.2558,7.42,6.98,8.1,8.5,1,0,N_2040,T_3040,V_0045,WF_0515,PH_1,Q_P,"Speed: N_2040, Temp: T_3040, Visc: V_0045, Quality: Q_P"
B2023-0106,1768229706.612141,20.66,23.94,0.2011,6.72,3.66,8.32,6.18,1,0,N_2040,T_2030,V_0045,WF_0515,PH_1,Q_P,"Speed: N_2040, Temp: T_2030, Visc: V_0045, Quality: Q_P"
B2023-0107,1768229766.612141,34.34,24.2,0.2496,9.55,3.45,3.75,6.77,1,0,N_2040,T_2030,V_0045,WF_0515,PH_1,Q_P,"Speed: N_2040, Temp: T_2030, Visc: V_0045, Quality: Q_P"
B2023-0108,1768229826.612141,42.49,52.94,0.2719,5.14,7.12,4.25,5.15,2,0,N_4060,T_5060,V_0045,WF_0515,PH_2,Q_P,"Speed: N_4060, Temp: T_5060, Visc: V_0045, Quality: Q_P"
B2023-0109,1768229886.612141,40.97,46.84,0.3072,6.73,6.29,6.47,7.4,2,0,N_4060,T_4050,V_0045,WF_0515,PH_2,Q_P,"Speed: N_4060, Temp: T_4050, Visc: V_0045, Quality: Q_P"
B2023-0110,1768229946.612141,31.97,23.42,0.2278,11.24,2.31,6.47,4.21,1,0,N_2040,T_2030,V_0045,WF_0515,PH_1,Q_P,"Speed: N_2040, Temp: T_2030, Visc: V_0045, Quality: Q_P"
B2023-0111,1768230006.612141,46.35,43.67,0.3558,10.88,4.13,8.91,7.19,2,0,N_4060,T_4050,V_0045,WF_0515,PH_2,Q_P,"Speed: N_4060, Temp: T_4050, Visc: V_0045, Quality: Q_P"
B2023-0112,1768230066.612141,22.78,33.41,0.1503,10.17,8.41,5.76,7.42,1,0,N_2040,T_3040,V_0045,WF_0515,PH_1,Q_P,"Speed: N_2040, Temp: T_3040, Visc: V_0045, Quality: Q_P"
B2023-0113,1768230126.612141,22.14,39.9,0.2159,13.87,3.4,6.44,5.04,1,0,N_2040,T_3040,V_0045,WF_0515,PH_1,Q_P,"Speed: N_2040, Temp: T_3040, Visc: V_0045, Quality: Q_P"
B2023-0114,1768230186.612141,29.48,32.27,0.1803,13.9,2.97,3.42,8.64,1,0,N_2040,T_3040,V_0045,WF_0515,PH_1,Q_P,"Speed: N_2040, Temp: T_3040, Visc: V_0045, Quality: Q_P"
B2023-0115,1768230246.612141,23.26,28.72,0.143,7.63,4.91,5.25,7.09,1,0,N_2040,T_2030,V_0045,WF_0515,PH_1,Q_P,"Speed: N_2040, Temp: T_2030, Visc: V_0045, Quality: Q_P"
B2023-0116,1768230306.612141,43.67,53.68,0.3689,7.52,7.23,7.57,5.3,2,0,N_4060,T_5060,V_0045,WF_0515,PH_2,Q_P,"Speed: N_4060, Temp: T_5060, Visc: V_0045, Quality: Q_P"
B2023-0117,1768230366.612141,47.13,40.1,0.2683,7.72,2.87,5.23,4.77,2,0,N_4060,T_4050,V_0045,WF_0515,PH_2,Q_P,"Speed: N_4060, Temp: T_4050, Visc: V_0045, Quality: Q_P"
B2023-0118,1768230426.612141,15.11,5.78,0.4608,4.39,2.46,5.58,5.3,2,1,N_0020,T_010,V_4550,WF_0005,PH_2,Q_F,"Speed: N_0020, Temp: T_010, Visc: V_4550, Quality: Q_F"
B2023-0119,1768230486.612141,23.95,32.58,0.1184,11.78,3.96,8.31,8.49,1,0,N_2040,T_3040,V_0045,WF_0515,PH_1,Q_P,"Speed: N_2040, Temp: T_3040, Visc: V_0045, Quality: Q_P"
B2023-0120,1768230546.612141,30.09,22.44,0.2915,5.88,8.7,4.72,7.27,1,0,N_2040,T_2030,V_0045,WF_0515,PH_1,Q_P,"Speed: N_2040, Temp: T_2030, Visc: V_0045, Quality: Q_P"
B2023-0121,1768230606.612141,26.62,30.76,0.1728,5.61,8.22,4.23,6.05,1,0,N_2040,T_3040,V_0045,WF_0515,PH_1,Q_P,"Speed: N_2040, Temp: T_3040, Visc: V_0045, Quality: Q_P"
B2023-0122,1768230666.612141,38.03,35.34,0.1721,10.04,8.89,7.52,4.99,1,0,N_2040,T_3040,V_0045,WF_0515,PH_1,Q_P,"Speed: N_2040, Temp: T_3040, Visc: V_0045, Quality: Q_P"
B2023-0123,1768230726.612141,45.46,41.65,0.2765,10.61,3.2,6.73,6.41,2,0,N_4060,T_4050,V_0045,WF_0515,PH_2,Q_P,"Speed: N_4060, Temp: T_4050, Visc: V_0045, Quality: Q_P"
B2023-0124,1768230786.612141,25.43,21.42,0.1073,12.75,3.4,4.53,5.47,1,0,N_2040,T_2030,V_0045,WF_0515,PH_1,Q_P,"Speed: N_2040, Temp: T_2030, Visc: V_0045, Quality: Q_P"
B2023-0125,1768230846.612141,18.09,10.62,0.4917,8.28,7.88,6.84,6.79,2,1,N_0020,T_1020,V_4550,WF_0515,PH_2,Q_F,"Speed: N_0020, Temp: T_1020, Visc: V_4550, Quality: Q_F"
B2023-0126,1768230906.612141,21.21,27.33,0.1686,8.07,3.79,3.14,8.17,1,0,N_2040,T_2030,V_0045,WF_0515,PH_1,Q_P,"Speed: N_2040, Temp: T_2030, Visc: V_0045, Quality: Q_P"
B2023-0127,1768230966.612141,37.99,27.96,0.2879,11.13,7.21,8.73,5.49,1,0,N_2040,T_2030,V_0045,WF_0515,PH_1,Q_P,"Speed: N_2040, Temp: T_2030, Visc: V_0045, Quality: Q_P"
B2023-0128,1768231026.612141,32.05,47.83,0.2472,7.48,4.29,7.82,7.88,2,0,N_2040,T_4050,V_0045,WF_0515,PH_2,Q_P,"Speed: N_2040, Temp: T_4050, Visc: V_0045, Quality: Q_P"
B2023-0129,1768231086.612141,20.81,35.63,0.2701,10.01,2.5,4.48,4.6,1,0,N_2040,T_3040,V_0045,WF_0515,PH_1,Q_P,"Speed: N_2040, Temp: T_3040, Visc: V_0045, Quality: Q_P"
B2023-0130,1768231146.612141,39.45,23.99,0.2921,7.41,6.91,5.85,8.57,1,0,N_2040,T_2030,V_0045,WF_0515,PH_1,Q_P,"Speed: N_2040, Temp: T_2030, Visc: V_0045, Quality: Q_P"
B2023-0131,1768231206.612141,38.38,30.23,0.2125,6.75,5.58,7.95,4.09,1,0,N_2040,T_3040,V_0045,WF_0515,PH_1,Q_P,"Speed: N_2040, Temp: T_3040, Visc: V_0045, Quality: Q_P"
B2023-0132,1768231266.612141,27.08,28.71,0.1288,12.05,3.41,3.83,6.63,1,0,N_2040,T_2030,V_0045,WF_0515,PH_1,Q_P,"Speed: N_2040, Temp: T_2030, Visc: V_0045, Quality: Q_P"
B2023-0133,1768231326.612141,32.06,34.53,0.2851,6.46,3.51,3.79,8.3,1,0,N_2040,T_3040,V_0045,WF_0515,PH_1,Q_P,"Speed: N_2040, Temp: T_3040, Visc: V_0045, Quality: Q_P"
B2023-0134,1768231386.612141,47.43,49.15,0.2643,7.93,7.73,5.71,7.43,2,0,N_4060,T_4050,V_0045,WF_0515,PH_2,Q_P,"Speed: N_4060, Temp: T_4050, Visc: V_0045, Quality: Q_P"
B2023-0135,1768231446.612141,30.07,30.03,0.2084,8.39,2.14,5.01,8.65,1,0,N_2040,T_3040,V_0045,WF_0515,PH_1,Q_P,"Speed: N_2040, Temp: T_3040, Visc: V_0045, Quality: Q_P"
B2023-0136,1768231506.612141,27.78,23.62,0.2195,6.17,3.04,7.52,6.06,1,0,N_2040,T_2030,V_0045,WF_0515,PH_1,Q_P,"Speed: N_2040, Temp: T_2030, Visc: V_0045, Quality: Q_P"
B2023-0137,1768231566.612141,35.21,44.43,0.2517,8.53,4.35,5.75,7.91,2,0,N_2040,T_4050,V_0045,WF_0515,PH_2,Q_P,"Speed: N_2040, Temp: T_4050, Visc: V_0045, Quality: Q_P"
B2023-0138,1768231626.612141,36.38,28.11,0.2812,12.58,7.47,7.96,5.39,1,0,N_2040,T_2030,V_0045,WF_0515,PH_1,Q_P,"Speed: N_2040, Temp: T_2030, Visc: V_0045, Quality: Q_P"
B2023-0139,1768231686.612141,34.19,22.82,0.2497,8.87,8.59,4.33,6.29,1,0,N_2040,T_2030,V_0045,WF_0515,PH_1,Q_P,"Speed: N_2040, Temp: T_2030, Visc: V_0045, Quality: Q_P"
B2023-0140,1768231746.612141,39.95,53.52,0.2199,7.01,6.44,8.18,6.67,2,0,N_2040,T_5060,V_0045,WF_0515,PH_2,Q_P,"Speed: N_2040, Temp: T_5060, Visc: V_0045, Quality: Q_P"
B2023-0141,1768231806.612141,31.45,23.18,0.2787,13.48,2.88,7.32,8.88,1,0,N_2040,T_2030,V_0045,WF_0515,PH_1,Q_P,"Speed: N_2040, Temp: T_2030, Visc: V_0045, Quality: Q_P"
B2023-0142,1768231866.612141,25.49,31.6,0.2039,11.39,4.56,3.95,5.9,1,0,N_2040,T_3040,V_0045,WF_0515,PH_1,Q_P,"Speed: N_2040, Temp: T_3040, Visc: V_0045, Quality: Q_P"
B2023-0143,1768231926.612141,77.19,50.76,0.1507,3.47,3.82,7.72,6.34,1,1,N_6080,T_5060,V_0045,WF_0005,PH_1,Q_F,"Speed: N_6080, Temp: T_5060, Visc: V_0045, Quality: Q_F"
B2023-0144,1768231986.612141,27.43,34.87,0.1246,9.98,2.34,5.59,6.43,1,0,N_2040,T_3040,V_0045,WF_0515,PH_1,Q_P,"Speed: N_2040, Temp: T_3040, Visc: V_0045, Quality: Q_P"
B2023-0145,1768232046.612141,30.45,38.19,0.249,10.6,5.2,7.88,6.24,1,0,N_2040,T_3040,V_0045,WF_0515,PH_1,Q_P,"Speed: N_2040, Temp: T_3040, Visc: V_0045, Quality: Q_P"
B2023-0146,1768232106.612141,29.56,22.35,0.217,10.2,4.45,6.89,6.42,1,0,N_2040,T_2030,V_0045,WF_0515,PH_1,Q_P,"Speed: N_2040, Temp: T_2030, Visc: V_0045, Quality: Q_P"
B2023-0147,1768232166.612141,22.44,27.4,0.2591,8.49,6.57,6.27,8.09,1,0,N_2040,T_2030,V_0045,WF_0515,PH_1,Q_P,"Speed: N_2040, Temp: T_2030, Visc: V_0045, Quality: Q_P"
B2023-0148,1768232226.612141,30.75,37.55,0.2765,5.6,3.0,7.62,8.9,1,0,N_2040,T_3040,V_0045,WF_0515,PH_1,Q_P,"Speed: N_2040, Temp: T_3040, Visc: V_0045, Quality: Q_P"
B2023-0149,1768232286.612141,73.62,54.93,0.1248,3.39,8.54,7.05,6.54,2,1,N_6080,T_5060,V_0045,WF_0005,PH_2,Q_F,"Speed: N_6080, Temp: T_5060, Visc: V_0045, Quality: Q_F"
B2023-0150,1768232346.612141,35.15,33.86,0.1001,7.42,4.37,5.61,8.1,1,0,N_2040,T_3040,V_0045,WF_0515,PH_1,Q_P,"Speed: N_2040, Temp: T_3040, Visc: V_0045, Quality: Q_P"
B2023-0151,1768232406.612141,36.34,45.06,0.2346,5.43,4.1,6.03,6.26,2,0,N_2040,T_4050,V_0045,WF_0515,PH_2,Q_P,"Speed: N_2040, Temp: T_4050, Visc: V_0045, Quality: Q_P"
B2023-0152,1768232466.612141,24.36,20.29,0.179,5.23,7.47,8.62,6.84,1,0,N_2040,T_2030,V_0045,WF_0515,PH_1,Q_P,"Speed: N_2040, Temp: T_2030, Visc: V_0045, Quality: Q_P"
B2023-0153,1768232526.612141,71.32,49.97,0.3225,2.58,4.39,6.49,8.23,1,1,N_6080,T_4050,V_0045,WF_0005,PH_1,Q_F,"Speed: N_6080, Temp: T_4050, Visc: V_0045, Quality: Q_F"
B2023-0154,1768232586.612141,16.52,16.04,0.4648,4.68,2.29,7.1,6.71,1,1,N_0020,T_1020,V_4550,WF_0005,PH_1,Q_F,"Speed: N_0020, Temp: T_1020, Visc: V_4550, Quality: Q_F"
B2023-0155,1768232646.612141,30.68,53.89,0.2592,10.01,3.63,6.02,5.03,2,0,N_2040,T_5060,V_0045,WF_0515,PH_2,Q_P,"Speed: N_2040, Temp: T_5060, Visc: V_0045, Quality: Q_P"
B2023-0156,1768232706.612141,24.7,15.46,0.4606,3.17,6.86,6.46,6.84,2,1,N_2040,T_1020,V_4550,WF_0005,PH_2,Q_F,"Speed: N_2040, Temp: T_1020, Visc: V_4550, Quality: Q_F"
B2023-0157,1768232766.612141,32.49,36.89,0.2123,13.68,3.71,8.32,6.09,1,0,N_2040,T_3040,V_0045,WF_0515,PH_1,Q_P,"Speed: N_2040, Temp: T_3040, Visc: V_0045, Quality: Q_P"
B2023-0158,1768232826.612141,25.09,23.87,0.1031,5.7,3.96,4.12,4.34,1,0,N_2040,T_2030,V_0045,WF_0515,PH_1,Q_P,"Speed: N_2040, Temp: T_2030, Visc: V_0045, Quality: Q_P"
B2023-0159,1768232886.612141,16.8,21.02,0.4627,10.27,5.31,5.0,4.39,2,1,N_0020,T_2030,V_4550,WF_0515,PH_2,Q_F,"Speed: N_0020, Temp: T_2030, Visc: V_4550, Quality: Q_F"
B2023-0160,1768232946.612141,13.3,9.5,0.4796,7.8,5.52,5.98,6.74,2,1,N_0020,T_010,V_4550,WF_0515,PH_2,Q_F,"Speed: N_0020, Temp: T_010, Visc: V_4550, Quality: Q_F"
B2023-0161,1768233006.612141,33.13,26.91,0.1122,8.12,2.09,8.23,4.02,1,0,N_2040,T_2030,V_0045,WF_0515,PH_1,Q_P,"Speed: N_2040, Temp: T_2030, Visc: V_0045, Quality: Q_P"
B2023-0162,1768233066.612141,42.5,50.93,0.339,12.11,8.3,8.44,5.04,2,0,N_4060,T_5060,V_0045,WF_0515,PH_2,Q_P,"Speed: N_4060, Temp: T_5060, Visc: V_0045, Quality: Q_P"
B2023-0163,1768233126.612141,22.45,31.45,0.1569,12.97,6.44,4.51,5.07,1,0,N_2040,T_3040,V_0045,WF_0515,PH_1,Q_P,"Speed: N_2040, Temp: T_3040, Visc: V_0045, Quality: Q_P"
B2023-0164,1768233186.612141,24.34,25.31,0.1556,13.49,3.44,6.09,7.39,1,0,N_2040,T_2030,V_0045,WF_0515,PH_1,Q_P,"Speed: N_2040, Temp: T_2030, Visc: V_0045, Quality: Q_P"
B2023-0165,1768233246.612141,39.03,23.65,0.2462,6.68,3.33,5.09,7.89,1,0,N_2040,T_2030,V_0045,WF_0515,PH_1,Q_P,"Speed: N_2040, Temp: T_2030, Visc: V_0045, Quality: Q_P"
B2023-0166,1768233306.612141,72.41,54.08,0.3553,4.64,6.78,3.91,4.97,1,1,N_6080,T_5060,V_0045,WF_0005,PH_1,Q_F,"Speed: N_6080, Temp: T_5060, Visc: V_0045, Quality: Q_F"
B2023-0167,1768233366.612141,37.67,42.86,0.2539,12.57,7.31,4.73,5.91,2,0,N_2040,T_4050,V_0045,WF_0515,PH_2,Q_P,"Speed: N_2040, Temp: T_4050, Visc: V_0045, Quality: Q_P"
B2023-0168,1768233426.612141,31.11,44.5,0.353,9.93,6.78,7.48,8.6,2,0,N_2040,T_4050,V_0045,WF_0515,PH_2,Q_P,"Speed: N_2040, Temp: T_4050, Visc: V_0045, Quality: Q_P"
B2023-0169,1768233486.612141,34.54,45.34,0.3967,7.64,3.08,6.29,6.14,2,0,N_2040,T_4050,V_0045,WF_0515,PH_2,Q_P,"Speed: N_2040, Temp: T_4050, Visc: V_0045, Quality: Q_P"
B2023-0170,1768233546.612141,22.27,24.94,0.1239,6.6,5.29,4.12,7.24,1,0,N_2040,T_2030,V_0045,WF_0515,PH_1,Q_P,"Speed: N_2040, Temp: T_2030, Visc: V_0045, Quality: Q_P"
B2023-0171,1768233606.612141,31.58,43.01,0.2677,9.46,5.09,3.15,6.73,2,0,N_2040,T_4050,V_0045,WF_0515,PH_2,Q_P,"Speed: N_2040, Temp: T_4050, Visc: V_0045, Quality: Q_P"
B2023-0172,1768233666.612141,28.21,36.5,0.1718,7.93,2.52,6.31,6.03,1,0,N_2040,T_3040,V_0045,WF_0515,PH_1,Q_P,"Speed: N_2040, Temp: T_3040, Visc: V_0045, Quality: Q_P"
B2023-0173,1768233726.612141,47.45,49.75,0.3189,7.13,7.87,4.88,8.99,2,0,N_4060,T_4050,V_0045,WF_0515,PH_2,Q_P,"Speed: N_4060, Temp: T_4050, Visc: V_0045, Quality: Q_P"
B2023-0174,1768233786.612141,39.08,27.61,0.1922,11.28,6.87,8.83,8.03,1,0,N_2040,T_2030,V_0045,WF_0515,PH_1,Q_P,"Speed: N_2040, Temp: T_2030, Visc: V_0045, Quality: Q_P"
B2023-0175,1768233846.612141,45.55,45.6,0.3569,6.77,4.59,7.47,8.18,2,0,N_4060,T_4050,V_0045,WF_0515,PH_2,Q_P,"Speed: N_4060, Temp: T_4050, Visc: V_0045, Quality: Q_P"
B2023-0176,1768233906.612141,35.96,27.23,0.2831,10.76,2.33,5.13,4.42,1,0,N_2040,T_2030,V_0045,WF_0515,PH_1,Q_P,"Speed: N_2040, Temp: T_2030, Visc: V_0045, Quality: Q_P"
B2023-0177,1768233966.612141,42.16,42.25,0.2759,7.43,4.53,7.34,6.64,2,0,N_4060,T_4050,V_0045,WF_0515,PH_2,Q_P,"Speed: N_4060, Temp: T_4050, Visc: V_0045, Quality: Q_P"
B2023-0178,1768234026.612141,38.48,20.54,0.2602,10.44,4.33,5.67,4.65,1,0,N_2040,T_2030,V_0045,WF_0515,PH_1,Q_P,"Speed: N_2040, Temp: T_2030, Visc: V_0045, Quality: Q_P"
B2023-0179,1768234086.612141,14.41,5.94,0.462,12.54,2.36,7.56,6.37,2,1,N_0020,T_010,V_4550,WF_0515,PH_2,Q_F,"Speed: N_0020, Temp: T_010, Visc: V_4550, Quality: Q_F"
B2023-0180,1768234146.612141,49.69,40.26,0.3182,7.86,6.97,8.27,5.7,2,0,N_4060,T_4050,V_0045,WF_0515,PH_2,Q_P,"Speed: N_4060, Temp: T_4050, Visc: V_0045, Quality: Q_P"
B2023-0181,1768234206.612141,43.39,44.8,0.2958,11.42,4.85,3.44,5.81,2,0,N_4060,T_4050,V_0045,WF_0515,PH_2,Q_P,"Speed: N_4060, Temp: T_4050, Visc: V_0045, Quality: Q_P"
B2023-0182,1768234266.612141,22.92,9.71,0.4859,10.58,3.1,6.13,8.63,2,1,N_2040,T_010,V_4550,WF_0515,PH_2,Q_F,"Speed: N_2040, Temp: T_010, Visc: V_4550, Quality: Q_F"
B2023-0183,1768234326.612141,35.52,52.03,0.3719,7.36,2.17,6.39,6.28,2,0,N_2040,T_5060,V_0045,WF_0515,PH_2,Q_P,"Speed: N_2040, Temp: T_5060, Visc: V_0045, Quality: Q_P"
B2023-0184,1768234386.612141,40.97,40.27,0.2849,8.19,8.25,5.84,6.51,2,0,N_4060,T_4050,V_0045,WF_0515,PH_2,Q_P,"Speed: N_4060, Temp: T_4050, Visc: V_0045, Quality: Q_P"
B2023-0185,1768234446.612141,76.61,32.13,0.2779,4.12,2.38,3.47,6.04,2,1,N_6080,T_3040,V_0045,WF_0005,PH_2,Q_F,"Speed: N_6080, Temp: T_3040, Visc: V_0045, Quality: Q_F"
B2023-0186,1768234506.612141,30.39,30.16,0.136,12.1,3.04,6.67,8.2,1,0,N_2040,T_3040,V_0045,WF_0515,PH_1,Q_P,"Speed: N_2040, Temp: T_3040, Visc: V_0045, Quality: Q_P"
B2023-0187,1768234566.612141,42.35,49.01,0.3802,7.55,8.91,3.25,6.18,2,0,N_4060,T_4050,V_0045,WF_0515,PH_2,Q_P,"Speed: N_4060, Temp: T_4050, Visc: V_0045, Quality: Q_P"
B2023-0188,1768234626.612141,31.38,42.09,0.3713,9.8,3.7,4.32,6.31,2,0,N_2040,T_4050,V_0045,WF_0515,PH_2,Q_P,"Speed: N_2040, Temp: T_4050, Visc: V_0045, Quality: Q_P"
B2023-0189,1768234686.612141,35.57,41.57,0.2264,9.69,7.05,8.78,7.03,2,0,N_2040,T_4050,V_0045,WF_0515,PH_2,Q_P,"Speed: N_2040, Temp: T_4050, Visc: V_0045, Quality: Q_P"
B2023-0190,1768234746.612141,69.56,49.02,0.1061,1.55,7.49,7.62,5.83,2,1,N_6080,T_4050,V_0045,WF_0005,PH_2,Q_F,"Speed: N_6080, Temp: T_4050, Visc: V_0045, Quality: Q_F"
B2023-0191,1768234806.612141,16.27,16.49,0.4765,6.24,2.63,6.03,7.37,2,1,N_0020,T_1020,V_4550,WF_0515,PH_2,Q_F,"Speed: N_0020, Temp: T_1020, Visc: V_4550, Quality: Q_F"
B2023-0192,1768234866.612141,23.25,21.44,0.1188,11.18,8.06,5.62,4.74,1,0,N_2040,T_2030,V_0045,WF_0515,PH_1,Q_P,"Speed: N_2040, Temp: T_2030, Visc: V_0045, Quality: Q_P"
B2023-0193,1768234926.612141,20.55,20.01,0.4685,1.02,7.46,4.72,6.85,1,1,N_2040,T_2030,V_4550,WF_0005,PH_1,Q_F,"Speed: N_2040, Temp: T_2030, Visc: V_4550, Quality: Q_F"
B2023-0194,1768234986.612141,21.34,15.96,0.4651,8.76,7.8,5.18,4.68,2,1,N_2040,T_1020,V_4550,WF_0515,PH_2,Q_F,"Speed: N_2040, Temp: T_1020, Visc: V_4550, Quality: Q_F"
B2023-0195,1768235046.612141,35.83,46.77,0.3015,9.81,8.82,3.2,4.47,2,0,N_2040,T_4050,V_0045,WF_0515,PH_2,Q_P,"Speed: N_2040, Temp: T_4050, Visc: V_0045, Quality: Q_P"
B2023-0196,1768235106.612141,32.74,35.51,0.153,6.48,4.52,8.96,7.61,1,0,N_2040,T_3040,V_0045,WF_0515,PH_1,Q_P,"Speed: N_2040, Temp: T_3040, Visc: V_0045, Quality: Q_P"
B2023-0197,1768235166.612141,25.22,20.16,0.2557,12.51,6.27,4.73,5.61,1,0,N_2040,T_2030,V_0045,WF_0515,PH_1,Q_P,"Speed: N_2040, Temp: T_2030, Visc: V_0045, Quality: Q_P"
B2023-0198,1768235226.612141,33.97,45.29,0.2389,9.87,8.88,5.08,5.37,2,0,N_2040,T_4050,V_0045,WF_0515,PH_2,Q_P,"Speed: N_2040, Temp: T_4050, Visc: V_0045, Quality: Q_P"
B2023-0199,1768235286.612141,30.7,20.91,0.1603,10.65,7.27,4.76,4.9,1,0,N_2040,T_2030,V_0045,WF_0515,PH_1,Q_P,"Speed: N_2040, Temp: T_2030, Visc: V_0045, Quality: Q_P"
B2023-0200,1768235346.612141,38.21,27.87,0.2333,5.94,4.23,6.71,7.16,1,0,N_2040,T_2030,V_0045,WF_0515,PH_1,Q_P,"Speed: N_2040, Temp: T_2030, Visc: V_0045, Quality: Q_P"
B2023-0201,1768235406.612141,33.19,46.04,0.2938,13.92,2.36,5.39,5.5,2,0,N_2040,T_4050,V_0045,WF_0515,PH_2,Q_P,"Speed: N_2040, Temp: T_4050, Visc: V_0045, Quality: Q_P"
B2023-0202,1768235466.612141,30.53,46.11,0.2251,5.77,3.07,8.07,6.55,2,0,N_2040,T_4050,V_0045,WF_0515,PH_2,Q_P,"Speed: N_2040, Temp: T_4050, Visc: V_0045, Quality: Q_P"
B2023-0203,1768235526.612141,36.19,33.7,0.2542,11.23,6.2,7.13,8.57,1,0,N_2040,T_3040,V_0045,WF_0515,PH_1,Q_P,"Speed: N_2040, Temp: T_3040, Visc: V_0045, Quality: Q_P"
B2023-0204,1768235586.612141,28.57,21.6,0.1915,6.69,7.56,6.02,8.13,1,0,N_2040,T_2030,V_0045,WF_0515,PH_1,Q_P,"Speed: N_2040, Temp: T_2030, Visc: V_0045, Quality: Q_P"
B2023-0205,1768235646.612141,24.75,23.81,0.1362,7.15,2.1,3.25,7.33,1,0,N_2040,T_2030,V_0045,WF_0515,PH_1,Q_P,"Speed: N_2040, Temp: T_2030, Visc: V_0045, Quality: Q_P"
B2023-0206,1768235706.612141,26.96,20.47,0.1945,11.48,5.2,3.22,6.2,1,0,N_2040,T_2030,V_0045,WF_0515,PH_1,Q_P,"Speed: N_2040, Temp: T_2030, Visc: V_0045, Quality: Q_P"
B2023-0207,1768235766.612141,33.62,31.23,0.1845,9.39,7.65,6.2,8.02,1,0,N_2040,T_3040,V_0045,WF_0515,PH_1,Q_P,"Speed: N_2040, Temp: T_3040, Visc: V_0045, Quality: Q_P"
B2023-0208,1768235826.612141,38.09,20.43,0.2469,6.64,5.27,6.95,4.54,1,0,N_2040,T_2030,V_0045,WF_0515,PH_1,Q_P,"Speed: N_2040, Temp: T_2030, Visc: V_0045, Quality: Q_P"
B2023-0209,1768235886.612141,49.86,49.22,0.3053,9.75,6.88,7.33,4.9,2,0,N_4060,T_4050,V_0045,WF_0515,PH_2,Q_P,"Speed: N_4060, Temp: T_4050, Visc: V_0045, Quality: Q_P"
B2023-0210,1768235946.612141,24.22,30.89,0.2206,11.39,5.14,4.3,6.37,1,0,N_2040,T_3040,V_0045,WF_0515,PH_1,Q_P,"Speed: N_2040, Temp: T_3040, Visc: V_0045, Quality: Q_P"
B2023-0211,1768236006.612141,35.69,32.18,0.2875,6.72,6.1,3.3,7.8,1,0,N_2040,T_3040,V_0045,WF_0515,PH_1,Q_P,"Speed: N_2040, Temp: T_3040, Visc: V_0045, Quality: Q_P"
B2023-0212,1768236066.612141,35.22,43.0,0.2788,11.95,2.12,7.67,8.52,2,0,N_2040,T_4050,V_0045,WF_0515,PH_2,Q_P,"Speed: N_2040, Temp: T_4050, Visc: V_0045, Quality: Q_P"
B2023-0213,1768236126.612141,41.01,52.93,0.2555,13.69,6.15,6.79,5.95,2,0,N_4060,T_5060,V_0045,WF_0515,PH_2,Q_P,"Speed: N_4060, Temp: T_5060, Visc: V_0045, Quality: Q_P"
B2023-0214,1768236186.612141,45.43,48.24,0.2219,13.06,7.79,6.57,6.51,2,0,N_4060,T_4050,V_0045,WF_0515,PH_2,Q_P,"Speed: N_4060, Temp: T_4050, Visc: V_0045, Quality: Q_P"
B2023-0215,1768236246.612141,34.0,54.92,0.3987,5.28,3.2,7.83,6.34,2,0,N_2040,T_5060,V_0045,WF_0515,PH_2,Q_P,"Speed: N_2040, Temp: T_5060, Visc: V_0045, Quality: Q_P"
B2023-0216,1768236306.612141,45.43,51.88,0.24,8.69,3.12,3.36,8.22,2,0,N_4060,T_5060,V_0045,WF_0515,PH_2,Q_P,"Speed: N_4060, Temp: T_5060, Visc: V_0045, Quality: Q_P"
B2023-0217,1768236366.612141,48.26,48.42,0.2044,6.28,7.93,7.74,4.52,2,0,N_4060,T_4050,V_0045,WF_0515,PH_2,Q_P,"Speed: N_4060, Temp: T_4050, Visc: V_0045, Quality: Q_P"
B2023-0218,1768236426.612141,26.99,33.81,0.1267,13.3,7.72,3.29,4.91,1,0,N_2040,T_3040,V_0045,WF_0515,PH_1,Q_P,"Speed: N_2040, Temp: T_3040, Visc: V_0045, Quality: Q_P"
B2023-0219,1768236486.612141,40.67,49.52,0.3884,12.5,4.72,6.08,6.06,2,0,N_4060,T_4050,V_0045,WF_0515,PH_2,Q_P,"Speed: N_4060, Temp: T_4050, Visc: V_0045, Quality: Q_P"
B2023-0220,1768236546.612141,32.2,54.57,0.2505,9.07,7.89,6.37,8.71,2,0,N_2040,T_5060,V_0045,WF_0515,PH_2,Q_P,"Speed: N_2040, Temp: T_5060, Visc: V_0045, Quality: Q_P"
B2023-0221,1768236606.612141,34.55,49.47,0.3817,13.57,7.1,8.95,6.42,2,0,N_2040,T_4050,V_0045,WF_0515,PH_2,Q_P,"Speed: N_2040, Temp: T_4050, Visc: V_0045, Quality: Q_P"
B2023-0222,1768236666.612141,26.65,35.41,0.2383,9.96,4.49,6.77,7.15,1,0,N_2040,T_3040,V_0045,WF_0515,PH_1,Q_P,"Speed: N_2040, Temp: T_3040, Visc: V_0045, Quality: Q_P"
B2023-0223,1768236726.612141,24.79,39.11,0.1849,10.3,7.86,7.57,5.0,1,0,N_2040,T_3040,V_0045,WF_0515,PH_1,Q_P,"Speed: N_2040, Temp: T_3040, Visc: V_0045, Quality: Q_P"
B2023-0224,1768236786.612141,29.34,28.94,0.1352,12.52,4.97,4.72,4.29,1,0,N_2040,T_2030,V_0045,WF_0515,PH_1,Q_P,"Speed: N_2040, Temp: T_2030, Visc: V_0045, Quality: Q_P"
B2023-0225,1768236846.612141,35.14,25.59,0.2635,11.21,4.63,8.0,6.59,1,0,N_2040,T_2030,V_0045,WF_0515,PH_1,Q_P,"Speed: N_2040, Temp: T_2030, Visc: V_0045, Quality: Q_P"
B2023-0226,1768236906.612141,36.62,45.2,0.2776,12.57,3.34,3.76,6.55,2,0,N_2040,T_4050,V_0045,WF_0515,PH_2,Q_P,"Speed: N_2040, Temp: T_4050, Visc: V_0045, Quality: Q_P"
B2023-0227,1768236966.612141,21.53,23.85,0.4653,11.28,7.57,8.97,6.04,1,1,N_2040,T_2030,V_4550,WF_0515,PH_1,Q_F,"Speed: N_2040, Temp: T_2030, Visc: V_4550, Quality: Q_F"
B2023-0228,1768237026.612141,34.56,31.64,0.2425,10.47,3.62,6.59,5.55,1,0,N_2040,T_3040,V_0045,WF_0515,PH_1,Q_P,"Speed: N_2040, Temp: T_3040, Visc: V_0045, Quality: Q_P"
B2023-0229,1768237086.612141,49.38,49.35,0.32,10.25,7.72,3.1,6.35,2,0,N_4060,T_4050,V_0045,WF_0515,PH_2,Q_P,"Speed: N_4060, Temp: T_4050, Visc: V_0045, Quality: Q_P"
B2023-0230,1768237146.612141,38.89,45.89,0.2138,12.88,7.79,4.19,6.43,2,0,N_2040,T_4050,V_0045,WF_0515,PH_2,Q_P,"Speed: N_2040, Temp: T_4050, Visc: V_0045, Quality: Q_P"
B2023-0231,1768237206.612141,15.74,20.42,0.4638,3.6,5.3,7.13,7.06,2,1,N_0020,T_2030,V_4550,WF_0005,PH_2,Q_F,"Speed: N_0020, Temp: T_2030, Visc: V_4550, Quality: Q_F"
B2023-0232,1768237266.612141,49.58,49.42,0.2493,13.6,5.42,8.22,5.86,2,0,N_4060,T_4050,V_0045,WF_0515,PH_2,Q_P,"Speed: N_4060, Temp: T_4050, Visc: V_0045, Quality: Q_P"
B2023-0233,1768237326.612141,21.32,33.46,0.2184,11.94,6.25,3.22,4.47,1,0,N_2040,T_3040,V_0045,WF_0515,PH_1,Q_P,"Speed: N_2040, Temp: T_3040, Visc: V_0045, Quality: Q_P"
B2023-0234,1768237386.612141,20.53,23.11,0.2107,13.61,2.24,8.42,8.79,1,0,N_2040,T_2030,V_0045,WF_0515,PH_1,Q_P,"Speed: N_2040, Temp: T_2030, Visc: V_0045, Quality: Q_P"
B2023-0235,1768237446.612141,69.74,33.25,0.3797,2.7,6.52,6.17,5.01,2,1,N_6080,T_3040,V_0045,WF_0005,PH_2,Q_F,"Speed: N_6080, Temp: T_3040, Visc: V_0045, Quality: Q_F"
B2023-0236,1768237506.612141,12.32,7.5,0.4791,3.65,4.69,4.59,4.0,2,1,N_0020,T_010,V_4550,WF_0005,PH_2,Q_F,"Speed: N_0020, Temp: T_010, Visc: V_4550, Quality: Q_F"
B2023-0237,1768237566.612141,20.56,24.37,0.1304,10.88,8.76,5.63,7.22,1,0,N_2040,T_2030,V_0045,WF_0515,PH_1,Q_P,"Speed: N_2040, Temp: T_2030, Visc: V_0045, Quality: Q_P"
B2023-0238,1768237626.612141,47.32,46.25,0.3693,8.17,2.56,6.85,4.63,2,0,N_4060,T_4050,V_0045,WF_0515,PH_2,Q_P,"Speed: N_4060, Temp: T_4050, Visc: V_0045, Quality: Q_P"
B2023-0239,1768237686.612141,35.11,42.29,0.3851,11.43,7.5,5.29,6.31,2,0,N_2040,T_4050,V_0045,WF_0515,PH_2,Q_P,"Speed: N_2040, Temp: T_4050, Visc: V_0045, Quality: Q_P"
B2023-0240,1768237746.612141,22.97,31.76,0.1341,13.43,7.08,7.44,7.61,1,0,N_2040,T_3040,V_0045,WF_0515,PH_1,Q_P,"Speed: N_2040, Temp: T_3040, Visc: V_0045, Quality: Q_P"
B2023-0241,1768237806.612141,49.8,46.61,0.3513,13.08,5.23,4.94,4.51,2,0,N_4060,T_4050,V_0045,WF_0515,PH_2,Q_P,"Speed: N_4060, Temp: T_4050, Visc: V_0045, Quality: Q_P"
B2023-0242,1768237866.612141,45.24,44.18,0.3195,13.88,7.74,6.49,6.46,2,0,N_4060,T_4050,V_0045,WF_0515,PH_2,Q_P,"Speed: N_4060, Temp: T_4050, Visc: V_0045, Quality: Q_P"
B2023-0243,1768237926.612141,22.64,34.6,0.1547,8.17,4.72,4.32,6.24,1,0,N_2040,T_3040,V_0045,WF_0515,PH_1,Q_P,"Speed: N_2040, Temp: T_3040, Visc: V_0045, Quality: Q_P"
B2023-0244,1768237986.612141,37.15,43.47,0.2478,9.2,2.45,6.08,7.12,2,0,N_2040,T_4050,V_0045,WF_0515,PH_2,Q_P,"Speed: N_2040, Temp: T_4050, Visc: V_0045, Quality: Q_P"
B2023-0245,1768238046.612141,69.05,43.58,0.1396,2.1,8.27,8.43,8.33,2,1,N_6080,T_4050,V_0045,WF_0005,PH_2,Q_F,"Speed: N_6080, Temp: T_4050, Visc: V_0045, Quality: Q_F"
B2023-0246,1768238106.612141,49.92,48.71,0.3003,5.79,6.39,3.6,6.05,2,0,N_4060,T_4050,V_0045,WF_0515,PH_2,Q_P,"Speed: N_4060, Temp: T_4050, Visc: V_0045, Quality: Q_P"
B2023-0247,1768238166.612141,38.48,22.38,0.2278,6.65,4.06,7.23,5.62,1,0,N_2040,T_2030,V_0045,WF_0515,PH_1,Q_P,"Speed: N_2040, Temp: T_2030, Visc: V_0045, Quality: Q_P"
B2023-0248,1768238226.612141,69.02,38.39,0.1628,1.36,4.9,8.45,4.96,2,1,N_6080,T_3040,V_0045,WF_0005,PH_2,Q_F,"Speed: N_6080, Temp: T_3040, Visc: V_0045, Quality: Q_F"
B2023-0249,1768238286.612141,44.51,41.1,0.3511,5.68,5.22,4.42,5.97,2,0,N_4060,T_4050,V_0045,WF_0515,PH_2,Q_P,"Speed: N_4060, Temp: T_4050, Visc: V_0045, Quality: Q_P"
B2023-0250,1768238346.612141,78.7,40.29,0.3501,0.89,3.76,4.87,5.22,1,1,N_6080,T_4050,V_0045,WF_0005,PH_1,Q_F,"Speed: N_6080, Temp: T_4050, Visc: V_0045, Quality: Q_F"
B2023-0251,1768238406.612141,12.82,20.84,0.4851,8.88,2.98,3.06,5.17,1,1,N_0020,T_2030,V_4550,WF_0515,PH_1,Q_F,"Speed: N_0020, Temp: T_2030, Visc: V_4550, Quality: Q_F"
B2023-0252,1768238466.612141,38.05,44.17,0.2963,9.05,4.26,6.2,6.06,2,0,N_2040,T_4050,V_0045,WF_0515,PH_2,Q_P,"Speed: N_2040, Temp: T_4050, Visc: V_0045, Quality: Q_P"
B2023-0253,1768238526.612141,42.13,40.56,0.2303,9.3,6.72,8.86,4.84,2,0,N_4060,T_4050,V_0045,WF_0515,PH_2,Q_P,"Speed: N_4060, Temp: T_4050, Visc: V_0045, Quality: Q_P"
B2023-0254,1768238586.612141,32.42,35.2,0.1467,10.18,6.05,7.69,8.87,1,0,N_2040,T_3040,V_0045,WF_0515,PH_1,Q_P,"Speed: N_2040, Temp: T_3040, Visc: V_0045, Quality: Q_P"
B2023-0255,1768238646.612141,69.87,40.56,0.222,0.61,5.33,4.79,4.71,2,1,N_6080,T_4050,V_0045,WF_0005,PH_2,Q_F,"Speed: N_6080, Temp: T_4050, Visc: V_0045, Quality: Q_F"
B2023-0256,1768238706.612141,40.91,53.01,0.2869,12.56,4.34,8.43,5.04,2,0,N_4060,T_5060,V_0045,WF_0515,PH_2,Q_P,"Speed: N_4060, Temp: T_5060, Visc: V_0045, Quality: Q_P"
B2023-0257,1768238766.612141,35.94,54.85,0.2204,5.14,3.61,6.38,8.92,2,0,N_2040,T_5060,V_0045,WF_0515,PH_2,Q_P,"Speed: N_2040, Temp: T_5060, Visc: V_0045, Quality: Q_P"
B2023-0258,1768238826.612141,32.77,41.92,0.3985,12.91,2.77,5.04,8.4,2,0,N_2040,T_4050,V_0045,WF_0515,PH_2,Q_P,"Speed: N_2040, Temp: T_4050, Visc: V_0045, Quality: Q_P"
B2023-0259,1768238886.612141,34.57,49.24,0.2216,12.75,7.75,6.89,7.88,2,0,N_2040,T_4050,V_0045,WF_0515,PH_2,Q_P,"Speed: N_2040, Temp: T_4050, Visc: V_0045, Quality: Q_P"
B2023-0260,1768238946.612141,41.67,41.63,0.3692,13.34,4.03,5.65,6.67,2,0,N_4060,T_4050,V_0045,WF_0515,PH_2,Q_P,"Speed: N_4060, Temp: T_4050, Visc: V_0045, Quality: Q_P"
B2023-0261,1768239006.612141,31.66,51.97,0.2384,9.77,5.88,8.07,5.99,2,0,N_2040,T_5060,V_0045,WF_0515,PH_2,Q_P,"Speed: N_2040, Temp: T_5060, Visc: V_0045, Quality: Q_P"
B2023-0262,1768239066.612141,46.31,50.25,0.2555,7.85,5.54,6.86,8.86,2,0,N_4060,T_5060,V_0045,WF_0515,PH_2,Q_P,"Speed: N_4060, Temp: T_5060, Visc: V_0045, Quality: Q_P"
B2023-0263,1768239126.612141,37.34,21.23,0.1577,12.07,5.36,5.18,6.53,1,0,N_2040,T_2030,V_0045,WF_0515,PH_1,Q_P,"Speed: N_2040, Temp: T_2030, Visc: V_0045, Quality: Q_P"
B2023-0264,1768239186.612141,65.86,31.88,0.3112,3.15,4.37,7.61,5.76,2,1,N_6080,T_3040,V_0045,WF_0005,PH_2,Q_F,"Speed: N_6080, Temp: T_3040, Visc: V_0045, Quality: Q_F"
B2023-0265,1768239246.612141,38.68,37.45,0.2825,9.39,3.83,4.81,5.75,1,0,N_2040,T_3040,V_0045,WF_0515,PH_1,Q_P,"Speed: N_2040, Temp: T_3040, Visc: V_0045, Quality: Q_P"
B2023-0266,1768239306.612141,25.91,20.42,0.2257,10.86,6.89,3.51,5.84,1,0,N_2040,T_2030,V_0045,WF_0515,PH_1,Q_P,"Speed: N_2040, Temp: T_2030, Visc: V_0045, Quality: Q_P"
B2023-0267,1768239366.612141,32.07,48.09,0.2181,12.67,7.73,8.27,7.06,2,0,N_2040,T_4050,V_0045,WF_0515,PH_2,Q_P,"Speed: N_2040, Temp: T_4050, Visc: V_0045, Quality: Q_P"
B2023-0268,1768239426.612141,29.83,27.1,0.2213,9.55,7.48,5.01,8.46,1,0,N_2040,T_2030,V_0045,WF_0515,PH_1,Q_P,"Speed: N_2040, Temp: T_2030, Visc: V_0045, Quality: Q_P"
B2023-0269,1768239486.612141,11.63,16.92,0.4935,5.67,8.19,8.59,4.43,1,1,N_0020,T_1020,V_4550,WF_0515,PH_1,Q_F,"Speed: N_0020, Temp: T_1020, Visc: V_4550, Quality: Q_F"
B2023-0270,1768239546.612141,10.98,16.17,0.4903,8.57,4.87,7.86,5.19,1,1,N_0020,T_1020,V_4550,WF_0515,PH_1,Q_F,"Speed: N_0020, Temp: T_1020, Visc: V_4550, Quality: Q_F"
B2023-0271,1768239606.612141,48.42,52.54,0.2293,5.61,7.36,3.45,7.86,2,0,N_4060,T_5060,V_0045,WF_0515,PH_2,Q_P,"Speed: N_4060, Temp: T_5060, Visc: V_0045, Quality: Q_P"
B2023-0272,1768239666.612141,25.09,28.97,0.195,10.72,3.06,6.82,7.92,1,0,N_2040,T_2030,V_0045,WF_0515,PH_1,Q_P,"Speed: N_2040, Temp: T_2030, Visc: V_0045, Quality: Q_P"
B2023-0273,1768239726.612141,40.01,43.16,0.3646,7.71,8.0,4.22,6.78,2,0,N_4060,T_4050,V_0045,WF_0515,PH_2,Q_P,"Speed: N_4060, Temp: T_4050, Visc: V_0045, Quality: Q_P"
B2023-0274,1768239786.612141,24.57,34.69,0.2668,7.02,5.93,4.7,5.87,1,0,N_2040,T_3040,V_0045,WF_0515,PH_1,Q_P,"Speed: N_2040, Temp: T_3040, Visc: V_0045, Quality: Q_P"
B2023-0275,1768239846.612141,30.74,47.29,0.2617,12.85,4.62,8.7,4.09,2,0,N_2040,T_4050,V_0045,WF_0515,PH_2,Q_P,"Speed: N_2040, Temp: T_4050, Visc: V_0045, Quality: Q_P"
B2023-0276,1768239906.612141,29.61,14.07,0.4925,13.5,6.99,3.92,7.2,2,1,N_2040,T_1020,V_4550,WF_0515,PH_2,Q_F,"Speed: N_2040, Temp: T_1020, Visc: V_4550, Quality: Q_F"
B2023-0277,1768239966.612141,25.8,32.62,0.1988,8.79,2.47,7.03,5.2,1,0,N_2040,T_3040,V_0045,WF_0515,PH_1,Q_P,"Speed: N_2040, Temp: T_3040, Visc: V_0045, Quality: Q_P"
B2023-0278,1768240026.612141,25.43,23.79,0.1211,12.07,7.87,6.29,6.95,1,0,N_2040,T_2030,V_0045,WF_0515,PH_1,Q_P,"Speed: N_2040, Temp: T_2030, Visc: V_0045, Quality: Q_P"
B2023-0279,1768240086.612141,41.03,47.55,0.3785,9.29,5.95,5.67,7.1,2,0,N_4060,T_4050,V_0045,WF_0515,PH_2,Q_P,"Speed: N_4060, Temp: T_4050, Visc: V_0045, Quality: Q_P"
B2023-0280,1768240146.612141,74.5,54.71,0.3598,0.62,2.84,8.55,5.27,1,1,N_6080,T_5060,V_0045,WF_0005,PH_1,Q_F,"Speed: N_6080, Temp: T_5060, Visc: V_0045, Quality: Q_F"
B2023-0281,1768240206.612141,33.92,54.53,0.2849,13.65,2.49,3.32,7.65,2,0,N_2040,T_5060,V_0045,WF_0515,PH_2,Q_P,"Speed: N_2040, Temp: T_5060, Visc: V_0045, Quality: Q_P"
B2023-0282,1768240266.612141,30.44,26.05,0.137,6.78,5.83,7.22,6.3,1,0,N_2040,T_2030,V_0045,WF_0515,PH_1,Q_P,"Speed: N_2040, Temp: T_2030, Visc: V_0045, Quality: Q_P"
B2023-0283,1768240326.612141,25.75,37.23,0.1651,8.91,8.26,3.5,8.09,1,0,N_2040,T_3040,V_0045,WF_0515,PH_1,Q_P,"Speed: N_2040, Temp: T_3040, Visc: V_0045, Quality: Q_P"
B2023-0284,1768240386.612141,34.56,52.81,0.3796,13.58,8.32,7.69,4.37,2,0,N_2040,T_5060,V_0045,WF_0515,PH_2,Q_P,"Speed: N_2040, Temp: T_5060, Visc: V_0045, Quality: Q_P"
B2023-0285,1768240446.612141,45.05,43.09,0.3812,10.81,7.41,3.62,4.37,2,0,N_4060,T_4050,V_0045,WF_0515,PH_2,Q_P,"Speed: N_4060, Temp: T_4050, Visc: V_0045, Quality: Q_P"
B2023-0286,1768240506.612141,28.93,24.75,0.2559,6.36,3.12,7.51,5.89,1,0,N_2040,T_2030,V_0045,WF_0515,PH_1,Q_P,"Speed: N_2040, Temp: T_2030, Visc: V_0045, Quality: Q_P"
B2023-0287,1768240566.612141,37.74,49.64,0.2408,10.61,7.47,3.18,4.78,2,0,N_2040,T_4050,V_0045,WF_0515,PH_2,Q_P,"Speed: N_2040, Temp: T_4050, Visc: V_0045, Quality: Q_P"
B2023-0288,1768240626.612141,35.0,26.77,0.2857,5.28,3.03,4.66,5.31,1,0,N_2040,T_2030,V_0045,WF_0515,PH_1,Q_P,"Speed: N_2040, Temp: T_2030, Visc: V_0045, Quality: Q_P"
B2023-0289,1768240686.612141,17.27,9.04,0.49,4.94,5.58,6.36,8.91,1,1,N_0020,T_010,V_4550,WF_0005,PH_1,Q_F,"Speed: N_0020, Temp: T_010, Visc: V_4550, Quality: Q_F"
B2023-0290,1768240746.612141,34.33,28.01,0.1901,11.05,6.98,6.07,7.15,1,0,N_2040,T_2030,V_0045,WF_0515,PH_1,Q_P,"Speed: N_2040, Temp: T_2030, Visc: V_0045, Quality: Q_P"
B2023-0291,1768240806.612141,28.37,29.33,0.244,10.47,6.66,8.47,5.51,1,0,N_2040,T_2030,V_0045,WF_0515,PH_1,Q_P,"Speed: N_2040, Temp: T_2030, Visc: V_0045, Quality: Q_P"
B2023-0292,1768240866.612141,13.66,15.34,0.4878,10.47,2.32,4.0,6.48,1,1,N_0020,T_1020,V_4550,WF_0515,PH_1,Q_F,"Speed: N_0020, Temp: T_1020, Visc: V_4550, Quality: Q_F"
B2023-0293,1768240926.612141,21.27,28.69,0.2825,7.18,7.94,6.42,8.21,1,0,N_2040,T_2030,V_0045,WF_0515,PH_1,Q_P,"Speed: N_2040, Temp: T_2030, Visc: V_0045, Quality: Q_P"
B2023-0294,1768240986.612141,41.54,51.47,0.3464,11.3,7.84,3.09,4.09,2,0,N_4060,T_5060,V_0045,WF_0515,PH_2,Q_P,"Speed: N_4060, Temp: T_5060, Visc: V_0045, Quality: Q_P"
B2023-0295,1768241046.612141,73.71,50.3,0.1773,1.83,4.08,4.95,7.68,1,1,N_6080,T_5060,V_0045,WF_0005,PH_1,Q_F,"Speed: N_6080, Temp: T_5060, Visc: V_0045, Quality: Q_F"
B2023-0296,1768241106.612141,29.31,23.4,0.4915,2.35,8.97,5.6,4.29,1,1,N_2040,T_2030,V_4550,WF_0005,PH_1,Q_F,"Speed: N_2040, Temp: T_2030, Visc: V_4550, Quality: Q_F"
B2023-0297,1768241166.612141,33.05,42.2,0.3422,11.6,5.12,6.79,4.08,2,0,N_2040,T_4050,V_0045,WF_0515,PH_2,Q_P,"Speed: N_2040, Temp: T_4050, Visc: V_0045, Quality: Q_P"
B2023-0298,1768241226.612141,23.36,8.59,0.4644,3.45,7.52,3.31,8.33,2,1,N_2040,T_010,V_4550,WF_0005,PH_2,Q_F,"Speed: N_2040, Temp: T_010, Visc: V_4550, Quality: Q_F"
B2023-0299,1768241286.612141,40.34,44.57,0.2328,13.27,3.23,6.28,4.22,2,0,N_4060,T_4050,V_0045,WF_0515,PH_2,Q_P,"Speed: N_4060, Temp: T_4050, Visc: V_0045, Quality: Q_P"
B2023-0300,1768241346.612141,21.38,26.8,0.1106,6.49,8.13,6.09,5.47,1,0,N_2040,T_2030,V_0045,WF_0515,PH_1,Q_P,"Speed: N_2040, Temp: T_2030, Visc: V_0045, Quality: Q_P"
B2023-0301,1768241406.612141,21.55,37.83,0.1053,8.5,2.39,4.2,4.61,1,0,N_2040,T_3040,V_0045,WF_0515,PH_1,Q_P,"Speed: N_2040, Temp: T_3040, Visc: V_0045, Quality: Q_P"
B2023-0302,1768241466.612141,44.97,49.88,0.2746,13.04,8.07,7.37,4.68,2,0,N_4060,T_4050,V_0045,WF_0515,PH_2,Q_P,"Speed: N_4060, Temp: T_4050, Visc: V_0045, Quality: Q_P"
B2023-0303,1768241526.612141,70.73,50.91,0.1497,2.25,6.22,3.17,7.35,2,1,N_6080,T_5060,V_0045,WF_0005,PH_2,Q_F,"Speed: N_6080, Temp: T_5060, Visc: V_0045, Quality: Q_F"
B2023-0304,1768241586.612141,30.59,36.48,0.1687,11.09,4.53,6.83,6.58,1,0,N_2040,T_3040,V_0045,WF_0515,PH_1,Q_P,"Speed: N_2040, Temp: T_3040, Visc: V_0045, Quality: Q_P"
B2023-0305,1768241646.612141,27.74,20.54,0.1101,7.42,3.52,8.14,5.02,1,0,N_2040,T_2030,V_0045,WF_0515,PH_1,Q_P,"Speed: N_2040, Temp: T_2030, Visc: V_0045, Quality: Q_P"
B2023-0306,1768241706.612141,34.91,22.84,0.1212,8.05,3.41,6.78,8.04,1,0,N_2040,T_2030,V_0045,WF_0515,PH_1,Q_P,"Speed: N_2040, Temp: T_2030, Visc: V_0045, Quality: Q_P"
B2023-0307,1768241766.612141,48.26,46.78,0.3928,11.03,3.48,8.46,6.17,2,0,N_4060,T_4050,V_0045,WF_0515,PH_2,Q_P,"Speed: N_4060, Temp: T_4050, Visc: V_0045, Quality: Q_P"
B2023-0308,1768241826.612141,26.39,27.7,0.2774,13.91,8.24,5.2,8.32,1,0,N_2040,T_2030,V_0045,WF_0515,PH_1,Q_P,"Speed: N_2040, Temp: T_2030, Visc: V_0045, Quality: Q_P"
B2023-0309,1768241886.612141,47.1,43.44,0.2988,9.34,7.97,6.28,6.61,2,0,N_4060,T_4050,V_0045,WF_0515,PH_2,Q_P,"Speed: N_4060, Temp: T_4050, Visc: V_0045, Quality: Q_P"
B2023-0310,1768241946.612141,25.44,22.85,0.2962,8.64,7.91,3.74,4.14,1,0,N_2040,T_2030,V_0045,WF_0515,PH_1,Q_P,"Speed: N_2040, Temp: T_2030, Visc: V_0045, Quality: Q_P"
B2023-0311,1768242006.612141,23.79,26.16,0.1497,10.28,8.73,4.4,6.38,1,0,N_2040,T_2030,V_0045,WF_0515,PH_1,Q_P,"Speed: N_2040, Temp: T_2030, Visc: V_0045, Quality: Q_P"
B2023-0312,1768242066.612141,31.53,54.78,0.3614,9.39,7.18,5.03,7.52,2,0,N_2040,T_5060,V_0045,WF_0515,PH_2,Q_P,"Speed: N_2040, Temp: T_5060, Visc: V_0045, Quality: Q_P"
B2023-0313,1768242126.612141,17.91,24.07,0.4727,1.35,8.37,5.64,8.49,2,1,N_0020,T_2030,V_4550,WF_0005,PH_2,Q_F,"Speed: N_0020, Temp: T_2030, Visc: V_4550, Quality: Q_F"
B2023-0314,1768242186.612141,38.2,36.71,0.2772,5.39,7.41,8.39,6.5,1,0,N_2040,T_3040,V_0045,WF_0515,PH_1,Q_P,"Speed: N_2040, Temp: T_3040, Visc: V_0045, Quality: Q_P"
B2023-0315,1768242246.612141,49.04,51.9,0.2336,7.94,8.28,8.55,5.01,2,0,N_4060,T_5060,V_0045,WF_0515,PH_2,Q_P,"Speed: N_4060, Temp: T_5060, Visc: V_0045, Quality: Q_P"
B2023-0316,1768242306.612141,22.22,23.45,0.1273,5.74,6.96,5.74,4.12,1,0,N_2040,T_2030,V_0045,WF_0515,PH_1,Q_P,"Speed: N_2040, Temp: T_2030, Visc: V_0045, Quality: Q_P"
B2023-0317,1768242366.612141,48.94,53.17,0.3323,13.79,3.22,3.24,8.05,2,0,N_4060,T_5060,V_0045,WF_0515,PH_2,Q_P,"Speed: N_4060, Temp: T_5060, Visc: V_0045, Quality: Q_P"
B2023-0318,1768242426.612141,23.18,37.97,0.1503,8.64,8.65,5.82,6.06,1,0,N_2040,T_3040,V_0045,WF_0515,PH_1,Q_P,"Speed: N_2040, Temp: T_3040, Visc: V_0045, Quality: Q_P"
B2023-0319,1768242486.612141,26.24,25.34,0.1996,9.3,6.09,8.02,7.24,1,0,N_2040,T_2030,V_0045,WF_0515,PH_1,Q_P,"Speed: N_2040, Temp: T_2030, Visc: V_0045, Quality: Q_P"
B2023-0320,1768242546.612141,26.77,36.94,0.124,8.6,5.73,8.42,8.78,1,0,N_2040,T_3040,V_0045,WF_0515,PH_1,Q_P,"Speed: N_2040, Temp: T_3040, Visc: V_0045, Quality: Q_P"
B2023-0321,1768242606.612141,38.0,28.81,0.2695,6.33,7.89,3.35,5.12,1,0,N_2040,T_2030,V_0045,WF_0515,PH_1,Q_P,"Speed: N_2040, Temp: T_2030, Visc: V_0045, Quality: Q_P"
B2023-0322,1768242666.612141,78.05,51.29,0.1048,1.06,7.16,5.32,7.72,1,1,N_6080,T_5060,V_0045,WF_0005,PH_1,Q_F,"Speed: N_6080, Temp: T_5060, Visc: V_0045, Quality: Q_F"
B2023-0323,1768242726.612141,48.44,46.64,0.3874,5.7,2.7,6.8,4.05,2,0,N_4060,T_4050,V_0045,WF_0515,PH_2,Q_P,"Speed: N_4060, Temp: T_4050, Visc: V_0045, Quality: Q_P"
B2023-0324,1768242786.612141,69.41,52.69,0.1783,2.4,7.41,5.77,4.35,2,1,N_6080,T_5060,V_0045,WF_0005,PH_2,Q_F,"Speed: N_6080, Temp: T_5060, Visc: V_0045, Quality: Q_F"
B2023-0325,1768242846.612141,41.35,43.59,0.3977,9.32,7.92,4.22,7.18,2,0,N_4060,T_4050,V_0045,WF_0515,PH_2,Q_P,"Speed: N_4060, Temp: T_4050, Visc: V_0045, Quality: Q_P"
B2023-0326,1768242906.612141,68.81,51.61,0.2762,3.27,4.99,4.46,8.67,2,1,N_6080,T_5060,V_0045,WF_0005,PH_2,Q_F,"Speed: N_6080, Temp: T_5060, Visc: V_0045, Quality: Q_F"
B2023-0327,1768242966.612141,36.78,45.22,0.3812,11.49,4.0,3.86,8.91,2,0,N_2040,T_4050,V_0045,WF_0515,PH_2,Q_P,"Speed: N_2040, Temp: T_4050, Visc: V_0045, Quality: Q_P"
B2023-0328,1768243026.612141,34.01,36.29,0.2615,8.32,6.76,3.76,4.75,1,0,N_2040,T_3040,V_0045,WF_0515,PH_1,Q_P,"Speed: N_2040, Temp: T_3040, Visc: V_0045, Quality: Q_P"
B2023-0329,1768243086.612141,33.63,35.46,0.1339,6.56,8.78,8.0,4.95,1,0,N_2040,T_3040,V_0045,WF_0515,PH_1,Q_P,"Speed: N_2040, Temp: T_3040, Visc: V_0045, Quality: Q_P"
B2023-0330,1768243146.612141,47.37,48.89,0.2212,13.82,6.51,6.13,4.18,2,0,N_4060,T_4050,V_0045,WF_0515,PH_2,Q_P,"Speed: N_4060, Temp: T_4050, Visc: V_0045, Quality: Q_P"
B2023-0331,1768243206.612141,44.1,48.22,0.2415,10.51,7.73,6.28,7.75,2,0,N_4060,T_4050,V_0045,WF_0515,PH_2,Q_P,"Speed: N_4060, Temp: T_4050, Visc: V_0045, Quality: Q_P"
B2023-0332,1768243266.612141,69.05,36.09,0.121,3.56,7.86,4.13,8.72,2,1,N_6080,T_3040,V_0045,WF_0005,PH_2,Q_F,"Speed: N_6080, Temp: T_3040, Visc: V_0045, Quality: Q_F"
B2023-0333,1768243326.612141,38.44,51.69,0.2734,7.49,2.79,8.88,6.75,2,0,N_2040,T_5060,V_0045,WF_0515,PH_2,Q_P,"Speed: N_2040, Temp: T_5060, Visc: V_0045, Quality: Q_P"
B2023-0334,1768243386.612141,43.72,53.0,0.3522,8.43,5.56,4.88,7.13,2,0,N_4060,T_5060,V_0045,WF_0515,PH_2,Q_P,"Speed: N_4060, Temp: T_5060, Visc: V_0045, Quality: Q_P"
B2023-0335,1768243446.612141,49.16,40.86,0.2936,9.68,2.36,6.51,7.63,2,0,N_4060,T_4050,V_0045,WF_0515,PH_2,Q_P,"Speed: N_4060, Temp: T_4050, Visc: V_0045, Quality: Q_P"
B2023-0336,1768243506.612141,40.47,50.89,0.2672,11.9,6.55,8.34,6.76,2,0,N_4060,T_5060,V_0045,WF_0515,PH_2,Q_P,"Speed: N_4060, Temp: T_5060, Visc: V_0045, Quality: Q_P"
B2023-0337,1768243566.612141,22.36,20.34,0.1142,11.82,2.98,4.83,4.19,1,0,N_2040,T_2030,V_0045,WF_0515,PH_1,Q_P,"Speed: N_2040, Temp: T_2030, Visc: V_0045, Quality: Q_P"
B2023-0338,1768243626.612141,23.86,37.68,0.2112,7.77,3.62,6.62,6.78,1,0,N_2040,T_3040,V_0045,WF_0515,PH_1,Q_P,"Speed: N_2040, Temp: T_3040, Visc: V_0045, Quality: Q_P"
B2023-0339,1768243686.612141,33.73,48.6,0.2834,7.43,7.91,4.42,7.63,2,0,N_2040,T_4050,V_0045,WF_0515,PH_2,Q_P,"Speed: N_2040, Temp: T_4050, Visc: V_0045, Quality: Q_P"
B2023-0340,1768243746.612141,27.81,29.31,0.1246,7.87,3.51,5.02,4.09,1,0,N_2040,T_2030,V_0045,WF_0515,PH_1,Q_P,"Speed: N_2040, Temp: T_2030, Visc: V_0045, Quality: Q_P"
B2023-0341,1768243806.612141,30.52,22.46,0.1085,9.36,2.54,4.42,5.42,1,0,N_2040,T_2030,V_0045,WF_0515,PH_1,Q_P,"Speed: N_2040, Temp: T_2030, Visc: V_0045, Quality: Q_P"
B2023-0342,1768243866.612141,23.4,21.52,0.1084,13.6,3.07,3.02,7.91,1,0,N_2040,T_2030,V_0045,WF_0515,PH_1,Q_P,"Speed: N_2040, Temp: T_2030, Visc: V_0045, Quality: Q_P"
B2023-0343,1768243926.612141,40.0,34.14,0.1712,5.12,7.31,4.84,4.91,1,0,N_2040,T_3040,V_0045,WF_0515,PH_1,Q_P,"Speed: N_2040, Temp: T_3040, Visc: V_0045, Quality: Q_P"
B2023-0344,1768243986.612141,23.05,37.24,0.2983,12.03,5.57,6.93,5.52,1,0,N_2040,T_3040,V_0045,WF_0515,PH_1,Q_P,"Speed: N_2040, Temp: T_3040, Visc: V_0045, Quality: Q_P"
B2023-0345,1768244046.612141,69.01,41.59,0.3865,1.38,5.95,4.94,5.09,2,1,N_6080,T_4050,V_0045,WF_0005,PH_2,Q_F,"Speed: N_6080, Temp: T_4050, Visc: V_0045, Quality: Q_F"
B2023-0346,1768244106.612141,20.37,23.08,0.1768,7.83,5.1,5.44,4.98,1,0,N_2040,T_2030,V_0045,WF_0515,PH_1,Q_P,"Speed: N_2040, Temp: T_2030, Visc: V_0045, Quality: Q_P"
B2023-0347,1768244166.612141,38.84,43.9,0.248,6.37,5.72,6.58,7.25,2,0,N_2040,T_4050,V_0045,WF_0515,PH_2,Q_P,"Speed: N_2040, Temp: T_4050, Visc: V_0045, Quality: Q_P"
B2023-0348,1768244226.612141,31.63,46.7,0.2418,10.3,2.31,7.89,6.4,2,0,N_2040,T_4050,V_0045,WF_0515,PH_2,Q_P,"Speed: N_2040, Temp: T_4050, Visc: V_0045, Quality: Q_P"
B2023-0349,1768244286.612141,13.14,10.44,0.4879,4.06,5.24,3.06,5.18,2,1,N_0020,T_1020,V_4550,WF_0005,PH_2,Q_F,"Speed: N_0020, Temp: T_1020, Visc: V_4550, Quality: Q_F"
B2023-0350,1768244346.612141,46.17,43.16,0.2513,9.25,3.47,4.51,8.41,2,0,N_4060,T_4050,V_0045,WF_0515,PH_2,Q_P,"Speed: N_4060, Temp: T_4050, Visc: V_0045, Quality: Q_P"
B2023-0351,1768244406.612141,32.76,25.07,0.204,6.74,7.33,3.62,6.61,1,0,N_2040,T_2030,V_0045,WF_0515,PH_1,Q_P,"Speed: N_2040, Temp: T_2030, Visc: V_0045, Quality: Q_P"
B2023-0352,1768244466.612141,42.08,54.44,0.2255,12.68,8.75,3.73,8.56,2,0,N_4060,T_5060,V_0045,WF_0515,PH_2,Q_P,"Speed: N_4060, Temp: T_5060, Visc: V_0045, Quality: Q_P"
B2023-0353,1768244526.612141,49.18,54.94,0.3759,11.67,8.5,7.05,6.5,2,0,N_4060,T_5060,V_0045,WF_0515,PH_2,Q_P,"Speed: N_4060, Temp: T_5060, Visc: V_0045, Quality: Q_P"
B2023-0354,1768244586.612141,66.51,55.95,0.2409,2.96,7.87,5.65,7.04,1,1,N_6080,T_5060,V_0045,WF_0005,PH_1,Q_F,"Speed: N_6080, Temp: T_5060, Visc: V_0045, Quality: Q_F"
B2023-0355,1768244646.612141,30.22,53.01,0.2508,8.59,2.45,8.54,7.74,2,0,N_2040,T_5060,V_0045,WF_0515,PH_2,Q_P,"Speed: N_2040, Temp: T_5060, Visc: V_0045, Quality: Q_P"
B2023-0356,1768244706.612141,48.14,41.47,0.349,8.85,3.68,4.7,7.63,2,0,N_4060,T_4050,V_0045,WF_0515,PH_2,Q_P,"Speed: N_4060, Temp: T_4050, Visc: V_0045, Quality: Q_P"
B2023-0357,1768244766.612141,65.49,45.89,0.3159,3.4,5.89,7.84,4.65,1,1,N_6080,T_4050,V_0045,WF_0005,PH_1,Q_F,"Speed: N_6080, Temp: T_4050, Visc: V_0045, Quality: Q_F"
B2023-0358,1768244826.612141,23.49,33.76,0.2724,12.41,8.07,8.02,6.39,1,0,N_2040,T_3040,V_0045,WF_0515,PH_1,Q_P,"Speed: N_2040, Temp: T_3040, Visc: V_0045, Quality: Q_P"
B2023-0359,1768244886.612141,25.36,27.17,0.1515,12.69,6.28,5.24,8.71,1,0,N_2040,T_2030,V_0045,WF_0515,PH_1,Q_P,"Speed: N_2040, Temp: T_2030, Visc: V_0045, Quality: Q_P"
B2023-0360,1768244946.612141,25.16,27.63,0.1532,7.73,2.65,8.47,4.3,1,0,N_2040,T_2030,V_0045,WF_0515,PH_1,Q_P,"Speed: N_2040, Temp: T_2030, Visc: V_0045, Quality: Q_P"
B2023-0361,1768245006.612141,36.62,22.26,0.1593,11.56,7.27,6.32,4.87,1,0,N_2040,T_2030,V_0045,WF_0515,PH_1,Q_P,"Speed: N_2040, Temp: T_2030, Visc: V_0045, Quality: Q_P"
B2023-0362,1768245066.612141,43.51,49.23,0.2304,12.22,6.14,3.84,5.82,2,0,N_4060,T_4050,V_0045,WF_0515,PH_2,Q_P,"Speed: N_4060, Temp: T_4050, Visc: V_0045, Quality: Q_P"
B2023-0363,1768245126.612141,38.69,21.76,0.2471,6.39,3.38,8.05,6.62,1,0,N_2040,T_2030,V_0045,WF_0515,PH_1,Q_P,"Speed: N_2040, Temp: T_2030, Visc: V_0045, Quality: Q_P"
B2023-0364,1768245186.612141,23.42,12.56,0.4633,4.51,3.99,7.96,6.18,2,1,N_2040,T_1020,V_4550,WF_0005,PH_2,Q_F,"Speed: N_2040, Temp: T_1020, Visc: V_4550, Quality: Q_F"
B2023-0365,1768245246.612141,45.93,44.01,0.2481,7.12,4.99,8.35,8.77,2,0,N_4060,T_4050,V_0045,WF_0515,PH_2,Q_P,"Speed: N_4060, Temp: T_4050, Visc: V_0045, Quality: Q_P"
B2023-0366,1768245306.612141,35.48,54.25,0.2098,5.79,8.86,6.1,5.23,2,0,N_2040,T_5060,V_0045,WF_0515,PH_2,Q_P,"Speed: N_2040, Temp: T_5060, Visc: V_0045, Quality: Q_P"
B2023-0367,1768245366.612141,30.74,20.81,0.2653,13.71,5.27,7.84,4.31,1,0,N_2040,T_2030,V_0045,WF_0515,PH_1,Q_P,"Speed: N_2040, Temp: T_2030, Visc: V_0045, Quality: Q_P"
B2023-0368,1768245426.612141,30.08,41.99,0.3678,5.89,8.26,7.53,5.73,2,0,N_2040,T_4050,V_0045,WF_0515,PH_2,Q_P,"Speed: N_2040, Temp: T_4050, Visc: V_0045, Quality: Q_P"
B2023-0369,1768245486.612141,44.49,48.01,0.2695,10.45,3.05,7.32,4.64,2,0,N_4060,T_4050,V_0045,WF_0515,PH_2,Q_P,"Speed: N_4060, Temp: T_4050, Visc: V_0045, Quality: Q_P"
B2023-0370,1768245546.612141,69.94,30.98,0.3843,3.84,2.73,7.96,7.04,1,1,N_6080,T_3040,V_0045,WF_0005,PH_1,Q_F,"Speed: N_6080, Temp: T_3040, Visc: V_0045, Quality: Q_F"
B2023-0371,1768245606.612141,30.92,47.09,0.2181,10.0,2.2,8.86,7.72,2,0,N_2040,T_4050,V_0045,WF_0515,PH_2,Q_P,"Speed: N_2040, Temp: T_4050, Visc: V_0045, Quality: Q_P"
B2023-0372,1768245666.612141,24.17,22.36,0.2543,9.5,6.06,6.75,8.87,1,0,N_2040,T_2030,V_0045,WF_0515,PH_1,Q_P,"Speed: N_2040, Temp: T_2030, Visc: V_0045, Quality: Q_P"
B2023-0373,1768245726.612141,76.97,33.37,0.1032,1.71,2.82,5.81,7.26,2,1,N_6080,T_3040,V_0045,WF_0005,PH_2,Q_F,"Speed: N_6080, Temp: T_3040, Visc: V_0045, Quality: Q_F"
B2023-0374,1768245786.612141,47.96,51.05,0.3118,6.21,5.86,4.75,6.55,2,0,N_4060,T_5060,V_0045,WF_0515,PH_2,Q_P,"Speed: N_4060, Temp: T_5060, Visc: V_0045, Quality: Q_P"
B2023-0375,1768245846.612141,43.32,42.14,0.2394,12.66,8.2,5.47,7.44,2,0,N_4060,T_4050,V_0045,WF_0515,PH_2,Q_P,"Speed: N_4060, Temp: T_4050, Visc: V_0045, Quality: Q_P"
B2023-0376,1768245906.612141,28.91,26.05,0.1585,12.35,8.94,4.79,4.2,1,0,N_2040,T_2030,V_0045,WF_0515,PH_1,Q_P,"Speed: N_2040, Temp: T_2030, Visc: V_0045, Quality: Q_P"
B2023-0377,1768245966.612141,43.24,54.17,0.2709,5.39,4.25,8.81,5.04,2,0,N_4060,T_5060,V_0045,WF_0515,PH_2,Q_P,"Speed: N_4060, Temp: T_5060, Visc: V_0045, Quality: Q_P"
B2023-0378,1768246026.612141,36.32,39.57,0.1967,5.2,3.63,5.57,7.09,1,0,N_2040,T_3040,V_0045,WF_0515,PH_1,Q_P,"Speed: N_2040, Temp: T_3040, Visc: V_0045, Quality: Q_P"
B2023-0379,1768246086.612141,26.65,34.9,0.2222,6.93,8.51,3.17,5.18,1,0,N_2040,T_3040,V_0045,WF_0515,PH_1,Q_P,"Speed: N_2040, Temp: T_3040, Visc: V_0045, Quality: Q_P"
B2023-0380,1768246146.612141,29.94,24.43,0.2725,9.32,6.54,4.79,7.45,1,0,N_2040,T_2030,V_0045,WF_0515,PH_1,Q_P,"Speed: N_2040, Temp: T_2030, Visc: V_0045, Quality: Q_P"
B2023-0381,1768246206.612141,36.2,28.53,0.1945,13.78,8.78,8.63,7.83,1,0,N_2040,T_2030,V_0045,WF_0515,PH_1,Q_P,"Speed: N_2040, Temp: T_2030, Visc: V_0045, Quality: Q_P"
B2023-0382,1768246266.612141,75.49,56.45,0.1408,3.48,5.55,4.62,5.79,2,1,N_6080,T_5060,V_0045,WF_0005,PH_2,Q_F,"Speed: N_6080, Temp: T_5060, Visc: V_0045, Quality: Q_F"
B2023-0383,1768246326.612141,32.05,33.33,0.1723,5.92,7.02,6.68,8.02,1,0,N_2040,T_3040,V_0045,WF_0515,PH_1,Q_P,"Speed: N_2040, Temp: T_3040, Visc: V_0045, Quality: Q_P"
B2023-0384,1768246386.612141,33.5,25.29,0.1345,8.6,7.94,6.49,6.09,1,0,N_2040,T_2030,V_0045,WF_0515,PH_1,Q_P,"Speed: N_2040, Temp: T_2030, Visc: V_0045, Quality: Q_P"
B2023-0385,1768246446.612141,73.57,30.03,0.1521,3.83,5.55,6.06,6.04,1,1,N_6080,T_3040,V_0045,WF_0005,PH_1,Q_F,"Speed: N_6080, Temp: T_3040, Visc: V_0045, Quality: Q_F"
B2023-0386,1768246506.612141,69.19,36.94,0.1171,3.1,5.33,8.33,6.99,2,1,N_6080,T_3040,V_0045,WF_0005,PH_2,Q_F,"Speed: N_6080, Temp: T_3040, Visc: V_0045, Quality: Q_F"
B2023-0387,1768246566.612141,27.8,35.13,0.168,11.42,7.79,8.36,8.51,1,0,N_2040,T_3040,V_0045,WF_0515,PH_1,Q_P,"Speed: N_2040, Temp: T_3040, Visc: V_0045, Quality: Q_P"
B2023-0388,1768246626.612141,39.94,44.7,0.3651,10.32,5.73,6.49,6.59,2,0,N_2040,T_4050,V_0045,WF_0515,PH_2,Q_P,"Speed: N_2040, Temp: T_4050, Visc: V_0045, Quality: Q_P"
B2023-0389,1768246686.612141,22.58,31.52,0.1236,9.68,3.36,5.4,8.51,1,0,N_2040,T_3040,V_0045,WF_0515,PH_1,Q_P,"Speed: N_2040, Temp: T_3040, Visc: V_0045, Quality: Q_P"
B2023-0390,1768246746.612141,38.68,41.12,0.2488,12.23,4.59,7.4,6.55,2,0,N_2040,T_4050,V_0045,WF_0515,PH_2,Q_P,"Speed: N_2040, Temp: T_4050, Visc: V_0045, Quality: Q_P"
B2023-0391,1768246806.612141,40.43,48.57,0.2031,10.62,4.53,3.1,8.82,2,0,N_4060,T_4050,V_0045,WF_0515,PH_2,Q_P,"Speed: N_4060, Temp: T_4050, Visc: V_0045, Quality: Q_P"
B2023-0392,1768246866.612141,33.89,50.68,0.3804,13.22,3.01,6.99,5.13,2,0,N_2040,T_5060,V_0045,WF_0515,PH_2,Q_P,"Speed: N_2040, Temp: T_5060, Visc: V_0045, Quality: Q_P"
B2023-0393,1768246926.612141,33.1,22.87,0.2234,5.36,6.92,6.04,6.6,1,0,N_2040,T_2030,V_0045,WF_0515,PH_1,Q_P,"Speed: N_2040, Temp: T_2030, Visc: V_0045, Quality: Q_P"
B2023-0394,1768246986.612141,37.79,49.23,0.236,6.78,3.98,4.78,4.08,2,0,N_2040,T_4050,V_0045,WF_0515,PH_2,Q_P,"Speed: N_2040, Temp: T_4050, Visc: V_0045, Quality: Q_P"
B2023-0395,1768247046.612141,21.03,39.63,0.256,5.94,8.27,5.58,6.11,1,0,N_2040,T_3040,V_0045,WF_0515,PH_1,Q_P,"Speed: N_2040, Temp: T_3040, Visc: V_0045, Quality: Q_P"
B2023-0396,1768247106.612141,29.44,6.38,0.489,1.98,2.7,5.51,4.99,2,1,N_2040,T_010,V_4550,WF_0005,PH_2,Q_F,"Speed: N_2040, Temp: T_010, Visc: V_4550, Quality: Q_F"
B2023-0397,1768247166.612141,31.92,50.78,0.2375,13.0,6.89,4.01,6.93,2,0,N_2040,T_5060,V_0045,WF_0515,PH_2,Q_P,"Speed: N_2040, Temp: T_5060, Visc: V_0045, Quality: Q_P"
B2023-0398,1768247226.612141,47.39,53.74,0.2214,7.91,2.94,4.14,6.05,2,0,N_4060,T_5060,V_0045,WF_0515,PH_2,Q_P,"Speed: N_4060, Temp: T_5060, Visc: V_0045, Quality: Q_P"
B2023-0399,1768247286.612141,37.53,26.6,0.2541,9.84,8.33,7.59,6.88,1,0,N_2040,T_2030,V_0045,WF_0515,PH_1,Q_P,"Speed: N_2040, Temp: T_2030, Visc: V_0045, Quality: Q_P"
B2023-0400,1768247346.612141,17.03,6.09,0.4655,13.6,2.69,6.76,6.0,1,1,N_0020,T_010,V_4550,WF_0515,PH_1,Q_F,"Speed: N_0020, Temp: T_010, Visc: V_4550, Quality: Q_F"
B2023-0401,1768247406.612141,22.99,35.74,0.294,9.55,4.28,3.29,8.47,1,0,N_2040,T_3040,V_0045,WF_0515,PH_1,Q_P,"Speed: N_2040, Temp: T_3040, Visc: V_0045, Quality: Q_P"
B2023-0402,1768247466.612141,35.09,44.19,0.3764,5.24,7.5,3.75,4.56,2,0,N_2040,T_4050,V_0045,WF_0515,PH_2,Q_P,"Speed: N_2040, Temp: T_4050, Visc: V_0045, Quality: Q_P"
B2023-0403,1768247526.612141,34.27,28.59,0.1984,9.82,9.0,4.84,7.66,1,0,N_2040,T_2030,V_0045,WF_0515,PH_1,Q_P,"Speed: N_2040, Temp: T_2030, Visc: V_0045, Quality: Q_P"
B2023-0404,1768247586.612141,73.17,58.32,0.3711,0.52,3.87,5.57,8.09,2,1,N_6080,T_5060,V_0045,WF_0005,PH_2,Q_F,"Speed: N_6080, Temp: T_5060, Visc: V_0045, Quality: Q_F"
B2023-0405,1768247646.612141,41.22,50.71,0.3688,13.98,2.13,4.51,6.03,2,0,N_4060,T_5060,V_0045,WF_0515,PH_2,Q_P,"Speed: N_4060, Temp: T_5060, Visc: V_0045, Quality: Q_P"
B2023-0406,1768247706.612141,24.31,20.74,0.2239,10.86,5.94,3.72,6.41,1,0,N_2040,T_2030,V_0045,WF_0515,PH_1,Q_P,"Speed: N_2040, Temp: T_2030, Visc: V_0045, Quality: Q_P"
B2023-0407,1768247766.612141,30.43,52.42,0.3138,9.84,8.41,7.57,8.98,2,0,N_2040,T_5060,V_0045,WF_0515,PH_2,Q_P,"Speed: N_2040, Temp: T_5060, Visc: V_0045, Quality: Q_P"
B2023-0408,1768247826.612141,31.92,38.2,0.1042,5.21,3.89,7.27,7.82,1,0,N_2040,T_3040,V_0045,WF_0515,PH_1,Q_P,"Speed: N_2040, Temp: T_3040, Visc: V_0045, Quality: Q_P"
B2023-0409,1768247886.612141,21.9,39.36,0.2847,10.22,7.92,7.13,5.57,1,0,N_2040,T_3040,V_0045,WF_0515,PH_1,Q_P,"Speed: N_2040, Temp: T_3040, Visc: V_0045, Quality: Q_P"
B2023-0410,1768247946.612141,23.75,39.61,0.2767,12.81,2.03,3.59,5.1,1,0,N_2040,T_3040,V_0045,WF_0515,PH_1,Q_P,"Speed: N_2040, Temp: T_3040, Visc: V_0045, Quality: Q_P"
B2023-0411,1768248006.612141,42.59,54.79,0.2216,11.22,7.76,3.33,7.57,2,0,N_4060,T_5060,V_0045,WF_0515,PH_2,Q_P,"Speed: N_4060, Temp: T_5060, Visc: V_0045, Quality: Q_P"
B2023-0412,1768248066.612141,34.6,33.9,0.2322,11.16,6.06,3.72,7.56,1,0,N_2040,T_3040,V_0045,WF_0515,PH_1,Q_P,"Speed: N_2040, Temp: T_3040, Visc: V_0045, Quality: Q_P"
B2023-0413,1768248126.612141,38.3,34.25,0.1117,6.52,6.27,3.54,6.42,1,0,N_2040,T_3040,V_0045,WF_0515,PH_1,Q_P,"Speed: N_2040, Temp: T_3040, Visc: V_0045, Quality: Q_P"
B2023-0414,1768248186.612141,34.86,48.98,0.2915,6.82,8.35,6.43,5.93,2,0,N_2040,T_4050,V_0045,WF_0515,PH_2,Q_P,"Speed: N_2040, Temp: T_4050, Visc: V_0045, Quality: Q_P"
B2023-0415,1768248246.612141,26.58,30.22,0.1072,6.35,4.43,4.9,4.85,1,0,N_2040,T_3040,V_0045,WF_0515,PH_1,Q_P,"Speed: N_2040, Temp: T_3040, Visc: V_0045, Quality: Q_P"
B2023-0416,1768248306.612141,11.57,22.56,0.4918,12.56,5.65,5.74,8.03,1,1,N_0020,T_2030,V_4550,WF_0515,PH_1,Q_F,"Speed: N_0020, Temp: T_2030, Visc: V_4550, Quality: Q_F"
B2023-0417,1768248366.612141,36.6,29.86,0.2781,13.95,3.85,6.41,7.24,1,0,N_2040,T_2030,V_0045,WF_0515,PH_1,Q_P,"Speed: N_2040, Temp: T_2030, Visc: V_0045, Quality: Q_P"
B2023-0418,1768248426.612141,31.51,50.9,0.3156,13.92,7.13,6.3,8.37,2,0,N_2040,T_5060,V_0045,WF_0515,PH_2,Q_P,"Speed: N_2040, Temp: T_5060, Visc: V_0045, Quality: Q_P"
B2023-0419,1768248486.612141,38.96,31.25,0.2572,8.31,2.82,7.87,6.82,1,0,N_2040,T_3040,V_0045,WF_0515,PH_1,Q_P,"Speed: N_2040, Temp: T_3040, Visc: V_0045, Quality: Q_P"
B2023-0420,1768248546.612141,66.05,49.88,0.2185,3.28,6.66,4.0,7.79,2,1,N_6080,T_4050,V_0045,WF_0005,PH_2,Q_F,"Speed: N_6080, Temp: T_4050, Visc: V_0045, Quality: Q_F"
B2023-0421,1768248606.612141,77.14,43.76,0.1137,2.51,2.61,3.68,8.82,2,1,N_6080,T_4050,V_0045,WF_0005,PH_2,Q_F,"Speed: N_6080, Temp: T_4050, Visc: V_0045, Quality: Q_F"
B2023-0422,1768248666.612141,38.98,35.25,0.1389,7.92,8.42,6.03,7.42,1,0,N_2040,T_3040,V_0045,WF_0515,PH_1,Q_P,"Speed: N_2040, Temp: T_3040, Visc: V_0045, Quality: Q_P"
B2023-0423,1768248726.612141,18.98,10.55,0.4857,13.78,6.2,5.97,7.78,1,1,N_0020,T_1020,V_4550,WF_0515,PH_1,Q_F,"Speed: N_0020, Temp: T_1020, Visc: V_4550, Quality: Q_F"
B2023-0424,1768248786.612141,34.3,48.52,0.2304,7.07,3.29,6.35,8.29,2,0,N_2040,T_4050,V_0045,WF_0515,PH_2,Q_P,"Speed: N_2040, Temp: T_4050, Visc: V_0045, Quality: Q_P"
B2023-0425,1768248846.612141,39.25,50.5,0.2951,11.33,5.52,8.28,8.0,2,0,N_2040,T_5060,V_0045,WF_0515,PH_2,Q_P,"Speed: N_2040, Temp: T_5060, Visc: V_0045, Quality: Q_P"
B2023-0426,1768248906.612141,29.41,33.46,0.1395,9.31,2.12,7.8,7.97,1,0,N_2040,T_3040,V_0045,WF_0515,PH_1,Q_P,"Speed: N_2040, Temp: T_3040, Visc: V_0045, Quality: Q_P"
B2023-0427,1768248966.612141,70.18,44.88,0.1078,1.6,5.48,7.5,6.1,2,1,N_6080,T_4050,V_0045,WF_0005,PH_2,Q_F,"Speed: N_6080, Temp: T_4050, Visc: V_0045, Quality: Q_F"
B2023-0428,1768249026.612141,32.18,43.69,0.2113,13.09,2.8,4.22,6.78,2,0,N_2040,T_4050,V_0045,WF_0515,PH_2,Q_P,"Speed: N_2040, Temp: T_4050, Visc: V_0045, Quality: Q_P"
B2023-0429,1768249086.612141,68.99,41.04,0.1273,4.82,5.66,6.4,5.89,1,1,N_6080,T_4050,V_0045,WF_0005,PH_1,Q_F,"Speed: N_6080, Temp: T_4050, Visc: V_0045, Quality: Q_F"
B2023-0430,1768249146.612141,68.84,31.31,0.3811,0.5,5.71,3.96,4.45,1,1,N_6080,T_3040,V_0045,WF_0005,PH_1,Q_F,"Speed: N_6080, Temp: T_3040, Visc: V_0045, Quality: Q_F"
B2023-0431,1768249206.612141,49.3,49.21,0.2388,8.97,5.42,4.61,5.62,2,0,N_4060,T_4050,V_0045,WF_0515,PH_2,Q_P,"Speed: N_4060, Temp: T_4050, Visc: V_0045, Quality: Q_P"
B2023-0432,1768249266.612141,29.79,23.17,0.4704,7.6,8.81,8.72,5.22,2,1,N_2040,T_2030,V_4550,WF_0515,PH_2,Q_F,"Speed: N_2040, Temp: T_2030, Visc: V_4550, Quality: Q_F"
B2023-0433,1768249326.612141,18.93,15.95,0.4782,1.36,4.14,3.54,4.01,1,1,N_0020,T_1020,V_4550,WF_0005,PH_1,Q_F,"Speed: N_0020, Temp: T_1020, Visc: V_4550, Quality: Q_F"
B2023-0434,1768249386.612141,39.42,34.78,0.2205,7.66,4.34,5.91,5.42,1,0,N_2040,T_3040,V_0045,WF_0515,PH_1,Q_P,"Speed: N_2040, Temp: T_3040, Visc: V_0045, Quality: Q_P"
B2023-0435,1768249446.612141,20.31,33.72,0.208,10.09,4.06,4.14,4.2,1,0,N_2040,T_3040,V_0045,WF_0515,PH_1,Q_P,"Speed: N_2040, Temp: T_3040, Visc: V_0045, Quality: Q_P"
B2023-0436,1768249506.612141,33.48,41.59,0.3852,9.7,8.92,8.82,5.16,2,0,N_2040,T_4050,V_0045,WF_0515,PH_2,Q_P,"Speed: N_2040, Temp: T_4050, Visc: V_0045, Quality: Q_P"
B2023-0437,1768249566.612141,31.9,23.13,0.1596,9.4,8.11,5.3,4.91,1,0,N_2040,T_2030,V_0045,WF_0515,PH_1,Q_P,"Speed: N_2040, Temp: T_2030, Visc: V_0045, Quality: Q_P"
B2023-0438,1768249626.612141,75.54,31.19,0.1272,1.21,7.35,6.07,4.49,2,1,N_6080,T_3040,V_0045,WF_0005,PH_2,Q_F,"Speed: N_6080, Temp: T_3040, Visc: V_0045, Quality: Q_F"
B2023-0439,1768249686.612141,43.81,50.34,0.3921,5.63,3.37,3.6,5.39,2,0,N_4060,T_5060,V_0045,WF_0515,PH_2,Q_P,"Speed: N_4060, Temp: T_5060, Visc: V_0045, Quality: Q_P"
B2023-0440,1768249746.612141,23.06,7.37,0.4747,13.09,7.56,4.11,5.33,2,1,N_2040,T_010,V_4550,WF_0515,PH_2,Q_F,"Speed: N_2040, Temp: T_010, Visc: V_4550, Quality: Q_F"
B2023-0441,1768249806.612141,46.24,49.68,0.3084,5.81,4.08,6.94,7.02,2,0,N_4060,T_4050,V_0045,WF_0515,PH_2,Q_P,"Speed: N_4060, Temp: T_4050, Visc: V_0045, Quality: Q_P"
B2023-0442,1768249866.612141,38.04,38.3,0.2844,10.07,5.88,8.55,4.07,1,0,N_2040,T_3040,V_0045,WF_0515,PH_1,Q_P,"Speed: N_2040, Temp: T_3040, Visc: V_0045, Quality: Q_P"
B2023-0443,1768249926.612141,49.76,44.07,0.2855,5.83,7.77,8.59,7.67,2,0,N_4060,T_4050,V_0045,WF_0515,PH_2,Q_P,"Speed: N_4060, Temp: T_4050, Visc: V_0045, Quality: Q_P"
B2023-0444,1768249986.612141,78.76,34.84,0.1872,1.91,2.42,4.74,5.35,1,1,N_6080,T_3040,V_0045,WF_0005,PH_1,Q_F,"Speed: N_6080, Temp: T_3040, Visc: V_0045, Quality: Q_F"
B2023-0445,1768250046.612141,39.56,51.78,0.2345,10.14,8.52,5.44,7.05,2,0,N_2040,T_5060,V_0045,WF_0515,PH_2,Q_P,"Speed: N_2040, Temp: T_5060, Visc: V_0045, Quality: Q_P"
B2023-0446,1768250106.612141,31.98,36.09,0.1591,13.41,6.74,6.96,6.82,1,0,N_2040,T_3040,V_0045,WF_0515,PH_1,Q_P,"Speed: N_2040, Temp: T_3040, Visc: V_0045, Quality: Q_P"
B2023-0447,1768250166.612141,12.04,7.91,0.4718,8.24,7.0,6.71,7.65,1,1,N_0020,T_010,V_4550,WF_0515,PH_1,Q_F,"Speed: N_0020, Temp: T_010, Visc: V_4550, Quality: Q_F"
B2023-0448,1768250226.612141,30.93,31.63,0.2677,13.81,8.21,3.18,8.73,1,0,N_2040,T_3040,V_0045,WF_0515,PH_1,Q_P,"Speed: N_2040, Temp: T_3040, Visc: V_0045, Quality: Q_P"
B2023-0449,1768250286.612141,33.92,38.59,0.2338,8.11,7.87,4.84,4.5,1,0,N_2040,T_3040,V_0045,WF_0515,PH_1,Q_P,"Speed: N_2040, Temp: T_3040, Visc: V_0045, Quality: Q_P"
B2023-0450,1768250346.612141,71.95,35.18,0.1314,3.98,5.7,5.01,4.93,1,1,N_6080,T_3040,V_0045,WF_0005,PH_1,Q_F,"Speed: N_6080, Temp: T_3040, Visc: V_0045, Quality: Q_F"
B2023-0451,1768250406.612141,21.67,32.48,0.2901,11.38,3.71,6.41,6.91,1,0,N_2040,T_3040,V_0045,WF_0515,PH_1,Q_P,"Speed: N_2040, Temp: T_3040, Visc: V_0045, Quality: Q_P"
B2023-0452,1768250466.612141,28.84,18.77,0.4968,6.16,6.61,5.03,8.18,1,1,N_2040,T_1020,V_4550,WF_0515,PH_1,Q_F,"Speed: N_2040, Temp: T_1020, Visc: V_4550, Quality: Q_F"
B2023-0453,1768250526.612141,42.26,41.8,0.2299,6.97,8.43,8.88,4.76,2,0,N_4060,T_4050,V_0045,WF_0515,PH_2,Q_P,"Speed: N_4060, Temp: T_4050, Visc: V_0045, Quality: Q_P"
B2023-0454,1768250586.612141,24.12,31.52,0.2773,13.05,6.55,8.58,6.09,1,0,N_2040,T_3040,V_0045,WF_0515,PH_1,Q_P,"Speed: N_2040, Temp: T_3040, Visc: V_0045, Quality: Q_P"
B2023-0455,1768250646.612141,27.53,33.78,0.2877,13.44,7.17,3.85,4.17,1,0,N_2040,T_3040,V_0045,WF_0515,PH_1,Q_P,"Speed: N_2040, Temp: T_3040, Visc: V_0045, Quality: Q_P"
B2023-0456,1768250706.612141,40.49,54.17,0.3713,12.2,2.56,8.93,4.73,2,0,N_4060,T_5060,V_0045,WF_0515,PH_2,Q_P,"Speed: N_4060, Temp: T_5060, Visc: V_0045, Quality: Q_P"
B2023-0457,1768250766.612141,38.47,38.55,0.2928,12.67,3.0,6.7,5.05,1,0,N_2040,T_3040,V_0045,WF_0515,PH_1,Q_P,"Speed: N_2040, Temp: T_3040, Visc: V_0045, Quality: Q_P"
B2023-0458,1768250826.612141,28.92,26.54,0.2294,10.36,6.65,3.46,5.02,1,0,N_2040,T_2030,V_0045,WF_0515,PH_1,Q_P,"Speed: N_2040, Temp: T_2030, Visc: V_0045, Quality: Q_P"
B2023-0459,1768250886.612141,37.61,32.91,0.1528,11.9,2.11,3.06,6.96,1,0,N_2040,T_3040,V_0045,WF_0515,PH_1,Q_P,"Speed: N_2040, Temp: T_3040, Visc: V_0045, Quality: Q_P"
B2023-0460,1768250946.612141,48.48,45.19,0.2023,12.04,3.06,6.46,8.02,2,0,N_4060,T_4050,V_0045,WF_0515,PH_2,Q_P,"Speed: N_4060, Temp: T_4050, Visc: V_0045, Quality: Q_P"
B2023-0461,1768251006.612141,38.63,24.6,0.2283,10.85,5.84,5.53,8.03,1,0,N_2040,T_2030,V_0045,WF_0515,PH_1,Q_P,"Speed: N_2040, Temp: T_2030, Visc: V_0045, Quality: Q_P"
B2023-0462,1768251066.612141,20.42,30.35,0.1297,8.2,5.08,8.44,6.75,1,0,N_2040,T_3040,V_0045,WF_0515,PH_1,Q_P,"Speed: N_2040, Temp: T_3040, Visc: V_0045, Quality: Q_P"
B2023-0463,1768251126.612141,39.78,30.66,0.2449,10.3,4.12,6.93,6.34,1,0,N_2040,T_3040,V_0045,WF_0515,PH_1,Q_P,"Speed: N_2040, Temp: T_3040, Visc: V_0045, Quality: Q_P"
B2023-0464,1768251186.612141,46.68,52.46,0.2303,6.14,7.73,6.6,5.02,2,0,N_4060,T_5060,V_0045,WF_0515,PH_2,Q_P,"Speed: N_4060, Temp: T_5060, Visc: V_0045, Quality: Q_P"
B2023-0465,1768251246.612141,30.98,40.4,0.3251,13.22,4.53,4.74,5.87,2,0,N_2040,T_4050,V_0045,WF_0515,PH_2,Q_P,"Speed: N_2040, Temp: T_4050, Visc: V_0045, Quality: Q_P"
B2023-0466,1768251306.612141,37.41,49.74,0.3167,13.58,7.99,4.88,7.43,2,0,N_2040,T_4050,V_0045,WF_0515,PH_2,Q_P,"Speed: N_2040, Temp: T_4050, Visc: V_0045, Quality: Q_P"
B2023-0467,1768251366.612141,43.21,54.06,0.3161,10.99,2.23,5.7,6.02,2,0,N_4060,T_5060,V_0045,WF_0515,PH_2,Q_P,"Speed: N_4060, Temp: T_5060, Visc: V_0045, Quality: Q_P"
B2023-0468,1768251426.612141,48.92,47.21,0.2476,13.55,2.46,8.87,8.59,2,0,N_4060,T_4050,V_0045,WF_0515,PH_2,Q_P,"Speed: N_4060, Temp: T_4050, Visc: V_0045, Quality: Q_P"
B2023-0469,1768251486.612141,17.06,22.9,0.4922,9.53,3.59,3.3,8.56,1,1,N_0020,T_2030,V_4550,WF_0515,PH_1,Q_F,"Speed: N_0020, Temp: T_2030, Visc: V_4550, Quality: Q_F"
B2023-0470,1768251546.612141,22.89,38.15,0.2586,10.19,6.28,8.63,4.34,1,0,N_2040,T_3040,V_0045,WF_0515,PH_1,Q_P,"Speed: N_2040, Temp: T_3040, Visc: V_0045, Quality: Q_P"
B2023-0471,1768251606.612141,68.19,52.32,0.2562,0.74,7.09,5.14,6.66,2,1,N_6080,T_5060,V_0045,WF_0005,PH_2,Q_F,"Speed: N_6080, Temp: T_5060, Visc: V_0045, Quality: Q_F"
B2023-0472,1768251666.612141,46.9,51.69,0.2212,13.14,3.17,6.6,6.86,2,0,N_4060,T_5060,V_0045,WF_0515,PH_2,Q_P,"Speed: N_4060, Temp: T_5060, Visc: V_0045, Quality: Q_P"
B2023-0473,1768251726.612141,77.14,32.49,0.2827,2.54,3.16,7.45,4.93,2,1,N_6080,T_3040,V_0045,WF_0005,PH_2,Q_F,"Speed: N_6080, Temp: T_3040, Visc: V_0045, Quality: Q_F"
B2023-0474,1768251786.612141,23.41,25.22,0.1556,6.98,4.06,4.33,5.46,1,0,N_2040,T_2030,V_0045,WF_0515,PH_1,Q_P,"Speed: N_2040, Temp: T_2030, Visc: V_0045, Quality: Q_P"
B2023-0475,1768251846.612141,32.75,25.24,0.1507,9.06,7.33,5.5,6.74,1,0,N_2040,T_2030,V_0045,WF_0515,PH_1,Q_P,"Speed: N_2040, Temp: T_2030, Visc: V_0045, Quality: Q_P"
B2023-0476,1768251906.612141,21.56,26.25,0.2469,10.62,3.89,7.88,4.93,1,0,N_2040,T_2030,V_0045,WF_0515,PH_1,Q_P,"Speed: N_2040, Temp: T_2030, Visc: V_0045, Quality: Q_P"
B2023-0477,1768251966.612141,34.23,42.97,0.3534,6.4,2.79,6.74,7.12,2,0,N_2040,T_4050,V_0045,WF_0515,PH_2,Q_P,"Speed: N_2040, Temp: T_4050, Visc: V_0045, Quality: Q_P"
B2023-0478,1768252026.612141,34.49,43.79,0.3416,6.35,5.18,3.71,5.86,2,0,N_2040,T_4050,V_0045,WF_0515,PH_2,Q_P,"Speed: N_2040, Temp: T_4050, Visc: V_0045, Quality: Q_P"
B2023-0479,1768252086.612141,33.69,52.47,0.2276,13.15,5.83,6.45,6.34,2,0,N_2040,T_5060,V_0045,WF_0515,PH_2,Q_P,"Speed: N_2040, Temp: T_5060, Visc: V_0045, Quality: Q_P"
B2023-0480,1768252146.612141,42.74,54.01,0.2651,11.01,8.56,4.53,6.33,2,0,N_4060,T_5060,V_0045,WF_0515,PH_2,Q_P,"Speed: N_4060, Temp: T_5060, Visc: V_0045, Quality: Q_P"
B2023-0481,1768252206.612141,11.11,7.55,0.472,10.17,8.21,7.38,5.69,1,1,N_0020,T_010,V_4550,WF_0515,PH_1,Q_F,"Speed: N_0020, Temp: T_010, Visc: V_4550, Quality: Q_F"
B2023-0482,1768252266.612141,21.79,18.52,0.4695,8.93,8.61,5.0,5.99,1,1,N_2040,T_1020,V_4550,WF_0515,PH_1,Q_F,"Speed: N_2040, Temp: T_1020, Visc: V_4550, Quality: Q_F"
B2023-0483,1768252326.612141,38.73,40.13,0.3469,6.88,5.81,5.6,4.1,2,0,N_2040,T_4050,V_0045,WF_0515,PH_2,Q_P,"Speed: N_2040, Temp: T_4050, Visc: V_0045, Quality: Q_P"
B2023-0484,1768252386.612141,30.66,37.2,0.1995,12.91,8.33,3.51,4.14,1,0,N_2040,T_3040,V_0045,WF_0515,PH_1,Q_P,"Speed: N_2040, Temp: T_3040, Visc: V_0045, Quality: Q_P"
B2023-0485,1768252446.612141,41.37,46.89,0.2631,13.18,6.89,8.04,6.42,2,0,N_4060,T_4050,V_0045,WF_0515,PH_2,Q_P,"Speed: N_4060, Temp: T_4050, Visc: V_0045, Quality: Q_P"
B2023-0486,1768252506.612141,20.06,25.12,0.1119,8.66,4.68,4.98,5.98,1,0,N_2040,T_2030,V_0045,WF_0515,PH_1,Q_P,"Speed: N_2040, Temp: T_2030, Visc: V_0045, Quality: Q_P"
B2023-0487,1768252566.612141,35.78,32.86,0.1048,7.8,5.31,8.79,7.31,1,0,N_2040,T_3040,V_0045,WF_0515,PH_1,Q_P,"Speed: N_2040, Temp: T_3040, Visc: V_0045, Quality: Q_P"
B2023-0488,1768252626.612141,38.64,54.94,0.3813,10.43,7.67,4.41,8.45,2,0,N_2040,T_5060,V_0045,WF_0515,PH_2,Q_P,"Speed: N_2040, Temp: T_5060, Visc: V_0045, Quality: Q_P"
B2023-0489,1768252686.612141,29.84,17.85,0.4988,1.32,7.15,4.28,6.93,2,1,N_2040,T_1020,V_4550,WF_0005,PH_2,Q_F,"Speed: N_2040, Temp: T_1020, Visc: V_4550, Quality: Q_F"
B2023-0490,1768252746.612141,21.52,20.16,0.4896,7.96,8.96,5.95,5.08,2,1,N_2040,T_2030,V_4550,WF_0515,PH_2,Q_F,"Speed: N_2040, Temp: T_2030, Visc: V_4550, Quality: Q_F"
B2023-0491,1768252806.612141,39.95,53.58,0.2999,6.93,4.14,7.26,6.11,2,0,N_2040,T_5060,V_0045,WF_0515,PH_2,Q_P,"Speed: N_2040, Temp: T_5060, Visc: V_0045, Quality: Q_P"
B2023-0492,1768252866.612141,65.25,59.33,0.2744,2.92,8.81,6.58,6.02,2,1,N_6080,T_5060,V_0045,WF_0005,PH_2,Q_F,"Speed: N_6080, Temp: T_5060, Visc: V_0045, Quality: Q_F"
B2023-0493,1768252926.612141,49.67,51.33,0.2454,12.69,6.8,4.79,6.77,2,0,N_4060,T_5060,V_0045,WF_0515,PH_2,Q_P,"Speed: N_4060, Temp: T_5060, Visc: V_0045, Quality: Q_P"
B2023-0494,1768252986.612141,43.94,41.2,0.2195,12.7,7.53,6.43,7.13,2,0,N_4060,T_4050,V_0045,WF_0515,PH_2,Q_P,"Speed: N_4060, Temp: T_4050, Visc: V_0045, Quality: Q_P"
B2023-0495,1768253046.612141,65.78,44.98,0.144,1.48,6.31,8.76,8.71,2,1,N_6080,T_4050,V_0045,WF_0005,PH_2,Q_F,"Speed: N_6080, Temp: T_4050, Visc: V_0045, Quality: Q_F"
B2023-0496,1768253106.612141,36.56,46.92,0.2771,7.48,5.01,8.0,5.94,2,0,N_2040,T_4050,V_0045,WF_0515,PH_2,Q_P,"Speed: N_2040, Temp: T_4050, Visc: V_0045, Quality: Q_P"
B2023-0497,1768253166.612141,42.44,43.65,0.226,10.74,6.14,5.26,5.83,2,0,N_4060,T_4050,V_0045,WF_0515,PH_2,Q_P,"Speed: N_4060, Temp: T_4050, Visc: V_0045, Quality: Q_P"
B2023-0498,1768253226.612141,37.1,32.16,0.2603,9.2,8.46,3.46,8.75,1,0,N_2040,T_3040,V_0045,WF_0515,PH_1,Q_P,"Speed: N_2040, Temp: T_3040, Visc: V_0045, Quality: Q_P"
B2023-0499,1768253286.612141,75.03,38.51,0.1168,3.75,6.08,7.08,6.07,1,1,N_6080,T_3040,V_0045,WF_0005,PH_1,Q_F,"Speed: N_6080, Temp: T_3040, Visc: V_0045, Quality: Q_F"
B2023-0500,1768253346.612141,42.33,52.39,0.2025,6.74,4.01,5.98,4.56,2,0,N_4060,T_5060,V_0045,WF_0515,PH_2,Q_P,"Speed: N_4060, Temp: T_5060, Visc: V_0045, Quality: Q_P"
B2023-0501,1768253406.612141,68.97,37.84,0.1252,3.19,7.48,4.75,8.79,2,1,N_6080,T_3040,V_0045,WF_0005,PH_2,Q_F,"Speed: N_6080, Temp: T_3040, Visc: V_0045, Quality: Q_F"
B2023-0502,1768253466.612141,39.5,23.19,0.1743,5.34,6.19,7.52,5.92,1,0,N_2040,T_2030,V_0045,WF_0515,PH_1,Q_P,"Speed: N_2040, Temp: T_2030, Visc: V_0045, Quality: Q_P"
B2023-0503,1768253526.612141,33.59,26.34,0.1803,10.89,5.31,3.12,6.32,1,0,N_2040,T_2030,V_0045,WF_0515,PH_1,Q_P,"Speed: N_2040, Temp: T_2030, Visc: V_0045, Quality: Q_P"
B2023-0504,1768253586.612141,34.05,20.97,0.102,5.56,2.24,7.04,4.13,1,0,N_2040,T_2030,V_0045,WF_0515,PH_1,Q_P,"Speed: N_2040, Temp: T_2030, Visc: V_0045, Quality: Q_P"
B2023-0505,1768253646.612141,32.19,52.07,0.2418,6.66,2.08,5.59,8.61,2,0,N_2040,T_5060,V_0045,WF_0515,PH_2,Q_P,"Speed: N_2040, Temp: T_5060, Visc: V_0045, Quality: Q_P"
B2023-0506,1768253706.612141,30.1,25.15,0.1579,6.3,2.18,8.49,8.5,1,0,N_2040,T_2030,V_0045,WF_0515,PH_1,Q_P,"Speed: N_2040, Temp: T_2030, Visc: V_0045, Quality: Q_P"
B2023-0507,1768253766.612141,28.19,13.15,0.486,1.93,8.58,6.8,5.71,2,1,N_2040,T_1020,V_4550,WF_0005,PH_2,Q_F,"Speed: N_2040, Temp: T_1020, Visc: V_4550, Quality: Q_F"
B2023-0508,1768253826.612141,34.92,34.15,0.1262,13.38,7.37,4.15,6.99,1,0,N_2040,T_3040,V_0045,WF_0515,PH_1,Q_P,"Speed: N_2040, Temp: T_3040, Visc: V_0045, Quality: Q_P"
B2023-0509,1768253886.612141,32.48,50.1,0.3697,5.99,2.44,5.47,6.14,2,0,N_2040,T_5060,V_0045,WF_0515,PH_2,Q_P,"Speed: N_2040, Temp: T_5060, Visc: V_0045, Quality: Q_P"
B2023-0510,1768253946.612141,39.94,41.71,0.3402,13.6,6.12,8.92,6.81,2,0,N_2040,T_4050,V_0045,WF_0515,PH_2,Q_P,"Speed: N_2040, Temp: T_4050, Visc: V_0045, Quality: Q_P"
B2023-0511,1768254006.612141,24.84,16.11,0.4671,2.81,7.4,8.4,4.64,2,1,N_2040,T_1020,V_4550,WF_0005,PH_2,Q_F,"Speed: N_2040, Temp: T_1020, Visc: V_4550, Quality: Q_F"
B2023-0512,1768254066.612141,35.33,20.78,0.2664,12.33,4.23,6.67,4.41,1,0,N_2040,T_2030,V_0045,WF_0515,PH_1,Q_P,"Speed: N_2040, Temp: T_2030, Visc: V_0045, Quality: Q_P"
B2023-0513,1768254126.612141,47.95,52.13,0.2035,8.65,4.25,3.41,8.72,2,0,N_4060,T_5060,V_0045,WF_0515,PH_2,Q_P,"Speed: N_4060, Temp: T_5060, Visc: V_0045, Quality: Q_P"
B2023-0514,1768254186.612141,31.15,48.42,0.2288,7.13,4.82,7.7,4.14,2,0,N_2040,T_4050,V_0045,WF_0515,PH_2,Q_P,"Speed: N_2040, Temp: T_4050, Visc: V_0045, Quality: Q_P"
B2023-0515,1768254246.612141,24.32,21.43,0.2193,11.44,3.48,4.25,6.74,1,0,N_2040,T_2030,V_0045,WF_0515,PH_1,Q_P,"Speed: N_2040, Temp: T_2030, Visc: V_0045, Quality: Q_P"
B2023-0516,1768254306.612141,28.07,9.54,0.4841,2.25,8.08,5.22,8.63,2,1,N_2040,T_010,V_4550,WF_0005,PH_2,Q_F,"Speed: N_2040, Temp: T_010, Visc: V_4550, Quality: Q_F"
B2023-0517,1768254366.612141,34.55,28.46,0.1499,11.63,2.84,4.36,4.56,1,0,N_2040,T_2030,V_0045,WF_0515,PH_1,Q_P,"Speed: N_2040, Temp: T_2030, Visc: V_0045, Quality: Q_P"
B2023-0518,1768254426.612141,25.65,21.12,0.174,6.6,4.37,8.65,4.86,1,0,N_2040,T_2030,V_0045,WF_0515,PH_1,Q_P,"Speed: N_2040, Temp: T_2030, Visc: V_0045, Quality: Q_P"
B2023-0519,1768254486.612141,38.44,24.97,0.1223,10.41,6.6,3.76,8.0,1,0,N_2040,T_2030,V_0045,WF_0515,PH_1,Q_P,"Speed: N_2040, Temp: T_2030, Visc: V_0045, Quality: Q_P"
B2023-0520,1768254546.612141,36.94,21.19,0.1381,13.73,4.45,6.87,5.39,1,0,N_2040,T_2030,V_0045,WF_0515,PH_1,Q_P,"Speed: N_2040, Temp: T_2030, Visc: V_0045, Quality: Q_P"
B2023-0521,1768254606.612141,47.85,40.52,0.3025,6.74,3.74,5.78,7.89,2,0,N_4060,T_4050,V_0045,WF_0515,PH_2,Q_P,"Speed: N_4060, Temp: T_4050, Visc: V_0045, Quality: Q_P"
B2023-0522,1768254666.612141,20.28,21.09,0.1835,6.39,4.96,6.32,5.51,1,0,N_2040,T_2030,V_0045,WF_0515,PH_1,Q_P,"Speed: N_2040, Temp: T_2030, Visc: V_0045, Quality: Q_P"
B2023-0523,1768254726.612141,68.18,36.54,0.2078,2.39,4.34,8.95,7.64,1,1,N_6080,T_3040,V_0045,WF_0005,PH_1,Q_F,"Speed: N_6080, Temp: T_3040, Visc: V_0045, Quality: Q_F"
B2023-0524,1768254786.612141,38.66,53.95,0.3324,13.35,2.69,4.91,8.11,2,0,N_2040,T_5060,V_0045,WF_0515,PH_2,Q_P,"Speed: N_2040, Temp: T_5060, Visc: V_0045, Quality: Q_P"
B2023-0525,1768254846.612141,30.01,45.19,0.2706,7.98,3.71,7.77,8.91,2,0,N_2040,T_4050,V_0045,WF_0515,PH_2,Q_P,"Speed: N_2040, Temp: T_4050, Visc: V_0045, Quality: Q_P"
B2023-0526,1768254906.612141,47.92,50.83,0.3801,6.53,6.62,4.35,5.08,2,0,N_4060,T_5060,V_0045,WF_0515,PH_2,Q_P,"Speed: N_4060, Temp: T_5060, Visc: V_0045, Quality: Q_P"
B2023-0527,1768254966.612141,33.52,42.9,0.2909,5.76,6.79,4.11,5.3,2,0,N_2040,T_4050,V_0045,WF_0515,PH_2,Q_P,"Speed: N_2040, Temp: T_4050, Visc: V_0045, Quality: Q_P"
B2023-0528,1768255026.612141,36.36,42.57,0.3733,12.76,7.77,5.05,7.43,2,0,N_2040,T_4050,V_0045,WF_0515,PH_2,Q_P,"Speed: N_2040, Temp: T_4050, Visc: V_0045, Quality: Q_P"
B2023-0529,1768255086.612141,35.73,47.33,0.3569,13.31,8.19,5.84,7.46,2,0,N_2040,T_4050,V_0045,WF_0515,PH_2,Q_P,"Speed: N_2040, Temp: T_4050, Visc: V_0045, Quality: Q_P"
B2023-0530,1768255146.612141,73.59,46.25,0.1697,3.61,7.05,7.86,6.49,1,1,N_6080,T_4050,V_0045,WF_0005,PH_1,Q_F,"Speed: N_6080, Temp: T_4050, Visc: V_0045, Quality: Q_F"
B2023-0531,1768255206.612141,12.51,11.99,0.4807,7.32,7.21,7.83,4.44,1,1,N_0020,T_1020,V_4550,WF_0515,PH_1,Q_F,"Speed: N_0020, Temp: T_1020, Visc: V_4550, Quality: Q_F"
B2023-0532,1768255266.612141,47.12,42.97,0.3984,7.87,3.74,7.19,5.6,2,0,N_4060,T_4050,V_0045,WF_0515,PH_2,Q_P,"Speed: N_4060, Temp: T_4050, Visc: V_0045, Quality: Q_P"
B2023-0533,1768255326.612141,43.37,41.04,0.3394,7.25,3.97,8.9,8.39,2,0,N_4060,T_4050,V_0045,WF_0515,PH_2,Q_P,"Speed: N_4060, Temp: T_4050, Visc: V_0045, Quality: Q_P"
B2023-0534,1768255386.612141,73.45,52.34,0.2535,3.78,4.82,7.64,8.13,1,1,N_6080,T_5060,V_0045,WF_0005,PH_1,Q_F,"Speed: N_6080, Temp: T_5060, Visc: V_0045, Quality: Q_F"
B2023-0535,1768255446.612141,39.12,52.53,0.347,12.81,2.26,8.45,4.99,2,0,N_2040,T_5060,V_0045,WF_0515,PH_2,Q_P,"Speed: N_2040, Temp: T_5060, Visc: V_0045, Quality: Q_P"
B2023-0536,1768255506.612141,48.84,44.27,0.2891,8.97,3.43,6.67,7.25,2,0,N_4060,T_4050,V_0045,WF_0515,PH_2,Q_P,"Speed: N_4060, Temp: T_4050, Visc: V_0045, Quality: Q_P"
B2023-0537,1768255566.612141,30.84,45.07,0.3704,13.47,7.92,5.27,5.09,2,0,N_2040,T_4050,V_0045,WF_0515,PH_2,Q_P,"Speed: N_2040, Temp: T_4050, Visc: V_0045, Quality: Q_P"
B2023-0538,1768255626.612141,75.55,41.18,0.1861,2.39,3.14,6.84,6.5,2,1,N_6080,T_4050,V_0045,WF_0005,PH_2,Q_F,"Speed: N_6080, Temp: T_4050, Visc: V_0045, Quality: Q_F"
B2023-0539,1768255686.612141,42.39,46.62,0.2709,9.4,8.67,5.6,4.71,2,0,N_4060,T_4050,V_0045,WF_0515,PH_2,Q_P,"Speed: N_4060, Temp: T_4050, Visc: V_0045, Quality: Q_P"
B2023-0540,1768255746.612141,43.62,50.91,0.3476,8.57,4.13,7.35,6.28,2,0,N_4060,T_5060,V_0045,WF_0515,PH_2,Q_P,"Speed: N_4060, Temp: T_5060, Visc: V_0045, Quality: Q_P"
B2023-0541,1768255806.612141,66.81,42.28,0.2877,2.78,6.22,4.66,4.36,1,1,N_6080,T_4050,V_0045,WF_0005,PH_1,Q_F,"Speed: N_6080, Temp: T_4050, Visc: V_0045, Quality: Q_F"
B2023-0542,1768255866.612141,76.78,48.35,0.3948,4.15,2.45,5.02,4.47,2,1,N_6080,T_4050,V_0045,WF_0005,PH_2,Q_F,"Speed: N_6080, Temp: T_4050, Visc: V_0045, Quality: Q_F"
B2023-0543,1768255926.612141,31.5,43.68,0.2973,7.77,3.18,5.45,5.03,2,0,N_2040,T_4050,V_0045,WF_0515,PH_2,Q_P,"Speed: N_2040, Temp: T_4050, Visc: V_0045, Quality: Q_P"
B2023-0544,1768255986.612141,70.88,31.88,0.1984,3.71,2.3,3.17,7.49,1,1,N_6080,T_3040,V_0045,WF_0005,PH_1,Q_F,"Speed: N_6080, Temp: T_3040, Visc: V_0045, Quality: Q_F"
B2023-0545,1768256046.612141,36.5,45.41,0.3562,7.55,4.23,7.5,5.94,2,0,N_2040,T_4050,V_0045,WF_0515,PH_2,Q_P,"Speed: N_2040, Temp: T_4050, Visc: V_0045, Quality: Q_P"
B2023-0546,1768256106.612141,20.26,31.16,0.227,12.45,5.06,8.93,5.69,1,0,N_2040,T_3040,V_0045,WF_0515,PH_1,Q_P,"Speed: N_2040, Temp: T_3040, Visc: V_0045, Quality: Q_P"
B2023-0547,1768256166.612141,49.35,54.63,0.2117,9.3,5.57,3.47,7.59,2,0,N_4060,T_5060,V_0045,WF_0515,PH_2,Q_P,"Speed: N_4060, Temp: T_5060, Visc: V_0045, Quality: Q_P"
B2023-0548,1768256226.612141,72.52,48.92,0.2902,1.22,4.96,7.35,8.06,1,1,N_6080,T_4050,V_0045,WF_0005,PH_1,Q_F,"Speed: N_6080, Temp: T_4050, Visc: V_0045, Quality: Q_F"
B2023-0549,1768256286.612141,37.92,20.06,0.1522,6.74,2.63,4.93,6.88,1,0,N_2040,T_2030,V_0045,WF_0515,PH_1,Q_P,"Speed: N_2040, Temp: T_2030, Visc: V_0045, Quality: Q_P"
B2023-0550,1768256346.612141,43.09,52.95,0.375,5.9,3.31,6.71,8.73,2,0,N_4060,T_5060,V_0045,WF_0515,PH_2,Q_P,"Speed: N_4060, Temp: T_5060, Visc: V_0045, Quality: Q_P"
B2023-0551,1768256406.612141,33.98,22.45,0.1751,10.89,3.64,7.02,6.4,1,0,N_2040,T_2030,V_0045,WF_0515,PH_1,Q_P,"Speed: N_2040, Temp: T_2030, Visc: V_0045, Quality: Q_P"
B2023-0552,1768256466.612141,39.12,46.58,0.3066,6.31,7.61,7.66,4.85,2,0,N_2040,T_4050,V_0045,WF_0515,PH_2,Q_P,"Speed: N_2040, Temp: T_4050, Visc: V_0045, Quality: Q_P"
B2023-0553,1768256526.612141,22.26,27.46,0.1187,8.04,7.48,3.19,5.96,1,0,N_2040,T_2030,V_0045,WF_0515,PH_1,Q_P,"Speed: N_2040, Temp: T_2030, Visc: V_0045, Quality: Q_P"
B2023-0554,1768256586.612141,32.99,24.35,0.1325,12.04,7.84,4.65,4.88,1,0,N_2040,T_2030,V_0045,WF_0515,PH_1,Q_P,"Speed: N_2040, Temp: T_2030, Visc: V_0045, Quality: Q_P"
B2023-0555,1768256646.612141,21.94,24.55,0.1644,12.36,8.37,8.89,5.36,1,0,N_2040,T_2030,V_0045,WF_0515,PH_1,Q_P,"Speed: N_2040, Temp: T_2030, Visc: V_0045, Quality: Q_P"
B2023-0556,1768256706.612141,27.92,38.97,0.1834,8.19,2.75,6.95,6.37,1,0,N_2040,T_3040,V_0045,WF_0515,PH_1,Q_P,"Speed: N_2040, Temp: T_3040, Visc: V_0045, Quality: Q_P"
B2023-0557,1768256766.612141,44.07,45.66,0.2683,9.46,8.09,8.67,8.32,2,0,N_4060,T_4050,V_0045,WF_0515,PH_2,Q_P,"Speed: N_4060, Temp: T_4050, Visc: V_0045, Quality: Q_P"
B2023-0558,1768256826.612141,30.39,43.06,0.2234,12.95,8.35,9.0,5.52,2,0,N_2040,T_4050,V_0045,WF_0515,PH_2,Q_P,"Speed: N_2040, Temp: T_4050, Visc: V_0045, Quality: Q_P"
B2023-0559,1768256886.612141,26.84,30.9,0.1453,9.9,6.4,7.68,4.24,1,0,N_2040,T_3040,V_0045,WF_0515,PH_1,Q_P,"Speed: N_2040, Temp: T_3040, Visc: V_0045, Quality: Q_P"
B2023-0560,1768256946.612141,74.82,57.02,0.2887,3.02,4.44,5.93,8.9,1,1,N_6080,T_5060,V_0045,WF_0005,PH_1,Q_F,"Speed: N_6080, Temp: T_5060, Visc: V_0045, Quality: Q_F"
B2023-0561,1768257006.612141,32.57,46.69,0.2902,12.35,7.29,7.69,8.49,2,0,N_2040,T_4050,V_0045,WF_0515,PH_2,Q_P,"Speed: N_2040, Temp: T_4050, Visc: V_0045, Quality: Q_P"
B2023-0562,1768257066.612141,28.91,29.18,0.1959,13.4,2.61,3.87,4.09,1,0,N_2040,T_2030,V_0045,WF_0515,PH_1,Q_P,"Speed: N_2040, Temp: T_2030, Visc: V_0045, Quality: Q_P"
B2023-0563,1768257126.612141,45.1,52.84,0.2732,5.45,3.37,4.52,6.5,2,0,N_4060,T_5060,V_0045,WF_0515,PH_2,Q_P,"Speed: N_4060, Temp: T_5060, Visc: V_0045, Quality: Q_P"
B2023-0564,1768257186.612141,66.2,43.95,0.2507,0.16,4.06,5.3,8.04,1,1,N_6080,T_4050,V_0045,WF_0005,PH_1,Q_F,"Speed: N_6080, Temp: T_4050, Visc: V_0045, Quality: Q_F"
B2023-0565,1768257246.612141,72.95,50.56,0.2736,2.72,3.45,4.33,8.93,1,1,N_6080,T_5060,V_0045,WF_0005,PH_1,Q_F,"Speed: N_6080, Temp: T_5060, Visc: V_0045, Quality: Q_F"
B2023-0566,1768257306.612141,22.84,14.51,0.461,4.22,2.69,3.47,8.57,1,1,N_2040,T_1020,V_4550,WF_0005,PH_1,Q_F,"Speed: N_2040, Temp: T_1020, Visc: V_4550, Quality: Q_F"
B2023-0567,1768257366.612141,23.85,20.16,0.4936,7.12,8.77,7.24,5.76,2,1,N_2040,T_2030,V_4550,WF_0515,PH_2,Q_F,"Speed: N_2040, Temp: T_2030, Visc: V_4550, Quality: Q_F"
B2023-0568,1768257426.612141,10.05,8.07,0.4636,9.72,6.9,8.0,4.09,1,1,N_0020,T_010,V_4550,WF_0515,PH_1,Q_F,"Speed: N_0020, Temp: T_010, Visc: V_4550, Quality: Q_F"
B2023-0569,1768257486.612141,30.85,43.6,0.2505,6.43,4.45,8.09,7.07,2,0,N_2040,T_4050,V_0045,WF_0515,PH_2,Q_P,"Speed: N_2040, Temp: T_4050, Visc: V_0045, Quality: Q_P"
B2023-0570,1768257546.612141,37.24,34.24,0.2306,12.06,5.72,4.29,8.12,1,0,N_2040,T_3040,V_0045,WF_0515,PH_1,Q_P,"Speed: N_2040, Temp: T_3040, Visc: V_0045, Quality: Q_P"
B2023-0571,1768257606.612141,29.89,33.29,0.2325,9.6,5.57,6.75,5.5,1,0,N_2040,T_3040,V_0045,WF_0515,PH_1,Q_P,"Speed: N_2040, Temp: T_3040, Visc: V_0045, Quality: Q_P"
B2023-0572,1768257666.612141,23.77,27.42,0.2857,10.23,3.83,8.08,4.42,1,0,N_2040,T_2030,V_0045,WF_0515,PH_1,Q_P,"Speed: N_2040, Temp: T_2030, Visc: V_0045, Quality: Q_P"
B2023-0573,1768257726.612141,26.03,35.55,0.1062,11.74,5.01,4.53,5.92,1,0,N_2040,T_3040,V_0045,WF_0515,PH_1,Q_P,"Speed: N_2040, Temp: T_3040, Visc: V_0045, Quality: Q_P"
B2023-0574,1768257786.612141,27.29,32.19,0.1524,9.35,2.73,4.05,5.89,1,0,N_2040,T_3040,V_0045,WF_0515,PH_1,Q_P,"Speed: N_2040, Temp: T_3040, Visc: V_0045, Quality: Q_P"
B2023-0575,1768257846.612141,33.9,45.98,0.2634,11.07,7.05,7.26,5.56,2,0,N_2040,T_4050,V_0045,WF_0515,PH_2,Q_P,"Speed: N_2040, Temp: T_4050, Visc: V_0045, Quality: Q_P"
B2023-0576,1768257906.612141,24.95,28.01,0.2712,12.6,3.61,5.07,4.88,1,0,N_2040,T_2030,V_0045,WF_0515,PH_1,Q_P,"Speed: N_2040, Temp: T_2030, Visc: V_0045, Quality: Q_P"
B2023-0577,1768257966.612141,29.61,36.24,0.2987,11.16,5.56,7.68,6.22,1,0,N_2040,T_3040,V_0045,WF_0515,PH_1,Q_P,"Speed: N_2040, Temp: T_3040, Visc: V_0045, Quality: Q_P"
B2023-0578,1768258026.612141,48.42,45.95,0.3287,9.99,4.53,5.73,5.21,2,0,N_4060,T_4050,V_0045,WF_0515,PH_2,Q_P,"Speed: N_4060, Temp: T_4050, Visc: V_0045, Quality: Q_P"
B2023-0579,1768258086.612141,28.81,38.27,0.2583,12.35,7.0,3.2,4.19,1,0,N_2040,T_3040,V_0045,WF_0515,PH_1,Q_P,"Speed: N_2040, Temp: T_3040, Visc: V_0045, Quality: Q_P"
B2023-0580,1768258146.612141,40.58,43.01,0.2799,9.74,6.21,7.2,5.37,2,0,N_4060,T_4050,V_0045,WF_0515,PH_2,Q_P,"Speed: N_4060, Temp: T_4050, Visc: V_0045, Quality: Q_P"
B2023-0581,1768258206.612141,39.75,40.44,0.2682,9.05,2.88,3.79,4.9,2,0,N_2040,T_4050,V_0045,WF_0515,PH_2,Q_P,"Speed: N_2040, Temp: T_4050, Visc: V_0045, Quality: Q_P"
B2023-0582,1768258266.612141,26.66,20.34,0.4678,9.12,6.5,8.59,6.35,1,1,N_2040,T_2030,V_4550,WF_0515,PH_1,Q_F,"Speed: N_2040, Temp: T_2030, Visc: V_4550, Quality: Q_F"
B2023-0583,1768258326.612141,34.8,48.8,0.3976,13.22,3.83,8.24,4.94,2,0,N_2040,T_4050,V_0045,WF_0515,PH_2,Q_P,"Speed: N_2040, Temp: T_4050, Visc: V_0045, Quality: Q_P"
B2023-0584,1768258386.612141,30.47,30.72,0.2785,11.0,4.78,3.99,5.43,1,0,N_2040,T_3040,V_0045,WF_0515,PH_1,Q_P,"Speed: N_2040, Temp: T_3040, Visc: V_0045, Quality: Q_P"
B2023-0585,1768258446.612141,45.81,54.21,0.2091,10.72,7.41,8.3,4.6,2,0,N_4060,T_5060,V_0045,WF_0515,PH_2,Q_P,"Speed: N_4060, Temp: T_5060, Visc: V_0045, Quality: Q_P"
B2023-0586,1768258506.612141,29.5,26.01,0.2807,13.66,4.71,6.17,5.18,1,0,N_2040,T_2030,V_0045,WF_0515,PH_1,Q_P,"Speed: N_2040, Temp: T_2030, Visc: V_0045, Quality: Q_P"
B2023-0587,1768258566.612141,28.94,37.69,0.2997,8.89,7.83,8.19,4.97,1,0,N_2040,T_3040,V_0045,WF_0515,PH_1,Q_P,"Speed: N_2040, Temp: T_3040, Visc: V_0045, Quality: Q_P"
B2023-0588,1768258626.612141,29.54,34.17,0.2002,10.56,2.87,5.89,6.98,1,0,N_2040,T_3040,V_0045,WF_0515,PH_1,Q_P,"Speed: N_2040, Temp: T_3040, Visc: V_0045, Quality: Q_P"
B2023-0589,1768258686.612141,36.13,47.71,0.2655,7.67,3.59,7.53,4.48,2,0,N_2040,T_4050,V_0045,WF_0515,PH_2,Q_P,"Speed: N_2040, Temp: T_4050, Visc: V_0045, Quality: Q_P"
B2023-0590,1768258746.612141,35.07,22.81,0.1052,12.64,5.59,4.17,8.57,1,0,N_2040,T_2030,V_0045,WF_0515,PH_1,Q_P,"Speed: N_2040, Temp: T_2030, Visc: V_0045, Quality: Q_P"
B2023-0591,1768258806.612141,17.51,22.1,0.4934,4.47,3.61,5.32,4.97,1,1,N_0020,T_2030,V_4550,WF_0005,PH_1,Q_F,"Speed: N_0020, Temp: T_2030, Visc: V_4550, Quality: Q_F"
B2023-0592,1768258866.612141,46.63,50.25,0.3712,9.2,8.89,8.61,7.24,2,0,N_4060,T_5060,V_0045,WF_0515,PH_2,Q_P,"Speed: N_4060, Temp: T_5060, Visc: V_0045, Quality: Q_P"
B2023-0593,1768258926.612141,26.03,37.9,0.1993,11.12,7.93,4.95,5.82,1,0,N_2040,T_3040,V_0045,WF_0515,PH_1,Q_P,"Speed: N_2040, Temp: T_3040, Visc: V_0045, Quality: Q_P"
B2023-0594,1768258986.612141,32.0,24.87,0.1503,10.2,4.86,4.42,6.93,1,0,N_2040,T_2030,V_0045,WF_0515,PH_1,Q_P,"Speed: N_2040, Temp: T_2030, Visc: V_0045, Quality: Q_P"
B2023-0595,1768259046.612141,77.39,47.97,0.3225,2.25,7.14,3.39,8.36,1,1,N_6080,T_4050,V_0045,WF_0005,PH_1,Q_F,"Speed: N_6080, Temp: T_4050, Visc: V_0045, Quality: Q_F"
B2023-0596,1768259106.612141,37.19,45.2,0.2171,11.94,7.84,4.24,5.52,2,0,N_2040,T_4050,V_0045,WF_0515,PH_2,Q_P,"Speed: N_2040, Temp: T_4050, Visc: V_0045, Quality: Q_P"
B2023-0597,1768259166.612141,38.91,53.12,0.3478,10.17,2.38,4.58,6.49,2,0,N_2040,T_5060,V_0045,WF_0515,PH_2,Q_P,"Speed: N_2040, Temp: T_5060, Visc: V_0045, Quality: Q_P"
B2023-0598,1768259226.612141,42.02,48.44,0.2124,12.61,4.04,5.95,7.58,2,0,N_4060,T_4050,V_0045,WF_0515,PH_2,Q_P,"Speed: N_4060, Temp: T_4050, Visc: V_0045, Quality: Q_P"
B2023-0599,1768259286.612141,39.71,45.65,0.3189,7.5,5.95,5.05,6.26,2,0,N_2040,T_4050,V_0045,WF_0515,PH_2,Q_P,"Speed: N_2040, Temp: T_4050, Visc: V_0045, Quality: Q_P"
B2023-0600,1768259346.612141,36.74,32.51,0.1153,11.71,4.62,3.95,5.89,1,0,N_2040,T_3040,V_0045,WF_0515,PH_1,Q_P,"Speed: N_2040, Temp: T_3040, Visc: V_0045, Quality: Q_P"
B2023-0601,1768259406.612141,32.16,30.41,0.1092,5.98,2.72,6.24,6.91,1,0,N_2040,T_3040,V_0045,WF_0515,PH_1,Q_P,"Speed: N_2040, Temp: T_3040, Visc: V_0045, Quality: Q_P"
B2023-0602,1768259466.612141,28.97,21.24,0.4894,9.19,3.59,7.26,6.62,2,1,N_2040,T_2030,V_4550,WF_0515,PH_2,Q_F,"Speed: N_2040, Temp: T_2030, Visc: V_4550, Quality: Q_F"
B2023-0603,1768259526.612141,38.92,38.94,0.1027,13.32,4.38,6.6,4.91,1,0,N_2040,T_3040,V_0045,WF_0515,PH_1,Q_P,"Speed: N_2040, Temp: T_3040, Visc: V_0045, Quality: Q_P"
B2023-0604,1768259586.612141,78.04,53.14,0.3967,2.78,7.88,7.79,8.62,2,1,N_6080,T_5060,V_0045,WF_0005,PH_2,Q_F,"Speed: N_6080, Temp: T_5060, Visc: V_0045, Quality: Q_F"
B2023-0605,1768259646.612141,23.94,38.7,0.1761,13.75,8.08,3.93,6.68,1,0,N_2040,T_3040,V_0045,WF_0515,PH_1,Q_P,"Speed: N_2040, Temp: T_3040, Visc: V_0045, Quality: Q_P"
B2023-0606,1768259706.612141,34.85,25.02,0.1917,13.91,3.8,4.08,4.17,1,0,N_2040,T_2030,V_0045,WF_0515,PH_1,Q_P,"Speed: N_2040, Temp: T_2030, Visc: V_0045, Quality: Q_P"
B2023-0607,1768259766.612141,39.36,50.74,0.3465,5.28,6.24,6.86,8.47,2,0,N_2040,T_5060,V_0045,WF_0515,PH_2,Q_P,"Speed: N_2040, Temp: T_5060, Visc: V_0045, Quality: Q_P"
B2023-0608,1768259826.612141,41.99,49.77,0.2259,12.08,2.09,3.42,6.35,2,0,N_4060,T_4050,V_0045,WF_0515,PH_2,Q_P,"Speed: N_4060, Temp: T_4050, Visc: V_0045, Quality: Q_P"
B2023-0609,1768259886.612141,37.24,48.78,0.3307,7.82,6.96,3.62,7.02,2,0,N_2040,T_4050,V_0045,WF_0515,PH_2,Q_P,"Speed: N_2040, Temp: T_4050, Visc: V_0045, Quality: Q_P"
B2023-0610,1768259946.612141,48.14,53.57,0.3803,7.73,4.31,4.56,4.59,2,0,N_4060,T_5060,V_0045,WF_0515,PH_2,Q_P,"Speed: N_4060, Temp: T_5060, Visc: V_0045, Quality: Q_P"
B2023-0611,1768260006.612141,26.98,28.26,0.2704,8.29,7.05,5.35,8.15,1,0,N_2040,T_2030,V_0045,WF_0515,PH_1,Q_P,"Speed: N_2040, Temp: T_2030, Visc: V_0045, Quality: Q_P"
B2023-0612,1768260066.612141,39.0,46.04,0.3059,10.6,7.14,6.28,5.81,2,0,N_2040,T_4050,V_0045,WF_0515,PH_2,Q_P,"Speed: N_2040, Temp: T_4050, Visc: V_0045, Quality: Q_P"
B2023-0613,1768260126.612141,39.11,29.49,0.137,12.84,4.23,8.8,5.08,1,0,N_2040,T_2030,V_0045,WF_0515,PH_1,Q_P,"Speed: N_2040, Temp: T_2030, Visc: V_0045, Quality: Q_P"
B2023-0614,1768260186.612141,46.53,44.93,0.2391,5.69,2.56,3.95,4.81,2,0,N_4060,T_4050,V_0045,WF_0515,PH_2,Q_P,"Speed: N_4060, Temp: T_4050, Visc: V_0045, Quality: Q_P"
B2023-0615,1768260246.612141,44.93,45.14,0.3538,11.46,4.53,4.34,8.3,2,0,N_4060,T_4050,V_0045,WF_0515,PH_2,Q_P,"Speed: N_4060, Temp: T_4050, Visc: V_0045, Quality: Q_P"
B2023-0616,1768260306.612141,46.13,45.79,0.289,8.93,4.7,8.38,6.1,2,0,N_4060,T_4050,V_0045,WF_0515,PH_2,Q_P,"Speed: N_4060, Temp: T_4050, Visc: V_0045, Quality: Q_P"
B2023-0617,1768260366.612141,78.03,49.68,0.3008,4.62,2.04,7.58,7.32,2,1,N_6080,T_4050,V_0045,WF_0005,PH_2,Q_F,"Speed: N_6080, Temp: T_4050, Visc: V_0045, Quality: Q_F"
B2023-0618,1768260426.612141,29.38,30.59,0.2707,12.16,7.56,4.78,7.35,1,0,N_2040,T_3040,V_0045,WF_0515,PH_1,Q_P,"Speed: N_2040, Temp: T_3040, Visc: V_0045, Quality: Q_P"
B2023-0619,1768260486.612141,31.44,45.01,0.3766,11.9,8.24,7.97,8.11,2,0,N_2040,T_4050,V_0045,WF_0515,PH_2,Q_P,"Speed: N_2040, Temp: T_4050, Visc: V_0045, Quality: Q_P"
B2023-0620,1768260546.612141,17.65,11.03,0.4717,13.05,8.0,4.97,7.59,1,1,N_0020,T_1020,V_4550,WF_0515,PH_1,Q_F,"Speed: N_0020, Temp: T_1020, Visc: V_4550, Quality: Q_F"
B2023-0621,1768260606.612141,39.36,51.66,0.369,10.02,7.14,8.26,8.8,2,0,N_2040,T_5060,V_0045,WF_0515,PH_2,Q_P,"Speed: N_2040, Temp: T_5060, Visc: V_0045, Quality: Q_P"
B2023-0622,1768260666.612141,18.47,7.55,0.4642,2.91,7.49,7.65,6.16,2,1,N_0020,T_010,V_4550,WF_0005,PH_2,Q_F,"Speed: N_0020, Temp: T_010, Visc: V_4550, Quality: Q_F"
B2023-0623,1768260726.612141,32.53,33.28,0.1919,6.27,4.24,5.52,7.41,1,0,N_2040,T_3040,V_0045,WF_0515,PH_1,Q_P,"Speed: N_2040, Temp: T_3040, Visc: V_0045, Quality: Q_P"
B2023-0624,1768260786.612141,43.75,43.55,0.3858,10.83,2.69,3.1,7.95,2,0,N_4060,T_4050,V_0045,WF_0515,PH_2,Q_P,"Speed: N_4060, Temp: T_4050, Visc: V_0045, Quality: Q_P"
B2023-0625,1768260846.612141,20.61,24.24,0.476,7.3,4.51,6.05,6.03,1,1,N_2040,T_2030,V_4550,WF_0515,PH_1,Q_F,"Speed: N_2040, Temp: T_2030, Visc: V_4550, Quality: Q_F"
B2023-0626,1768260906.612141,46.28,43.17,0.342,7.81,5.89,6.98,7.96,2,0,N_4060,T_4050,V_0045,WF_0515,PH_2,Q_P,"Speed: N_4060, Temp: T_4050, Visc: V_0045, Quality: Q_P"
B2023-0627,1768260966.612141,36.48,38.83,0.1042,10.37,6.68,5.13,6.01,1,0,N_2040,T_3040,V_0045,WF_0515,PH_1,Q_P,"Speed: N_2040, Temp: T_3040, Visc: V_0045, Quality: Q_P"
B2023-0628,1768261026.612141,31.7,46.08,0.362,12.16,7.74,4.21,8.89,2,0,N_2040,T_4050,V_0045,WF_0515,PH_2,Q_P,"Speed: N_2040, Temp: T_4050, Visc: V_0045, Quality: Q_P"
B2023-0629,1768261086.612141,69.01,56.84,0.2541,2.51,7.84,7.11,6.45,1,1,N_6080,T_5060,V_0045,WF_0005,PH_1,Q_F,"Speed: N_6080, Temp: T_5060, Visc: V_0045, Quality: Q_F"
B2023-0630,1768261146.612141,31.25,52.18,0.2676,6.58,2.79,3.14,4.9,2,0,N_2040,T_5060,V_0045,WF_0515,PH_2,Q_P,"Speed: N_2040, Temp: T_5060, Visc: V_0045, Quality: Q_P"
B2023-0631,1768261206.612141,13.37,7.25,0.4706,7.19,3.31,8.02,4.78,2,1,N_0020,T_010,V_4550,WF_0515,PH_2,Q_F,"Speed: N_0020, Temp: T_010, Visc: V_4550, Quality: Q_F"
B2023-0632,1768261266.612141,43.02,46.96,0.3011,5.84,8.11,8.47,6.86,2,0,N_4060,T_4050,V_0045,WF_0515,PH_2,Q_P,"Speed: N_4060, Temp: T_4050, Visc: V_0045, Quality: Q_P"
B2023-0633,1768261326.612141,31.99,52.71,0.3685,10.43,7.16,4.88,8.47,2,0,N_2040,T_5060,V_0045,WF_0515,PH_2,Q_P,"Speed: N_2040, Temp: T_5060, Visc: V_0045, Quality: Q_P"
B2023-0634,1768261386.612141,30.21,44.82,0.3148,10.56,2.81,8.38,5.18,2,0,N_2040,T_4050,V_0045,WF_0515,PH_2,Q_P,"Speed: N_2040, Temp: T_4050, Visc: V_0045, Quality: Q_P"
B2023-0635,1768261446.612141,78.73,54.92,0.2564,1.74,6.18,3.65,5.17,1,1,N_6080,T_5060,V_0045,WF_0005,PH_1,Q_F,"Speed: N_6080, Temp: T_5060, Visc: V_0045, Quality: Q_F"
B2023-0636,1768261506.612141,71.5,33.02,0.2193,2.04,4.83,5.25,4.56,2,1,N_6080,T_3040,V_0045,WF_0005,PH_2,Q_F,"Speed: N_6080, Temp: T_3040, Visc: V_0045, Quality: Q_F"
B2023-0637,1768261566.612141,70.46,59.77,0.1835,0.65,5.43,8.46,8.42,2,1,N_6080,T_5060,V_0045,WF_0005,PH_2,Q_F,"Speed: N_6080, Temp: T_5060, Visc: V_0045, Quality: Q_F"
B2023-0638,1768261626.612141,23.63,21.32,0.497,11.78,5.93,3.82,7.01,2,1,N_2040,T_2030,V_4550,WF_0515,PH_2,Q_F,"Speed: N_2040, Temp: T_2030, Visc: V_4550, Quality: Q_F"
B2023-0639,1768261686.612141,71.28,39.67,0.2305,0.35,8.3,6.65,5.8,2,1,N_6080,T_3040,V_0045,WF_0005,PH_2,Q_F,"Speed: N_6080, Temp: T_3040, Visc: V_0045, Quality: Q_F"
B2023-0640,1768261746.612141,24.96,36.87,0.2882,13.96,3.85,3.0,4.73,1,0,N_2040,T_3040,V_0045,WF_0515,PH_1,Q_P,"Speed: N_2040, Temp: T_3040, Visc: V_0045, Quality: Q_P"
B2023-0641,1768261806.612141,46.58,46.7,0.2749,9.16,8.44,7.04,7.96,2,0,N_4060,T_4050,V_0045,WF_0515,PH_2,Q_P,"Speed: N_4060, Temp: T_4050, Visc: V_0045, Quality: Q_P"
B2023-0642,1768261866.612141,34.69,24.63,0.1485,6.39,5.62,3.2,7.39,1,0,N_2040,T_2030,V_0045,WF_0515,PH_1,Q_P,"Speed: N_2040, Temp: T_2030, Visc: V_0045, Quality: Q_P"
B2023-0643,1768261926.612141,31.04,20.97,0.2127,9.61,8.02,7.56,5.07,1,0,N_2040,T_2030,V_0045,WF_0515,PH_1,Q_P,"Speed: N_2040, Temp: T_2030, Visc: V_0045, Quality: Q_P"
B2023-0644,1768261986.612141,69.69,53.01,0.314,4.71,7.13,7.82,5.43,1,1,N_6080,T_5060,V_0045,WF_0005,PH_1,Q_F,"Speed: N_6080, Temp: T_5060, Visc: V_0045, Quality: Q_F"
B2023-0645,1768262046.612141,35.63,35.67,0.2403,10.18,8.91,8.74,7.22,1,0,N_2040,T_3040,V_0045,WF_0515,PH_1,Q_P,"Speed: N_2040, Temp: T_3040, Visc: V_0045, Quality: Q_P"
B2023-0646,1768262106.612141,70.91,36.4,0.1536,3.38,3.2,5.0,6.79,1,1,N_6080,T_3040,V_0045,WF_0005,PH_1,Q_F,"Speed: N_6080, Temp: T_3040, Visc: V_0045, Quality: Q_F"
B2023-0647,1768262166.612141,36.17,27.69,0.2901,12.95,3.39,6.43,4.63,1,0,N_2040,T_2030,V_0045,WF_0515,PH_1,Q_P,"Speed: N_2040, Temp: T_2030, Visc: V_0045, Quality: Q_P"
B2023-0648,1768262226.612141,26.21,33.74,0.1781,12.63,8.17,5.73,4.7,1,0,N_2040,T_3040,V_0045,WF_0515,PH_1,Q_P,"Speed: N_2040, Temp: T_3040, Visc: V_0045, Quality: Q_P"
B2023-0649,1768262286.612141,39.7,47.88,0.2539,9.44,8.25,5.5,7.81,2,0,N_2040,T_4050,V_0045,WF_0515,PH_2,Q_P,"Speed: N_2040, Temp: T_4050, Visc: V_0045, Quality: Q_P"
B2023-0650,1768262346.612141,38.61,45.56,0.2574,11.86,8.72,7.93,7.11,2,0,N_2040,T_4050,V_0045,WF_0515,PH_2,Q_P,"Speed: N_2040, Temp: T_4050, Visc: V_0045, Quality: Q_P"
B2023-0651,1768262406.612141,38.02,43.81,0.3877,9.46,8.34,4.55,8.66,2,0,N_2040,T_4050,V_0045,WF_0515,PH_2,Q_P,"Speed: N_2040, Temp: T_4050, Visc: V_0045, Quality: Q_P"
B2023-0652,1768262466.612141,47.06,47.61,0.3302,7.13,3.28,5.53,4.82,2,0,N_4060,T_4050,V_0045,WF_0515,PH_2,Q_P,"Speed: N_4060, Temp: T_4050, Visc: V_0045, Quality: Q_P"
B2023-0653,1768262526.612141,30.9,51.78,0.2952,13.69,3.61,4.33,4.15,2,0,N_2040,T_5060,V_0045,WF_0515,PH_2,Q_P,"Speed: N_2040, Temp: T_5060, Visc: V_0045, Quality: Q_P"
B2023-0654,1768262586.612141,39.96,23.55,0.1353,13.56,4.82,8.98,7.14,1,0,N_2040,T_2030,V_0045,WF_0515,PH_1,Q_P,"Speed: N_2040, Temp: T_2030, Visc: V_0045, Quality: Q_P"
B2023-0655,1768262646.612141,15.12,12.18,0.4765,1.67,6.75,3.87,7.4,2,1,N_0020,T_1020,V_4550,WF_0005,PH_2,Q_F,"Speed: N_0020, Temp: T_1020, Visc: V_4550, Quality: Q_F"
B2023-0656,1768262706.612141,33.34,40.34,0.3229,6.42,3.11,6.8,7.85,2,0,N_2040,T_4050,V_0045,WF_0515,PH_2,Q_P,"Speed: N_2040, Temp: T_4050, Visc: V_0045, Quality: Q_P"
B2023-0657,1768262766.612141,26.86,36.85,0.1478,11.17,7.82,7.08,6.05,1,0,N_2040,T_3040,V_0045,WF_0515,PH_1,Q_P,"Speed: N_2040, Temp: T_3040, Visc: V_0045, Quality: Q_P"
B2023-0658,1768262826.612141,36.46,43.29,0.3588,8.92,3.19,8.46,7.32,2,0,N_2040,T_4050,V_0045,WF_0515,PH_2,Q_P,"Speed: N_2040, Temp: T_4050, Visc: V_0045, Quality: Q_P"
B2023-0659,1768262886.612141,22.99,25.4,0.1178,11.12,8.51,5.07,6.54,1,0,N_2040,T_2030,V_0045,WF_0515,PH_1,Q_P,"Speed: N_2040, Temp: T_2030, Visc: V_0045, Quality: Q_P"
B2023-0660,1768262946.612141,39.35,42.55,0.3686,5.57,4.54,8.5,4.82,2,0,N_2040,T_4050,V_0045,WF_0515,PH_2,Q_P,"Speed: N_2040, Temp: T_4050, Visc: V_0045, Quality: Q_P"
B2023-0661,1768263006.612141,35.89,22.02,0.2229,10.45,3.75,5.65,6.81,1,0,N_2040,T_2030,V_0045,WF_0515,PH_1,Q_P,"Speed: N_2040, Temp: T_2030, Visc: V_0045, Quality: Q_P"
B2023-0662,1768263066.612141,32.16,35.23,0.1731,9.04,7.44,5.7,8.12,1,0,N_2040,T_3040,V_0045,WF_0515,PH_1,Q_P,"Speed: N_2040, Temp: T_3040, Visc: V_0045, Quality: Q_P"
B2023-0663,1768263126.612141,45.8,48.49,0.2534,13.06,5.93,8.42,8.57,2,0,N_4060,T_4050,V_0045,WF_0515,PH_2,Q_P,"Speed: N_4060, Temp: T_4050, Visc: V_0045, Quality: Q_P"
B2023-0664,1768263186.612141,49.65,51.57,0.3489,10.77,6.11,3.75,7.32,2,0,N_4060,T_5060,V_0045,WF_0515,PH_2,Q_P,"Speed: N_4060, Temp: T_5060, Visc: V_0045, Quality: Q_P"
B2023-0665,1768263246.612141,46.91,45.8,0.2317,7.41,8.42,4.3,7.65,2,0,N_4060,T_4050,V_0045,WF_0515,PH_2,Q_P,"Speed: N_4060, Temp: T_4050, Visc: V_0045, Quality: Q_P"
B2023-0666,1768263306.612141,31.68,36.43,0.2206,10.28,3.95,3.64,8.6,1,0,N_2040,T_3040,V_0045,WF_0515,PH_1,Q_P,"Speed: N_2040, Temp: T_3040, Visc: V_0045, Quality: Q_P"
B2023-0667,1768263366.612141,43.43,41.88,0.3517,9.38,5.15,4.42,6.89,2,0,N_4060,T_4050,V_0045,WF_0515,PH_2,Q_P,"Speed: N_4060, Temp: T_4050, Visc: V_0045, Quality: Q_P"
B2023-0668,1768263426.612141,29.94,38.67,0.2808,7.77,5.49,4.05,5.32,1,0,N_2040,T_3040,V_0045,WF_0515,PH_1,Q_P,"Speed: N_2040, Temp: T_3040, Visc: V_0045, Quality: Q_P"
B2023-0669,1768263486.612141,24.37,33.8,0.2817,12.7,6.02,8.57,8.51,1,0,N_2040,T_3040,V_0045,WF_0515,PH_1,Q_P,"Speed: N_2040, Temp: T_3040, Visc: V_0045, Quality: Q_P"
B2023-0670,1768263546.612141,25.14,17.71,0.4967,5.65,6.67,6.69,5.32,1,1,N_2040,T_1020,V_4550,WF_0515,PH_1,Q_F,"Speed: N_2040, Temp: T_1020, Visc: V_4550, Quality: Q_F"
B2023-0671,1768263606.612141,32.63,30.07,0.1435,6.05,5.28,3.31,7.25,1,0,N_2040,T_3040,V_0045,WF_0515,PH_1,Q_P,"Speed: N_2040, Temp: T_3040, Visc: V_0045, Quality: Q_P"
B2023-0672,1768263666.612141,31.58,29.65,0.1618,7.8,7.24,8.31,7.02,1,0,N_2040,T_2030,V_0045,WF_0515,PH_1,Q_P,"Speed: N_2040, Temp: T_2030, Visc: V_0045, Quality: Q_P"
B2023-0673,1768263726.612141,76.46,58.34,0.2736,2.05,2.32,3.45,6.93,1,1,N_6080,T_5060,V_0045,WF_0005,PH_1,Q_F,"Speed: N_6080, Temp: T_5060, Visc: V_0045, Quality: Q_F"
B2023-0674,1768263786.612141,26.03,30.4,0.1252,9.36,6.23,6.21,4.25,1,0,N_2040,T_3040,V_0045,WF_0515,PH_1,Q_P,"Speed: N_2040, Temp: T_3040, Visc: V_0045, Quality: Q_P"
B2023-0675,1768263846.612141,42.94,41.14,0.2213,6.32,4.21,3.79,7.9,2,0,N_4060,T_4050,V_0045,WF_0515,PH_2,Q_P,"Speed: N_4060, Temp: T_4050, Visc: V_0045, Quality: Q_P"
B2023-0676,1768263906.612141,21.64,27.43,0.2738,13.46,4.93,7.13,7.67,1,0,N_2040,T_2030,V_0045,WF_0515,PH_1,Q_P,"Speed: N_2040, Temp: T_2030, Visc: V_0045, Quality: Q_P"
B2023-0677,1768263966.612141,35.23,28.52,0.1403,11.07,4.87,7.38,6.3,1,0,N_2040,T_2030,V_0045,WF_0515,PH_1,Q_P,"Speed: N_2040, Temp: T_2030, Visc: V_0045, Quality: Q_P"
B2023-0678,1768264026.612141,28.38,29.74,0.1422,5.72,5.95,5.26,5.19,1,0,N_2040,T_2030,V_0045,WF_0515,PH_1,Q_P,"Speed: N_2040, Temp: T_2030, Visc: V_0045, Quality: Q_P"
B2023-0679,1768264086.612141,32.9,44.66,0.2969,10.61,2.36,4.94,4.44,2,0,N_2040,T_4050,V_0045,WF_0515,PH_2,Q_P,"Speed: N_2040, Temp: T_4050, Visc: V_0045, Quality: Q_P"
B2023-0680,1768264146.612141,20.44,21.01,0.2618,8.33,8.87,6.76,8.74,1,0,N_2040,T_2030,V_0045,WF_0515,PH_1,Q_P,"Speed: N_2040, Temp: T_2030, Visc: V_0045, Quality: Q_P"
B2023-0681,1768264206.612141,49.09,40.76,0.2158,8.97,7.05,3.77,7.44,2,0,N_4060,T_4050,V_0045,WF_0515,PH_2,Q_P,"Speed: N_4060, Temp: T_4050, Visc: V_0045, Quality: Q_P"
B2023-0682,1768264266.612141,37.38,52.18,0.3983,12.41,5.11,7.41,7.28,2,0,N_2040,T_5060,V_0045,WF_0515,PH_2,Q_P,"Speed: N_2040, Temp: T_5060, Visc: V_0045, Quality: Q_P"
B2023-0683,1768264326.612141,30.2,29.17,0.143,10.86,3.66,7.51,8.43,1,0,N_2040,T_2030,V_0045,WF_0515,PH_1,Q_P,"Speed: N_2040, Temp: T_2030, Visc: V_0045, Quality: Q_P"
B2023-0684,1768264386.612141,26.42,38.1,0.1098,7.61,4.51,3.08,8.08,1,0,N_2040,T_3040,V_0045,WF_0515,PH_1,Q_P,"Speed: N_2040, Temp: T_3040, Visc: V_0045, Quality: Q_P"
B2023-0685,1768264446.612141,45.4,42.99,0.3176,8.24,4.03,7.93,8.93,2,0,N_4060,T_4050,V_0045,WF_0515,PH_2,Q_P,"Speed: N_4060, Temp: T_4050, Visc: V_0045, Quality: Q_P"
B2023-0686,1768264506.612141,18.78,7.33,0.469,12.29,8.35,5.71,7.23,2,1,N_0020,T_010,V_4550,WF_0515,PH_2,Q_F,"Speed: N_0020, Temp: T_010, Visc: V_4550, Quality: Q_F"
B2023-0687,1768264566.612141,74.16,52.69,0.3259,0.62,8.93,5.26,5.3,1,1,N_6080,T_5060,V_0045,WF_0005,PH_1,Q_F,"Speed: N_6080, Temp: T_5060, Visc: V_0045, Quality: Q_F"
B2023-0688,1768264626.612141,69.49,57.28,0.2591,0.92,3.6,7.68,5.43,2,1,N_6080,T_5060,V_0045,WF_0005,PH_2,Q_F,"Speed: N_6080, Temp: T_5060, Visc: V_0045, Quality: Q_F"
B2023-0689,1768264686.612141,39.36,45.55,0.3575,13.03,2.58,7.27,7.99,2,0,N_2040,T_4050,V_0045,WF_0515,PH_2,Q_P,"Speed: N_2040, Temp: T_4050, Visc: V_0045, Quality: Q_P"
B2023-0690,1768264746.612141,26.73,16.19,0.4798,5.8,4.72,6.71,5.68,2,1,N_2040,T_1020,V_4550,WF_0515,PH_2,Q_F,"Speed: N_2040, Temp: T_1020, Visc: V_4550, Quality: Q_F"
B2023-0691,1768264806.612141,38.88,20.42,0.1639,8.68,5.1,4.45,5.06,1,0,N_2040,T_2030,V_0045,WF_0515,PH_1,Q_P,"Speed: N_2040, Temp: T_2030, Visc: V_0045, Quality: Q_P"
B2023-0692,1768264866.612141,26.11,16.55,0.4784,2.46,8.09,3.35,5.84,2,1,N_2040,T_1020,V_4550,WF_0005,PH_2,Q_F,"Speed: N_2040, Temp: T_1020, Visc: V_4550, Quality: Q_F"
B2023-0693,1768264926.612141,34.06,46.45,0.2997,9.31,2.89,7.36,5.82,2,0,N_2040,T_4050,V_0045,WF_0515,PH_2,Q_P,"Speed: N_2040, Temp: T_4050, Visc: V_0045, Quality: Q_P"
B2023-0694,1768264986.612141,27.66,22.3,0.2468,11.05,4.06,3.42,5.91,1,0,N_2040,T_2030,V_0045,WF_0515,PH_1,Q_P,"Speed: N_2040, Temp: T_2030, Visc: V_0045, Quality: Q_P"
B2023-0695,1768265046.612141,20.88,26.08,0.265,13.82,3.54,5.07,5.68,1,0,N_2040,T_2030,V_0045,WF_0515,PH_1,Q_P,"Speed: N_2040, Temp: T_2030, Visc: V_0045, Quality: Q_P"
B2023-0696,1768265106.612141,76.87,57.67,0.3846,1.97,8.61,7.3,6.12,1,1,N_6080,T_5060,V_0045,WF_0005,PH_1,Q_F,"Speed: N_6080, Temp: T_5060, Visc: V_0045, Quality: Q_F"
B2023-0697,1768265166.612141,35.38,30.35,0.1226,10.16,4.88,5.86,7.92,1,0,N_2040,T_3040,V_0045,WF_0515,PH_1,Q_P,"Speed: N_2040, Temp: T_3040, Visc: V_0045, Quality: Q_P"
B2023-0698,1768265226.612141,33.16,24.01,0.282,10.1,5.29,5.73,8.71,1,0,N_2040,T_2030,V_0045,WF_0515,PH_1,Q_P,"Speed: N_2040, Temp: T_2030, Visc: V_0045, Quality: Q_P"
B2023-0699,1768265286.612141,71.03,49.36,0.329,1.7,6.82,3.74,6.78,2,1,N_6080,T_4050,V_0045,WF_0005,PH_2,Q_F,"Speed: N_6080, Temp: T_4050, Visc: V_0045, Quality: Q_F"
B2023-0700,1768265346.612141,10.15,5.33,0.4975,4.5,2.02,6.19,7.94,1,1,N_0020,T_010,V_4550,WF_0005,PH_1,Q_F,"Speed: N_0020, Temp: T_010, Visc: V_4550, Quality: Q_F"
B2023-0701,1768265406.612141,33.31,49.47,0.352,7.2,5.11,8.12,4.19,2,0,N_2040,T_4050,V_0045,WF_0515,PH_2,Q_P,"Speed: N_2040, Temp: T_4050, Visc: V_0045, Quality: Q_P"
B2023-0702,1768265466.612141,34.42,28.37,0.2923,12.51,4.02,6.84,5.55,1,0,N_2040,T_2030,V_0045,WF_0515,PH_1,Q_P,"Speed: N_2040, Temp: T_2030, Visc: V_0045, Quality: Q_P"
B2023-0703,1768265526.612141,41.44,47.62,0.3242,13.34,2.91,4.72,4.24,2,0,N_4060,T_4050,V_0045,WF_0515,PH_2,Q_P,"Speed: N_4060, Temp: T_4050, Visc: V_0045, Quality: Q_P"
B2023-0704,1768265586.612141,46.33,52.63,0.2392,11.41,4.2,5.03,7.77,2,0,N_4060,T_5060,V_0045,WF_0515,PH_2,Q_P,"Speed: N_4060, Temp: T_5060, Visc: V_0045, Quality: Q_P"
B2023-0705,1768265646.612141,44.57,50.04,0.3815,12.56,3.14,4.56,7.08,2,0,N_4060,T_5060,V_0045,WF_0515,PH_2,Q_P,"Speed: N_4060, Temp: T_5060, Visc: V_0045, Quality: Q_P"
B2023-0706,1768265706.612141,21.5,6.33,0.4644,6.32,6.44,8.14,8.7,2,1,N_2040,T_010,V_4550,WF_0515,PH_2,Q_F,"Speed: N_2040, Temp: T_010, Visc: V_4550, Quality: Q_F"
B2023-0707,1768265766.612141,32.81,33.02,0.1075,13.24,8.03,5.28,7.18,1,0,N_2040,T_3040,V_0045,WF_0515,PH_1,Q_P,"Speed: N_2040, Temp: T_3040, Visc: V_0045, Quality: Q_P"
B2023-0708,1768265826.612141,49.29,41.19,0.2084,5.64,5.39,7.58,5.7,2,0,N_4060,T_4050,V_0045,WF_0515,PH_2,Q_P,"Speed: N_4060, Temp: T_4050, Visc: V_0045, Quality: Q_P"
B2023-0709,1768265886.612141,32.99,48.72,0.2888,6.2,4.33,4.83,4.78,2,0,N_2040,T_4050,V_0045,WF_0515,PH_2,Q_P,"Speed: N_2040, Temp: T_4050, Visc: V_0045, Quality: Q_P"
B2023-0710,1768265946.612141,29.37,37.4,0.2694,10.1,7.15,6.08,6.66,1,0,N_2040,T_3040,V_0045,WF_0515,PH_1,Q_P,"Speed: N_2040, Temp: T_3040, Visc: V_0045, Quality: Q_P"
B2023-0711,1768266006.612141,41.66,53.36,0.2773,10.77,5.47,3.72,4.94,2,0,N_4060,T_5060,V_0045,WF_0515,PH_2,Q_P,"Speed: N_4060, Temp: T_5060, Visc: V_0045, Quality: Q_P"
B2023-0712,1768266066.612141,35.85,21.22,0.247,11.32,5.78,8.75,4.62,1,0,N_2040,T_2030,V_0045,WF_0515,PH_1,Q_P,"Speed: N_2040, Temp: T_2030, Visc: V_0045, Quality: Q_P"
B2023-0713,1768266126.612141,23.64,23.53,0.1573,11.95,6.21,8.47,5.98,1,0,N_2040,T_2030,V_0045,WF_0515,PH_1,Q_P,"Speed: N_2040, Temp: T_2030, Visc: V_0045, Quality: Q_P"
B2023-0714,1768266186.612141,34.55,33.35,0.1878,12.72,4.44,6.8,5.58,1,0,N_2040,T_3040,V_0045,WF_0515,PH_1,Q_P,"Speed: N_2040, Temp: T_3040, Visc: V_0045, Quality: Q_P"
B2023-0715,1768266246.612141,15.83,16.8,0.4778,11.82,8.12,6.4,8.69,2,1,N_0020,T_1020,V_4550,WF_0515,PH_2,Q_F,"Speed: N_0020, Temp: T_1020, Visc: V_4550, Quality: Q_F"
B2023-0716,1768266306.612141,16.07,23.49,0.4924,2.12,2.22,6.34,6.53,2,1,N_0020,T_2030,V_4550,WF_0005,PH_2,Q_F,"Speed: N_0020, Temp: T_2030, Visc: V_4550, Quality: Q_F"
B2023-0717,1768266366.612141,26.41,26.79,0.2458,5.11,6.67,3.31,8.16,1,0,N_2040,T_2030,V_0045,WF_0515,PH_1,Q_P,"Speed: N_2040, Temp: T_2030, Visc: V_0045, Quality: Q_P"
B2023-0718,1768266426.612141,31.26,49.94,0.3117,6.38,3.91,5.26,8.35,2,0,N_2040,T_4050,V_0045,WF_0515,PH_2,Q_P,"Speed: N_2040, Temp: T_4050, Visc: V_0045, Quality: Q_P"
B2023-0719,1768266486.612141,26.79,24.74,0.282,10.73,5.38,8.22,6.68,1,0,N_2040,T_2030,V_0045,WF_0515,PH_1,Q_P,"Speed: N_2040, Temp: T_2030, Visc: V_0045, Quality: Q_P"
B2023-0720,1768266546.612141,37.66,35.28,0.1077,13.64,5.17,4.14,6.37,1,0,N_2040,T_3040,V_0045,WF_0515,PH_1,Q_P,"Speed: N_2040, Temp: T_3040, Visc: V_0045, Quality: Q_P"
B2023-0721,1768266606.612141,36.57,51.72,0.3333,13.76,2.77,5.31,6.06,2,0,N_2040,T_5060,V_0045,WF_0515,PH_2,Q_P,"Speed: N_2040, Temp: T_5060, Visc: V_0045, Quality: Q_P"
B2023-0722,1768266666.612141,38.72,37.84,0.188,6.38,2.93,5.0,5.16,1,0,N_2040,T_3040,V_0045,WF_0515,PH_1,Q_P,"Speed: N_2040, Temp: T_3040, Visc: V_0045, Quality: Q_P"
B2023-0723,1768266726.612141,47.91,42.78,0.2673,6.56,8.11,8.97,4.29,2,0,N_4060,T_4050,V_0045,WF_0515,PH_2,Q_P,"Speed: N_4060, Temp: T_4050, Visc: V_0045, Quality: Q_P"
B2023-0724,1768266786.612141,33.19,44.34,0.2701,7.55,7.31,5.42,4.19,2,0,N_2040,T_4050,V_0045,WF_0515,PH_2,Q_P,"Speed: N_2040, Temp: T_4050, Visc: V_0045, Quality: Q_P"
B2023-0725,1768266846.612141,30.82,55.0,0.2524,12.79,4.31,4.48,7.37,2,0,N_2040,T_5060,V_0045,WF_0515,PH_2,Q_P,"Speed: N_2040, Temp: T_5060, Visc: V_0045, Quality: Q_P"
B2023-0726,1768266906.612141,38.5,40.43,0.3707,12.6,5.73,8.55,8.85,2,0,N_2040,T_4050,V_0045,WF_0515,PH_2,Q_P,"Speed: N_2040, Temp: T_4050, Visc: V_0045, Quality: Q_P"
B2023-0727,1768266966.612141,38.28,41.29,0.3111,9.97,2.27,8.18,7.45,2,0,N_2040,T_4050,V_0045,WF_0515,PH_2,Q_P,"Speed: N_2040, Temp: T_4050, Visc: V_0045, Quality: Q_P"
B2023-0728,1768267026.612141,21.11,21.81,0.2091,13.02,5.47,6.45,6.57,1,0,N_2040,T_2030,V_0045,WF_0515,PH_1,Q_P,"Speed: N_2040, Temp: T_2030, Visc: V_0045, Quality: Q_P"
B2023-0729,1768267086.612141,32.61,39.6,0.1039,12.42,2.06,5.1,4.31,1,0,N_2040,T_3040,V_0045,WF_0515,PH_1,Q_P,"Speed: N_2040, Temp: T_3040, Visc: V_0045, Quality: Q_P"
B2023-0730,1768267146.612141,38.36,43.93,0.2972,9.72,7.73,8.23,8.48,2,0,N_2040,T_4050,V_0045,WF_0515,PH_2,Q_P,"Speed: N_2040, Temp: T_4050, Visc: V_0045, Quality: Q_P"
B2023-0731,1768267206.612141,21.91,29.19,0.2474,13.98,3.75,8.35,4.71,1,0,N_2040,T_2030,V_0045,WF_0515,PH_1,Q_P,"Speed: N_2040, Temp: T_2030, Visc: V_0045, Quality: Q_P"
B2023-0732,1768267266.612141,18.19,12.74,0.4614,11.61,6.61,5.86,5.6,2,1,N_0020,T_1020,V_4550,WF_0515,PH_2,Q_F,"Speed: N_0020, Temp: T_1020, Visc: V_4550, Quality: Q_F"
B2023-0733,1768267326.612141,48.9,49.68,0.3545,5.57,6.54,3.31,7.66,2,0,N_4060,T_4050,V_0045,WF_0515,PH_2,Q_P,"Speed: N_4060, Temp: T_4050, Visc: V_0045, Quality: Q_P"
B2023-0734,1768267386.612141,33.31,47.96,0.3701,13.29,5.78,8.17,5.34,2,0,N_2040,T_4050,V_0045,WF_0515,PH_2,Q_P,"Speed: N_2040, Temp: T_4050, Visc: V_0045, Quality: Q_P"
B2023-0735,1768267446.612141,24.28,31.1,0.201,13.94,7.09,7.16,5.65,1,0,N_2040,T_3040,V_0045,WF_0515,PH_1,Q_P,"Speed: N_2040, Temp: T_3040, Visc: V_0045, Quality: Q_P"
B2023-0736,1768267506.612141,40.14,48.78,0.276,10.94,3.78,3.69,4.44,2,0,N_4060,T_4050,V_0045,WF_0515,PH_2,Q_P,"Speed: N_4060, Temp: T_4050, Visc: V_0045, Quality: Q_P"
B2023-0737,1768267566.612141,30.6,29.06,0.1152,11.74,2.14,8.48,6.19,1,0,N_2040,T_2030,V_0045,WF_0515,PH_1,Q_P,"Speed: N_2040, Temp: T_2030, Visc: V_0045, Quality: Q_P"
B2023-0738,1768267626.612141,27.1,20.77,0.2858,13.52,7.23,3.21,5.56,1,0,N_2040,T_2030,V_0045,WF_0515,PH_1,Q_P,"Speed: N_2040, Temp: T_2030, Visc: V_0045, Quality: Q_P"
B2023-0739,1768267686.612141,40.2,53.01,0.2991,12.87,3.71,4.57,8.81,2,0,N_4060,T_5060,V_0045,WF_0515,PH_2,Q_P,"Speed: N_4060, Temp: T_5060, Visc: V_0045, Quality: Q_P"
B2023-0740,1768267746.612141,34.06,47.68,0.2454,12.38,8.78,8.82,6.89,2,0,N_2040,T_4050,V_0045,WF_0515,PH_2,Q_P,"Speed: N_2040, Temp: T_4050, Visc: V_0045, Quality: Q_P"
B2023-0741,1768267806.612141,28.49,22.84,0.2742,11.89,3.31,6.05,5.46,1,0,N_2040,T_2030,V_0045,WF_0515,PH_1,Q_P,"Speed: N_2040, Temp: T_2030, Visc: V_0045, Quality: Q_P"
B2023-0742,1768267866.612141,39.17,46.16,0.3966,11.71,4.83,4.89,6.55,2,0,N_2040,T_4050,V_0045,WF_0515,PH_2,Q_P,"Speed: N_2040, Temp: T_4050, Visc: V_0045, Quality: Q_P"
B2023-0743,1768267926.612141,67.18,40.44,0.3448,4.77,3.35,8.41,4.42,1,1,N_6080,T_4050,V_0045,WF_0005,PH_1,Q_F,"Speed: N_6080, Temp: T_4050, Visc: V_0045, Quality: Q_F"
B2023-0744,1768267986.612141,32.14,28.66,0.2562,10.71,7.79,7.11,7.85,1,0,N_2040,T_2030,V_0045,WF_0515,PH_1,Q_P,"Speed: N_2040, Temp: T_2030, Visc: V_0045, Quality: Q_P"
B2023-0745,1768268046.612141,45.19,41.75,0.2529,12.23,3.43,3.85,4.84,2,0,N_4060,T_4050,V_0045,WF_0515,PH_2,Q_P,"Speed: N_4060, Temp: T_4050, Visc: V_0045, Quality: Q_P"
B2023-0746,1768268106.612141,34.57,51.5,0.2571,6.16,6.27,4.16,8.34,2,0,N_2040,T_5060,V_0045,WF_0515,PH_2,Q_P,"Speed: N_2040, Temp: T_5060, Visc: V_0045, Quality: Q_P"
B2023-0747,1768268166.612141,14.28,14.88,0.4644,13.83,4.09,8.2,5.52,2,1,N_0020,T_1020,V_4550,WF_0515,PH_2,Q_F,"Speed: N_0020, Temp: T_1020, Visc: V_4550, Quality: Q_F"
B2023-0748,1768268226.612141,24.5,26.57,0.2083,11.02,5.95,4.0,8.72,1,0,N_2040,T_2030,V_0045,WF_0515,PH_1,Q_P,"Speed: N_2040, Temp: T_2030, Visc: V_0045, Quality: Q_P"
B2023-0749,1768268286.612141,43.48,48.13,0.2895,6.04,5.59,4.59,6.31,2,0,N_4060,T_4050,V_0045,WF_0515,PH_2,Q_P,"Speed: N_4060, Temp: T_4050, Visc: V_0045, Quality: Q_P"
B2023-0750,1768268346.612141,48.92,42.14,0.2944,5.83,5.44,4.57,5.63,2,0,N_4060,T_4050,V_0045,WF_0515,PH_2,Q_P,"Speed: N_4060, Temp: T_4050, Visc: V_0045, Quality: Q_P"
B2023-0751,1768268406.612141,34.41,52.16,0.2815,13.13,4.92,5.27,4.69,2,0,N_2040,T_5060,V_0045,WF_0515,PH_2,Q_P,"Speed: N_2040, Temp: T_5060, Visc: V_0045, Quality: Q_P"
B2023-0752,1768268466.612141,65.12,55.41,0.3907,4.31,8.04,7.43,6.17,2,1,N_6080,T_5060,V_0045,WF_0005,PH_2,Q_F,"Speed: N_6080, Temp: T_5060, Visc: V_0045, Quality: Q_F"
B2023-0753,1768268526.612141,37.03,38.63,0.2231,13.32,7.5,8.89,5.01,1,0,N_2040,T_3040,V_0045,WF_0515,PH_1,Q_P,"Speed: N_2040, Temp: T_3040, Visc: V_0045, Quality: Q_P"
B2023-0754,1768268586.612141,31.19,21.98,0.272,5.57,7.32,4.87,7.77,1,0,N_2040,T_2030,V_0045,WF_0515,PH_1,Q_P,"Speed: N_2040, Temp: T_2030, Visc: V_0045, Quality: Q_P"
B2023-0755,1768268646.612141,33.06,27.64,0.2054,13.01,3.8,4.1,6.45,1,0,N_2040,T_2030,V_0045,WF_0515,PH_1,Q_P,"Speed: N_2040, Temp: T_2030, Visc: V_0045, Quality: Q_P"
B2023-0756,1768268706.612141,37.91,41.27,0.327,10.28,6.55,7.4,5.55,2,0,N_2040,T_4050,V_0045,WF_0515,PH_2,Q_P,"Speed: N_2040, Temp: T_4050, Visc: V_0045, Quality: Q_P"
B2023-0757,1768268766.612141,31.15,54.96,0.2568,10.47,8.19,3.62,8.63,2,0,N_2040,T_5060,V_0045,WF_0515,PH_2,Q_P,"Speed: N_2040, Temp: T_5060, Visc: V_0045, Quality: Q_P"
B2023-0758,1768268826.612141,68.13,47.79,0.2515,2.13,7.17,3.06,4.88,2,1,N_6080,T_4050,V_0045,WF_0005,PH_2,Q_F,"Speed: N_6080, Temp: T_4050, Visc: V_0045, Quality: Q_F"
B2023-0759,1768268886.612141,46.77,54.34,0.2171,10.48,7.81,7.32,6.89,2,0,N_4060,T_5060,V_0045,WF_0515,PH_2,Q_P,"Speed: N_4060, Temp: T_5060, Visc: V_0045, Quality: Q_P"
B2023-0760,1768268946.612141,36.54,32.66,0.2345,7.91,7.99,4.85,7.44,1,0,N_2040,T_3040,V_0045,WF_0515,PH_1,Q_P,"Speed: N_2040, Temp: T_3040, Visc: V_0045, Quality: Q_P"
B2023-0761,1768269006.612141,45.73,40.51,0.282,10.12,8.04,5.06,8.2,2,0,N_4060,T_4050,V_0045,WF_0515,PH_2,Q_P,"Speed: N_4060, Temp: T_4050, Visc: V_0045, Quality: Q_P"
B2023-0762,1768269066.612141,23.55,23.21,0.4959,10.43,6.11,8.18,6.16,2,1,N_2040,T_2030,V_4550,WF_0515,PH_2,Q_F,"Speed: N_2040, Temp: T_2030, Visc: V_4550, Quality: Q_F"
B2023-0763,1768269126.612141,43.05,45.24,0.3325,5.51,7.25,5.43,7.58,2,0,N_4060,T_4050,V_0045,WF_0515,PH_2,Q_P,"Speed: N_4060, Temp: T_4050, Visc: V_0045, Quality: Q_P"
B2023-0764,1768269186.612141,33.5,51.67,0.2252,13.03,7.61,7.53,5.49,2,0,N_2040,T_5060,V_0045,WF_0515,PH_2,Q_P,"Speed: N_2040, Temp: T_5060, Visc: V_0045, Quality: Q_P"
B2023-0765,1768269246.612141,37.3,25.91,0.2095,13.57,7.9,7.58,7.79,1,0,N_2040,T_2030,V_0045,WF_0515,PH_1,Q_P,"Speed: N_2040, Temp: T_2030, Visc: V_0045, Quality: Q_P"
B2023-0766,1768269306.612141,20.79,33.32,0.2394,8.86,8.39,4.92,6.98,1,0,N_2040,T_3040,V_0045,WF_0515,PH_1,Q_P,"Speed: N_2040, Temp: T_3040, Visc: V_0045, Quality: Q_P"
B2023-0767,1768269366.612141,30.77,43.76,0.3301,9.17,7.18,8.59,7.76,2,0,N_2040,T_4050,V_0045,WF_0515,PH_2,Q_P,"Speed: N_2040, Temp: T_4050, Visc: V_0045, Quality: Q_P"
B2023-0768,1768269426.612141,23.88,28.02,0.2552,10.21,7.34,8.18,4.61,1,0,N_2040,T_2030,V_0045,WF_0515,PH_1,Q_P,"Speed: N_2040, Temp: T_2030, Visc: V_0045, Quality: Q_P"
B2023-0769,1768269486.612141,41.14,46.12,0.3035,13.62,4.31,6.41,6.69,2,0,N_4060,T_4050,V_0045,WF_0515,PH_2,Q_P,"Speed: N_4060, Temp: T_4050, Visc: V_0045, Quality: Q_P"
B2023-0770,1768269546.612141,28.32,35.34,0.1917,9.55,3.54,6.46,7.46,1,0,N_2040,T_3040,V_0045,WF_0515,PH_1,Q_P,"Speed: N_2040, Temp: T_3040, Visc: V_0045, Quality: Q_P"
B2023-0771,1768269606.612141,45.33,50.25,0.2965,12.47,4.05,3.36,7.59,2,0,N_4060,T_5060,V_0045,WF_0515,PH_2,Q_P,"Speed: N_4060, Temp: T_5060, Visc: V_0045, Quality: Q_P"
B2023-0772,1768269666.612141,47.64,51.23,0.2298,6.31,3.97,8.83,5.83,2,0,N_4060,T_5060,V_0045,WF_0515,PH_2,Q_P,"Speed: N_4060, Temp: T_5060, Visc: V_0045, Quality: Q_P"
B2023-0773,1768269726.612141,15.11,23.84,0.4775,7.25,9.0,8.59,5.59,1,1,N_0020,T_2030,V_4550,WF_0515,PH_1,Q_F,"Speed: N_0020, Temp: T_2030, Visc: V_4550, Quality: Q_F"
B2023-0774,1768269786.612141,27.9,27.67,0.2487,6.44,3.42,4.78,6.16,1,0,N_2040,T_2030,V_0045,WF_0515,PH_1,Q_P,"Speed: N_2040, Temp: T_2030, Visc: V_0045, Quality: Q_P"
B2023-0775,1768269846.612141,37.91,43.96,0.2659,5.11,3.37,8.16,7.47,2,0,N_2040,T_4050,V_0045,WF_0515,PH_2,Q_P,"Speed: N_2040, Temp: T_4050, Visc: V_0045, Quality: Q_P"
B2023-0776,1768269906.612141,21.83,20.79,0.1355,5.41,7.26,6.23,5.99,1,0,N_2040,T_2030,V_0045,WF_0515,PH_1,Q_P,"Speed: N_2040, Temp: T_2030, Visc: V_0045, Quality: Q_P"
B2023-0777,1768269966.612141,76.55,56.17,0.1526,0.59,6.62,7.47,5.04,1,1,N_6080,T_5060,V_0045,WF_0005,PH_1,Q_F,"Speed: N_6080, Temp: T_5060, Visc: V_0045, Quality: Q_F"
B2023-0778,1768270026.612141,21.7,23.74,0.4731,9.05,5.92,4.55,7.49,1,1,N_2040,T_2030,V_4550,WF_0515,PH_1,Q_F,"Speed: N_2040, Temp: T_2030, Visc: V_4550, Quality: Q_F"
B2023-0779,1768270086.612141,37.59,34.75,0.1892,6.5,5.33,4.35,8.72,1,0,N_2040,T_3040,V_0045,WF_0515,PH_1,Q_P,"Speed: N_2040, Temp: T_3040, Visc: V_0045, Quality: Q_P"
B2023-0780,1768270146.612141,29.79,29.38,0.2681,13.28,3.88,5.54,6.7,1,0,N_2040,T_2030,V_0045,WF_0515,PH_1,Q_P,"Speed: N_2040, Temp: T_2030, Visc: V_0045, Quality: Q_P"
B2023-0781,1768270206.612141,34.27,36.8,0.2457,10.65,2.17,6.68,7.71,1,0,N_2040,T_3040,V_0045,WF_0515,PH_1,Q_P,"Speed: N_2040, Temp: T_3040, Visc: V_0045, Quality: Q_P"
B2023-0782,1768270266.612141,36.27,45.32,0.349,10.91,2.92,4.74,4.16,2,0,N_2040,T_4050,V_0045,WF_0515,PH_2,Q_P,"Speed: N_2040, Temp: T_4050, Visc: V_0045, Quality: Q_P"
B2023-0783,1768270326.612141,44.36,44.64,0.358,12.07,8.02,4.15,8.97,2,0,N_4060,T_4050,V_0045,WF_0515,PH_2,Q_P,"Speed: N_4060, Temp: T_4050, Visc: V_0045, Quality: Q_P"
B2023-0784,1768270386.612141,75.76,59.31,0.1516,0.74,5.9,3.41,7.29,1,1,N_6080,T_5060,V_0045,WF_0005,PH_1,Q_F,"Speed: N_6080, Temp: T_5060, Visc: V_0045, Quality: Q_F"
B2023-0785,1768270446.612141,39.02,47.82,0.3688,6.05,5.0,5.75,7.93,2,0,N_2040,T_4050,V_0045,WF_0515,PH_2,Q_P,"Speed: N_2040, Temp: T_4050, Visc: V_0045, Quality: Q_P"
B2023-0786,1768270506.612141,29.05,38.4,0.2747,10.72,4.05,7.88,4.8,1,0,N_2040,T_3040,V_0045,WF_0515,PH_1,Q_P,"Speed: N_2040, Temp: T_3040, Visc: V_0045, Quality: Q_P"
B2023-0787,1768270566.612141,21.26,26.76,0.1252,12.96,5.24,5.78,5.44,1,0,N_2040,T_2030,V_0045,WF_0515,PH_1,Q_P,"Speed: N_2040, Temp: T_2030, Visc: V_0045, Quality: Q_P"
B2023-0788,1768270626.612141,34.85,52.32,0.2063,11.44,3.25,4.33,5.36,2,0,N_2040,T_5060,V_0045,WF_0515,PH_2,Q_P,"Speed: N_2040, Temp: T_5060, Visc: V_0045, Quality: Q_P"
B2023-0789,1768270686.612141,30.45,36.12,0.2257,7.57,3.98,7.62,7.88,1,0,N_2040,T_3040,V_0045,WF_0515,PH_1,Q_P,"Speed: N_2040, Temp: T_3040, Visc: V_0045, Quality: Q_P"
B2023-0790,1768270746.612141,37.85,20.47,0.1639,6.75,2.06,3.03,6.91,1,0,N_2040,T_2030,V_0045,WF_0515,PH_1,Q_P,"Speed: N_2040, Temp: T_2030, Visc: V_0045, Quality: Q_P"
B2023-0791,1768270806.612141,29.62,29.47,0.2833,12.82,7.49,8.31,6.61,1,0,N_2040,T_2030,V_0045,WF_0515,PH_1,Q_P,"Speed: N_2040, Temp: T_2030, Visc: V_0045, Quality: Q_P"
B2023-0792,1768270866.612141,77.62,59.3,0.2111,0.17,3.84,3.8,4.94,1,1,N_6080,T_5060,V_0045,WF_0005,PH_1,Q_F,"Speed: N_6080, Temp: T_5060, Visc: V_0045, Quality: Q_F"
B2023-0793,1768270926.612141,28.8,15.92,0.4636,6.37,6.78,7.97,5.31,1,1,N_2040,T_1020,V_4550,WF_0515,PH_1,Q_F,"Speed: N_2040, Temp: T_1020, Visc: V_4550, Quality: Q_F"
B2023-0794,1768270986.612141,35.85,54.24,0.3092,12.66,4.19,8.78,5.73,2,0,N_2040,T_5060,V_0045,WF_0515,PH_2,Q_P,"Speed: N_2040, Temp: T_5060, Visc: V_0045, Quality: Q_P"
B2023-0795,1768271046.612141,27.7,31.31,0.2788,12.36,2.49,6.52,5.14,1,0,N_2040,T_3040,V_0045,WF_0515,PH_1,Q_P,"Speed: N_2040, Temp: T_3040, Visc: V_0045, Quality: Q_P"
B2023-0796,1768271106.612141,36.99,42.2,0.2404,11.53,4.84,7.58,7.5,2,0,N_2040,T_4050,V_0045,WF_0515,PH_2,Q_P,"Speed: N_2040, Temp: T_4050, Visc: V_0045, Quality: Q_P"
B2023-0797,1768271166.612141,24.85,29.31,0.2978,11.76,6.42,7.95,7.21,1,0,N_2040,T_2030,V_0045,WF_0515,PH_1,Q_P,"Speed: N_2040, Temp: T_2030, Visc: V_0045, Quality: Q_P"
B2023-0798,1768271226.612141,76.67,32.11,0.1025,2.0,4.93,7.4,5.8,2,1,N_6080,T_3040,V_0045,WF_0005,PH_2,Q_F,"Speed: N_6080, Temp: T_3040, Visc: V_0045, Quality: Q_F"
B2023-0799,1768271286.612141,43.06,50.85,0.2529,11.77,7.27,8.3,8.76,2,0,N_4060,T_5060,V_0045,WF_0515,PH_2,Q_P,"Speed: N_4060, Temp: T_5060, Visc: V_0045, Quality: Q_P"
B2023-0800,1768271346.612141,45.67,49.4,0.2893,5.33,7.4,8.35,7.27,2,0,N_4060,T_4050,V_0045,WF_0515,PH_2,Q_P,"Speed: N_4060, Temp: T_4050, Visc: V_0045, Quality: Q_P"
B2023-0801,1768271406.612141,39.03,26.66,0.2564,12.29,3.92,7.66,4.55,1,0,N_2040,T_2030,V_0045,WF_0515,PH_1,Q_P,"Speed: N_2040, Temp: T_2030, Visc: V_0045, Quality: Q_P"
B2023-0802,1768271466.612141,37.13,53.18,0.3306,11.68,5.12,7.55,4.69,2,0,N_2040,T_5060,V_0045,WF_0515,PH_2,Q_P,"Speed: N_2040, Temp: T_5060, Visc: V_0045, Quality: Q_P"
B2023-0803,1768271526.612141,26.64,9.25,0.4785,5.58,6.71,7.43,4.09,2,1,N_2040,T_010,V_4550,WF_0515,PH_2,Q_F,"Speed: N_2040, Temp: T_010, Visc: V_4550, Quality: Q_F"
B2023-0804,1768271586.612141,72.86,39.27,0.2329,3.81,2.23,8.05,7.4,1,1,N_6080,T_3040,V_0045,WF_0005,PH_1,Q_F,"Speed: N_6080, Temp: T_3040, Visc: V_0045, Quality: Q_F"
B2023-0805,1768271646.612141,21.51,27.38,0.1953,6.28,3.72,7.36,4.84,1,0,N_2040,T_2030,V_0045,WF_0515,PH_1,Q_P,"Speed: N_2040, Temp: T_2030, Visc: V_0045, Quality: Q_P"
B2023-0806,1768271706.612141,35.12,49.3,0.2577,5.77,6.24,3.71,4.22,2,0,N_2040,T_4050,V_0045,WF_0515,PH_2,Q_P,"Speed: N_2040, Temp: T_4050, Visc: V_0045, Quality: Q_P"
B2023-0807,1768271766.612141,77.71,30.13,0.3,1.3,5.9,8.35,6.6,1,1,N_6080,T_3040,V_0045,WF_0005,PH_1,Q_F,"Speed: N_6080, Temp: T_3040, Visc: V_0045, Quality: Q_F"
B2023-0808,1768271826.612141,36.39,47.96,0.2071,6.63,3.56,7.44,5.79,2,0,N_2040,T_4050,V_0045,WF_0515,PH_2,Q_P,"Speed: N_2040, Temp: T_4050, Visc: V_0045, Quality: Q_P"
B2023-0809,1768271886.612141,14.86,7.81,0.4922,2.6,6.66,6.02,8.66,1,1,N_0020,T_010,V_4550,WF_0005,PH_1,Q_F,"Speed: N_0020, Temp: T_010, Visc: V_4550, Quality: Q_F"
B2023-0810,1768271946.612141,31.62,20.43,0.2544,10.93,8.6,6.9,6.77,1,0,N_2040,T_2030,V_0045,WF_0515,PH_1,Q_P,"Speed: N_2040, Temp: T_2030, Visc: V_0045, Quality: Q_P"
B2023-0811,1768272006.612141,66.12,55.28,0.2867,3.18,2.82,4.19,5.48,2,1,N_6080,T_5060,V_0045,WF_0005,PH_2,Q_F,"Speed: N_6080, Temp: T_5060, Visc: V_0045, Quality: Q_F"
B2023-0812,1768272066.612141,68.77,46.36,0.1074,0.21,5.47,5.7,7.55,2,1,N_6080,T_4050,V_0045,WF_0005,PH_2,Q_F,"Speed: N_6080, Temp: T_4050, Visc: V_0045, Quality: Q_F"
B2023-0813,1768272126.612141,26.72,22.47,0.462,2.35,2.61,5.35,6.03,2,1,N_2040,T_2030,V_4550,WF_0005,PH_2,Q_F,"Speed: N_2040, Temp: T_2030, Visc: V_4550, Quality: Q_F"
B2023-0814,1768272186.612141,47.71,46.82,0.3309,5.48,5.08,7.53,4.3,2,0,N_4060,T_4050,V_0045,WF_0515,PH_2,Q_P,"Speed: N_4060, Temp: T_4050, Visc: V_0045, Quality: Q_P"
B2023-0815,1768272246.612141,39.82,54.32,0.3948,12.42,6.85,6.46,4.37,2,0,N_2040,T_5060,V_0045,WF_0515,PH_2,Q_P,"Speed: N_2040, Temp: T_5060, Visc: V_0045, Quality: Q_P"
B2023-0816,1768272306.612141,73.31,36.1,0.1309,0.96,8.64,3.25,4.52,1,1,N_6080,T_3040,V_0045,WF_0005,PH_1,Q_F,"Speed: N_6080, Temp: T_3040, Visc: V_0045, Quality: Q_F"
B2023-0817,1768272366.612141,29.03,21.77,0.1138,5.16,4.77,6.65,4.8,1,0,N_2040,T_2030,V_0045,WF_0515,PH_1,Q_P,"Speed: N_2040, Temp: T_2030, Visc: V_0045, Quality: Q_P"
B2023-0818,1768272426.612141,38.89,33.12,0.2828,13.76,4.44,4.2,5.63,1,0,N_2040,T_3040,V_0045,WF_0515,PH_1,Q_P,"Speed: N_2040, Temp: T_3040, Visc: V_0045, Quality: Q_P"
B2023-0819,1768272486.612141,32.31,28.9,0.2995,13.79,7.98,6.8,7.77,1,0,N_2040,T_2030,V_0045,WF_0515,PH_1,Q_P,"Speed: N_2040, Temp: T_2030, Visc: V_0045, Quality: Q_P"
B2023-0820,1768272546.612141,69.58,50.69,0.3904,0.31,2.34,5.01,6.83,1,1,N_6080,T_5060,V_0045,WF_0005,PH_1,Q_F,"Speed: N_6080, Temp: T_5060, Visc: V_0045, Quality: Q_F"
B2023-0821,1768272606.612141,21.47,23.14,0.4918,5.48,8.61,3.98,7.95,1,1,N_2040,T_2030,V_4550,WF_0515,PH_1,Q_F,"Speed: N_2040, Temp: T_2030, Visc: V_4550, Quality: Q_F"
B2023-0822,1768272666.612141,78.64,43.91,0.2396,2.78,2.97,6.0,7.02,2,1,N_6080,T_4050,V_0045,WF_0005,PH_2,Q_F,"Speed: N_6080, Temp: T_4050, Visc: V_0045, Quality: Q_F"
B2023-0823,1768272726.612141,72.71,56.3,0.3522,3.99,8.58,4.24,5.08,2,1,N_6080,T_5060,V_0045,WF_0005,PH_2,Q_F,"Speed: N_6080, Temp: T_5060, Visc: V_0045, Quality: Q_F"
B2023-0824,1768272786.612141,41.46,51.84,0.2878,5.12,3.6,6.62,4.52,2,0,N_4060,T_5060,V_0045,WF_0515,PH_2,Q_P,"Speed: N_4060, Temp: T_5060, Visc: V_0045, Quality: Q_P"
B2023-0825,1768272846.612141,30.55,48.75,0.3611,10.09,7.04,4.57,7.22,2,0,N_2040,T_4050,V_0045,WF_0515,PH_2,Q_P,"Speed: N_2040, Temp: T_4050, Visc: V_0045, Quality: Q_P"
B2023-0826,1768272906.612141,29.92,22.82,0.2501,7.69,7.74,6.56,7.54,1,0,N_2040,T_2030,V_0045,WF_0515,PH_1,Q_P,"Speed: N_2040, Temp: T_2030, Visc: V_0045, Quality: Q_P"
B2023-0827,1768272966.612141,26.77,22.68,0.2476,10.45,6.76,8.02,7.21,1,0,N_2040,T_2030,V_0045,WF_0515,PH_1,Q_P,"Speed: N_2040, Temp: T_2030, Visc: V_0045, Quality: Q_P"
B2023-0828,1768273026.612141,32.11,50.86,0.3648,6.41,3.73,4.94,4.7,2,0,N_2040,T_5060,V_0045,WF_0515,PH_2,Q_P,"Speed: N_2040, Temp: T_5060, Visc: V_0045, Quality: Q_P"
B2023-0829,1768273086.612141,37.59,25.13,0.188,12.07,4.73,7.3,4.82,1,0,N_2040,T_2030,V_0045,WF_0515,PH_1,Q_P,"Speed: N_2040, Temp: T_2030, Visc: V_0045, Quality: Q_P"
B2023-0830,1768273146.612141,36.71,50.47,0.2788,9.41,7.55,6.21,4.17,2,0,N_2040,T_5060,V_0045,WF_0515,PH_2,Q_P,"Speed: N_2040, Temp: T_5060, Visc: V_0045, Quality: Q_P"
B2023-0831,1768273206.612141,33.45,31.32,0.2095,12.43,2.42,4.92,6.79,1,0,N_2040,T_3040,V_0045,WF_0515,PH_1,Q_P,"Speed: N_2040, Temp: T_3040, Visc: V_0045, Quality: Q_P"
B2023-0832,1768273266.612141,35.01,27.4,0.2482,8.99,4.9,5.11,7.38,1,0,N_2040,T_2030,V_0045,WF_0515,PH_1,Q_P,"Speed: N_2040, Temp: T_2030, Visc: V_0045, Quality: Q_P"
B2023-0833,1768273326.612141,24.47,37.44,0.2262,7.82,2.29,4.14,8.01,1,0,N_2040,T_3040,V_0045,WF_0515,PH_1,Q_P,"Speed: N_2040, Temp: T_3040, Visc: V_0045, Quality: Q_P"
B2023-0834,1768273386.612141,22.01,25.05,0.1483,9.74,8.84,6.79,8.48,1,0,N_2040,T_2030,V_0045,WF_0515,PH_1,Q_P,"Speed: N_2040, Temp: T_2030, Visc: V_0045, Quality: Q_P"
B2023-0835,1768273446.612141,38.45,23.72,0.1786,6.99,3.28,6.81,7.18,1,0,N_2040,T_2030,V_0045,WF_0515,PH_1,Q_P,"Speed: N_2040, Temp: T_2030, Visc: V_0045, Quality: Q_P"
B2023-0836,1768273506.612141,29.81,32.07,0.1998,11.89,6.07,7.5,7.0,1,0,N_2040,T_3040,V_0045,WF_0515,PH_1,Q_P,"Speed: N_2040, Temp: T_3040, Visc: V_0045, Quality: Q_P"
B2023-0837,1768273566.612141,45.85,53.13,0.2797,10.16,2.43,3.09,7.2,2,0,N_4060,T_5060,V_0045,WF_0515,PH_2,Q_P,"Speed: N_4060, Temp: T_5060, Visc: V_0045, Quality: Q_P"
B2023-0838,1768273626.612141,65.43,50.78,0.343,4.53,8.56,5.54,7.63,2,1,N_6080,T_5060,V_0045,WF_0005,PH_2,Q_F,"Speed: N_6080, Temp: T_5060, Visc: V_0045, Quality: Q_F"
B2023-0839,1768273686.612141,27.28,34.27,0.2426,10.54,7.86,3.78,4.83,1,0,N_2040,T_3040,V_0045,WF_0515,PH_1,Q_P,"Speed: N_2040, Temp: T_3040, Visc: V_0045, Quality: Q_P"
B2023-0840,1768273746.612141,39.25,46.34,0.3824,5.66,3.76,5.54,6.83,2,0,N_2040,T_4050,V_0045,WF_0515,PH_2,Q_P,"Speed: N_2040, Temp: T_4050, Visc: V_0045, Quality: Q_P"
B2023-0841,1768273806.612141,34.89,25.04,0.2783,10.38,5.6,4.46,7.5,1,0,N_2040,T_2030,V_0045,WF_0515,PH_1,Q_P,"Speed: N_2040, Temp: T_2030, Visc: V_0045, Quality: Q_P"
B2023-0842,1768273866.612141,29.8,39.45,0.2671,5.53,6.91,5.35,5.02,1,0,N_2040,T_3040,V_0045,WF_0515,PH_1,Q_P,"Speed: N_2040, Temp: T_3040, Visc: V_0045, Quality: Q_P"
B2023-0843,1768273926.612141,72.29,42.4,0.3432,2.04,4.5,5.75,8.42,1,1,N_6080,T_4050,V_0045,WF_0005,PH_1,Q_F,"Speed: N_6080, Temp: T_4050, Visc: V_0045, Quality: Q_F"
B2023-0844,1768273986.612141,22.51,30.17,0.1375,11.71,8.26,8.14,7.76,1,0,N_2040,T_3040,V_0045,WF_0515,PH_1,Q_P,"Speed: N_2040, Temp: T_3040, Visc: V_0045, Quality: Q_P"
B2023-0845,1768274046.612141,69.3,55.31,0.2897,4.0,2.38,3.54,4.3,2,1,N_6080,T_5060,V_0045,WF_0005,PH_2,Q_F,"Speed: N_6080, Temp: T_5060, Visc: V_0045, Quality: Q_F"
B2023-0846,1768274106.612141,73.58,36.79,0.3902,3.12,7.68,6.91,8.91,2,1,N_6080,T_3040,V_0045,WF_0005,PH_2,Q_F,"Speed: N_6080, Temp: T_3040, Visc: V_0045, Quality: Q_F"
B2023-0847,1768274166.612141,21.63,35.78,0.1241,12.98,5.05,4.15,8.8,1,0,N_2040,T_3040,V_0045,WF_0515,PH_1,Q_P,"Speed: N_2040, Temp: T_3040, Visc: V_0045, Quality: Q_P"
B2023-0848,1768274226.612141,30.45,22.5,0.1281,5.93,8.83,6.65,6.93,1,0,N_2040,T_2030,V_0045,WF_0515,PH_1,Q_P,"Speed: N_2040, Temp: T_2030, Visc: V_0045, Quality: Q_P"
B2023-0849,1768274286.612141,37.73,28.98,0.2372,6.19,4.97,6.52,7.11,1,0,N_2040,T_2030,V_0045,WF_0515,PH_1,Q_P,"Speed: N_2040, Temp: T_2030, Visc: V_0045, Quality: Q_P"
B2023-0850,1768274346.612141,34.03,43.61,0.2162,13.11,8.21,3.04,4.52,2,0,N_2040,T_4050,V_0045,WF_0515,PH_2,Q_P,"Speed: N_2040, Temp: T_4050, Visc: V_0045, Quality: Q_P"
B2023-0851,1768274406.612141,22.63,14.07,0.4815,5.39,3.31,7.16,8.25,1,1,N_2040,T_1020,V_4550,WF_0515,PH_1,Q_F,"Speed: N_2040, Temp: T_1020, Visc: V_4550, Quality: Q_F"
B2023-0852,1768274466.612141,37.94,47.21,0.3938,9.19,6.57,3.76,5.98,2,0,N_2040,T_4050,V_0045,WF_0515,PH_2,Q_P,"Speed: N_2040, Temp: T_4050, Visc: V_0045, Quality: Q_P"
B2023-0853,1768274526.612141,35.75,27.66,0.2103,10.23,5.75,6.65,7.67,1,0,N_2040,T_2030,V_0045,WF_0515,PH_1,Q_P,"Speed: N_2040, Temp: T_2030, Visc: V_0045, Quality: Q_P"
B2023-0854,1768274586.612141,47.07,47.22,0.2894,8.35,3.41,3.93,8.38,2,0,N_4060,T_4050,V_0045,WF_0515,PH_2,Q_P,"Speed: N_4060, Temp: T_4050, Visc: V_0045, Quality: Q_P"
B2023-0855,1768274646.612141,78.09,50.45,0.1742,0.39,6.89,4.7,8.2,1,1,N_6080,T_5060,V_0045,WF_0005,PH_1,Q_F,"Speed: N_6080, Temp: T_5060, Visc: V_0045, Quality: Q_F"
B2023-0856,1768274706.612141,42.64,50.29,0.2663,7.79,3.45,6.46,8.97,2,0,N_4060,T_5060,V_0045,WF_0515,PH_2,Q_P,"Speed: N_4060, Temp: T_5060, Visc: V_0045, Quality: Q_P"
B2023-0857,1768274766.612141,33.45,36.82,0.2524,5.16,8.67,8.01,6.87,1,0,N_2040,T_3040,V_0045,WF_0515,PH_1,Q_P,"Speed: N_2040, Temp: T_3040, Visc: V_0045, Quality: Q_P"
B2023-0858,1768274826.612141,23.45,24.53,0.2163,6.19,8.42,4.88,5.26,1,0,N_2040,T_2030,V_0045,WF_0515,PH_1,Q_P,"Speed: N_2040, Temp: T_2030, Visc: V_0045, Quality: Q_P"
B2023-0859,1768274886.612141,26.32,24.76,0.1778,8.01,6.24,7.58,7.28,1,0,N_2040,T_2030,V_0045,WF_0515,PH_1,Q_P,"Speed: N_2040, Temp: T_2030, Visc: V_0045, Quality: Q_P"
B2023-0860,1768274946.612141,30.9,37.3,0.1405,12.73,6.03,4.53,4.96,1,0,N_2040,T_3040,V_0045,WF_0515,PH_1,Q_P,"Speed: N_2040, Temp: T_3040, Visc: V_0045, Quality: Q_P"
B2023-0861,1768275006.612141,38.5,23.27,0.1491,6.17,8.5,7.73,4.79,1,0,N_2040,T_2030,V_0045,WF_0515,PH_1,Q_P,"Speed: N_2040, Temp: T_2030, Visc: V_0045, Quality: Q_P"
B2023-0862,1768275066.612141,33.31,38.89,0.2244,8.1,8.48,5.31,5.32,1,0,N_2040,T_3040,V_0045,WF_0515,PH_1,Q_P,"Speed: N_2040, Temp: T_3040, Visc: V_0045, Quality: Q_P"
B2023-0863,1768275126.612141,36.0,36.56,0.2058,12.69,4.42,5.44,5.17,1,0,N_2040,T_3040,V_0045,WF_0515,PH_1,Q_P,"Speed: N_2040, Temp: T_3040, Visc: V_0045, Quality: Q_P"
B2023-0864,1768275186.612141,21.61,20.5,0.1453,12.02,6.07,5.52,4.94,1,0,N_2040,T_2030,V_0045,WF_0515,PH_1,Q_P,"Speed: N_2040, Temp: T_2030, Visc: V_0045, Quality: Q_P"
B2023-0865,1768275246.612141,43.54,44.24,0.3087,12.26,5.01,3.79,6.55,2,0,N_4060,T_4050,V_0045,WF_0515,PH_2,Q_P,"Speed: N_4060, Temp: T_4050, Visc: V_0045, Quality: Q_P"
B2023-0866,1768275306.612141,26.61,5.44,0.4786,10.08,2.15,8.44,6.44,2,1,N_2040,T_010,V_4550,WF_0515,PH_2,Q_F,"Speed: N_2040, Temp: T_010, Visc: V_4550, Quality: Q_F"
B2023-0867,1768275366.612141,48.94,48.15,0.2333,9.09,3.54,6.13,8.56,2,0,N_4060,T_4050,V_0045,WF_0515,PH_2,Q_P,"Speed: N_4060, Temp: T_4050, Visc: V_0045, Quality: Q_P"
B2023-0868,1768275426.612141,48.97,54.78,0.2999,10.47,2.8,5.93,4.57,2,0,N_4060,T_5060,V_0045,WF_0515,PH_2,Q_P,"Speed: N_4060, Temp: T_5060, Visc: V_0045, Quality: Q_P"
B2023-0869,1768275486.612141,28.25,31.06,0.1603,8.5,4.62,3.58,8.27,1,0,N_2040,T_3040,V_0045,WF_0515,PH_1,Q_P,"Speed: N_2040, Temp: T_3040, Visc: V_0045, Quality: Q_P"
B2023-0870,1768275546.612141,28.83,25.28,0.2895,8.33,7.82,5.0,7.67,1,0,N_2040,T_2030,V_0045,WF_0515,PH_1,Q_P,"Speed: N_2040, Temp: T_2030, Visc: V_0045, Quality: Q_P"
B2023-0871,1768275606.612141,35.04,51.63,0.3049,11.62,7.51,4.89,6.17,2,0,N_2040,T_5060,V_0045,WF_0515,PH_2,Q_P,"Speed: N_2040, Temp: T_5060, Visc: V_0045, Quality: Q_P"
B2023-0872,1768275666.612141,22.99,24.1,0.2631,10.22,8.12,7.6,7.12,1,0,N_2040,T_2030,V_0045,WF_0515,PH_1,Q_P,"Speed: N_2040, Temp: T_2030, Visc: V_0045, Quality: Q_P"
B2023-0873,1768275726.612141,28.19,24.21,0.1042,6.14,7.79,6.02,8.65,1,0,N_2040,T_2030,V_0045,WF_0515,PH_1,Q_P,"Speed: N_2040, Temp: T_2030, Visc: V_0045, Quality: Q_P"
B2023-0874,1768275786.612141,39.35,52.82,0.2565,5.23,8.82,3.97,4.85,2,0,N_2040,T_5060,V_0045,WF_0515,PH_2,Q_P,"Speed: N_2040, Temp: T_5060, Visc: V_0045, Quality: Q_P"
B2023-0875,1768275846.612141,15.09,10.8,0.46,10.61,5.34,3.38,4.6,1,1,N_0020,T_1020,V_4550,WF_0515,PH_1,Q_F,"Speed: N_0020, Temp: T_1020, Visc: V_4550, Quality: Q_F"
B2023-0876,1768275906.612141,35.48,46.69,0.2466,12.23,5.6,7.6,4.88,2,0,N_2040,T_4050,V_0045,WF_0515,PH_2,Q_P,"Speed: N_2040, Temp: T_4050, Visc: V_0045, Quality: Q_P"
B2023-0877,1768275966.612141,30.92,42.9,0.3307,8.65,7.91,4.3,6.98,2,0,N_2040,T_4050,V_0045,WF_0515,PH_2,Q_P,"Speed: N_2040, Temp: T_4050, Visc: V_0045, Quality: Q_P"
B2023-0878,1768276026.612141,30.03,35.92,0.2239,12.27,8.78,8.1,4.39,1,0,N_2040,T_3040,V_0045,WF_0515,PH_1,Q_P,"Speed: N_2040, Temp: T_3040, Visc: V_0045, Quality: Q_P"
B2023-0879,1768276086.612141,31.52,45.22,0.2796,10.77,2.74,8.62,4.32,2,0,N_2040,T_4050,V_0045,WF_0515,PH_2,Q_P,"Speed: N_2040, Temp: T_4050, Visc: V_0045, Quality: Q_P"
B2023-0880,1768276146.612141,36.23,21.77,0.2812,10.78,2.03,3.32,6.14,1,0,N_2040,T_2030,V_0045,WF_0515,PH_1,Q_P,"Speed: N_2040, Temp: T_2030, Visc: V_0045, Quality: Q_P"
B2023-0881,1768276206.612141,11.0,21.1,0.4831,9.2,5.51,3.76,6.92,1,1,N_0020,T_2030,V_4550,WF_0515,PH_1,Q_F,"Speed: N_0020, Temp: T_2030, Visc: V_4550, Quality: Q_F"
B2023-0882,1768276266.612141,36.29,53.05,0.3254,8.61,8.03,7.22,5.63,2,0,N_2040,T_5060,V_0045,WF_0515,PH_2,Q_P,"Speed: N_2040, Temp: T_5060, Visc: V_0045, Quality: Q_P"
B2023-0883,1768276326.612141,29.84,22.63,0.2067,11.34,5.29,7.65,6.67,1,0,N_2040,T_2030,V_0045,WF_0515,PH_1,Q_P,"Speed: N_2040, Temp: T_2030, Visc: V_0045, Quality: Q_P"
B2023-0884,1768276386.612141,70.47,51.07,0.1372,4.12,3.29,5.09,6.79,1,1,N_6080,T_5060,V_0045,WF_0005,PH_1,Q_F,"Speed: N_6080, Temp: T_5060, Visc: V_0045, Quality: Q_F"
B2023-0885,1768276446.612141,32.09,39.66,0.2731,11.27,3.86,3.15,4.69,1,0,N_2040,T_3040,V_0045,WF_0515,PH_1,Q_P,"Speed: N_2040, Temp: T_3040, Visc: V_0045, Quality: Q_P"
B2023-0886,1768276506.612141,44.45,40.77,0.2326,11.69,7.43,4.35,5.73,2,0,N_4060,T_4050,V_0045,WF_0515,PH_2,Q_P,"Speed: N_4060, Temp: T_4050, Visc: V_0045, Quality: Q_P"
B2023-0887,1768276566.612141,24.02,35.28,0.1533,8.97,6.85,4.66,6.85,1,0,N_2040,T_3040,V_0045,WF_0515,PH_1,Q_P,"Speed: N_2040, Temp: T_3040, Visc: V_0045, Quality: Q_P"
B2023-0888,1768276626.612141,38.55,43.65,0.3539,11.9,3.24,6.09,8.84,2,0,N_2040,T_4050,V_0045,WF_0515,PH_2,Q_P,"Speed: N_2040, Temp: T_4050, Visc: V_0045, Quality: Q_P"
B2023-0889,1768276686.612141,45.21,54.36,0.2803,7.73,6.59,3.63,7.88,2,0,N_4060,T_5060,V_0045,WF_0515,PH_2,Q_P,"Speed: N_4060, Temp: T_5060, Visc: V_0045, Quality: Q_P"
B2023-0890,1768276746.612141,41.46,54.77,0.3816,10.96,4.87,8.33,4.63,2,0,N_4060,T_5060,V_0045,WF_0515,PH_2,Q_P,"Speed: N_4060, Temp: T_5060, Visc: V_0045, Quality: Q_P"
B2023-0891,1768276806.612141,28.79,29.52,0.2682,7.37,2.23,8.32,5.09,1,0,N_2040,T_2030,V_0045,WF_0515,PH_1,Q_P,"Speed: N_2040, Temp: T_2030, Visc: V_0045, Quality: Q_P"
B2023-0892,1768276866.612141,14.54,7.88,0.4799,11.01,8.1,7.93,7.56,2,1,N_0020,T_010,V_4550,WF_0515,PH_2,Q_F,"Speed: N_0020, Temp: T_010, Visc: V_4550, Quality: Q_F"
B2023-0893,1768276926.612141,34.23,42.28,0.3956,7.89,2.22,8.59,4.73,2,0,N_2040,T_4050,V_0045,WF_0515,PH_2,Q_P,"Speed: N_2040, Temp: T_4050, Visc: V_0045, Quality: Q_P"
B2023-0894,1768276986.612141,20.27,30.78,0.248,10.2,7.25,6.37,5.94,1,0,N_2040,T_3040,V_0045,WF_0515,PH_1,Q_P,"Speed: N_2040, Temp: T_3040, Visc: V_0045, Quality: Q_P"
B2023-0895,1768277046.612141,29.53,33.45,0.2731,7.47,5.24,4.0,4.76,1,0,N_2040,T_3040,V_0045,WF_0515,PH_1,Q_P,"Speed: N_2040, Temp: T_3040, Visc: V_0045, Quality: Q_P"
B2023-0896,1768277106.612141,35.63,34.79,0.279,5.79,4.34,7.8,8.91,1,0,N_2040,T_3040,V_0045,WF_0515,PH_1,Q_P,"Speed: N_2040, Temp: T_3040, Visc: V_0045, Quality: Q_P"
B2023-0897,1768277166.612141,33.74,28.05,0.2084,13.33,7.44,6.57,8.75,1,0,N_2040,T_2030,V_0045,WF_0515,PH_1,Q_P,"Speed: N_2040, Temp: T_2030, Visc: V_0045, Quality: Q_P"
B2023-0898,1768277226.612141,20.77,36.6,0.2523,12.61,6.41,3.47,7.23,1,0,N_2040,T_3040,V_0045,WF_0515,PH_1,Q_P,"Speed: N_2040, Temp: T_3040, Visc: V_0045, Quality: Q_P"
B2023-0899,1768277286.612141,31.68,20.58,0.2297,10.25,2.39,3.76,6.07,1,0,N_2040,T_2030,V_0045,WF_0515,PH_1,Q_P,"Speed: N_2040, Temp: T_2030, Visc: V_0045, Quality: Q_P"
B2023-0900,1768277346.612141,24.82,30.78,0.2719,6.98,8.56,6.45,5.81,1,0,N_2040,T_3040,V_0045,WF_0515,PH_1,Q_P,"Speed: N_2040, Temp: T_3040, Visc: V_0045, Quality: Q_P"
B2023-0901,1768277406.612141,21.33,22.02,0.2554,6.77,2.48,8.98,6.65,1,0,N_2040,T_2030,V_0045,WF_0515,PH_1,Q_P,"Speed: N_2040, Temp: T_2030, Visc: V_0045, Quality: Q_P"
B2023-0902,1768277466.612141,26.03,34.6,0.1022,6.1,3.28,8.0,7.61,1,0,N_2040,T_3040,V_0045,WF_0515,PH_1,Q_P,"Speed: N_2040, Temp: T_3040, Visc: V_0045, Quality: Q_P"
B2023-0903,1768277526.612141,49.02,45.59,0.3118,7.13,3.09,6.79,4.38,2,0,N_4060,T_4050,V_0045,WF_0515,PH_2,Q_P,"Speed: N_4060, Temp: T_4050, Visc: V_0045, Quality: Q_P"
B2023-0904,1768277586.612141,31.45,45.22,0.2883,11.91,4.69,3.98,7.18,2,0,N_2040,T_4050,V_0045,WF_0515,PH_2,Q_P,"Speed: N_2040, Temp: T_4050, Visc: V_0045, Quality: Q_P"
B2023-0905,1768277646.612141,29.45,23.64,0.2676,9.82,3.56,6.68,5.89,1,0,N_2040,T_2030,V_0045,WF_0515,PH_1,Q_P,"Speed: N_2040, Temp: T_2030, Visc: V_0045, Quality: Q_P"
B2023-0906,1768277706.612141,41.42,52.21,0.2578,9.08,7.77,8.81,5.57,2,0,N_4060,T_5060,V_0045,WF_0515,PH_2,Q_P,"Speed: N_4060, Temp: T_5060, Visc: V_0045, Quality: Q_P"
B2023-0907,1768277766.612141,33.75,40.53,0.2524,6.75,8.69,5.59,7.03,2,0,N_2040,T_4050,V_0045,WF_0515,PH_2,Q_P,"Speed: N_2040, Temp: T_4050, Visc: V_0045, Quality: Q_P"
B2023-0908,1768277826.612141,29.63,38.17,0.105,5.69,3.37,4.37,7.14,1,0,N_2040,T_3040,V_0045,WF_0515,PH_1,Q_P,"Speed: N_2040, Temp: T_3040, Visc: V_0045, Quality: Q_P"
B2023-0909,1768277886.612141,75.54,44.12,0.2842,1.7,6.68,4.5,4.29,2,1,N_6080,T_4050,V_0045,WF_0005,PH_2,Q_F,"Speed: N_6080, Temp: T_4050, Visc: V_0045, Quality: Q_F"
B2023-0910,1768277946.612141,38.3,53.5,0.2032,13.55,4.44,4.66,6.95,2,0,N_2040,T_5060,V_0045,WF_0515,PH_2,Q_P,"Speed: N_2040, Temp: T_5060, Visc: V_0045, Quality: Q_P"
B2023-0911,1768278006.612141,30.79,41.74,0.3669,12.28,6.51,3.01,8.58,2,0,N_2040,T_4050,V_0045,WF_0515,PH_2,Q_P,"Speed: N_2040, Temp: T_4050, Visc: V_0045, Quality: Q_P"
B2023-0912,1768278066.612141,30.37,50.75,0.2547,9.46,7.09,5.45,5.65,2,0,N_2040,T_5060,V_0045,WF_0515,PH_2,Q_P,"Speed: N_2040, Temp: T_5060, Visc: V_0045, Quality: Q_P"
B2023-0913,1768278126.612141,47.67,45.04,0.3815,11.62,8.29,7.91,5.04,2,0,N_4060,T_4050,V_0045,WF_0515,PH_2,Q_P,"Speed: N_4060, Temp: T_4050, Visc: V_0045, Quality: Q_P"
B2023-0914,1768278186.612141,24.88,23.01,0.1013,5.29,3.12,4.79,4.63,1,0,N_2040,T_2030,V_0045,WF_0515,PH_1,Q_P,"Speed: N_2040, Temp: T_2030, Visc: V_0045, Quality: Q_P"
B2023-0915,1768278246.612141,47.98,45.85,0.2492,6.35,6.91,3.29,4.94,2,0,N_4060,T_4050,V_0045,WF_0515,PH_2,Q_P,"Speed: N_4060, Temp: T_4050, Visc: V_0045, Quality: Q_P"
B2023-0916,1768278306.612141,37.71,32.22,0.1581,13.22,8.81,7.21,6.52,1,0,N_2040,T_3040,V_0045,WF_0515,PH_1,Q_P,"Speed: N_2040, Temp: T_3040, Visc: V_0045, Quality: Q_P"
B2023-0917,1768278366.612141,39.29,51.65,0.3986,11.18,8.31,6.76,8.5,2,0,N_2040,T_5060,V_0045,WF_0515,PH_2,Q_P,"Speed: N_2040, Temp: T_5060, Visc: V_0045, Quality: Q_P"
B2023-0918,1768278426.612141,76.38,41.59,0.1274,1.16,4.69,8.56,5.96,1,1,N_6080,T_4050,V_0045,WF_0005,PH_1,Q_F,"Speed: N_6080, Temp: T_4050, Visc: V_0045, Quality: Q_F"
B2023-0919,1768278486.612141,36.14,22.85,0.161,7.22,2.65,3.58,6.14,1,0,N_2040,T_2030,V_0045,WF_0515,PH_1,Q_P,"Speed: N_2040, Temp: T_2030, Visc: V_0045, Quality: Q_P"
B2023-0920,1768278546.612141,48.5,43.14,0.2559,12.25,3.1,7.57,7.52,2,0,N_4060,T_4050,V_0045,WF_0515,PH_2,Q_P,"Speed: N_4060, Temp: T_4050, Visc: V_0045, Quality: Q_P"
B2023-0921,1768278606.612141,68.01,47.03,0.1947,4.58,4.48,5.19,5.25,2,1,N_6080,T_4050,V_0045,WF_0005,PH_2,Q_F,"Speed: N_6080, Temp: T_4050, Visc: V_0045, Quality: Q_F"
B2023-0922,1768278666.612141,28.0,23.21,0.1106,9.55,5.68,7.78,8.53,1,0,N_2040,T_2030,V_0045,WF_0515,PH_1,Q_P,"Speed: N_2040, Temp: T_2030, Visc: V_0045, Quality: Q_P"
B2023-0923,1768278726.612141,22.5,32.94,0.2824,10.44,8.26,6.72,6.2,1,0,N_2040,T_3040,V_0045,WF_0515,PH_1,Q_P,"Speed: N_2040, Temp: T_3040, Visc: V_0045, Quality: Q_P"
B2023-0924,1768278786.612141,15.99,21.38,0.4986,7.41,8.69,5.5,5.46,2,1,N_0020,T_2030,V_4550,WF_0515,PH_2,Q_F,"Speed: N_0020, Temp: T_2030, Visc: V_4550, Quality: Q_F"
B2023-0925,1768278846.612141,23.9,28.6,0.1177,13.07,2.33,6.82,7.98,1,0,N_2040,T_2030,V_0045,WF_0515,PH_1,Q_P,"Speed: N_2040, Temp: T_2030, Visc: V_0045, Quality: Q_P"
B2023-0926,1768278906.612141,42.62,51.78,0.3379,5.64,3.59,5.74,4.42,2,0,N_4060,T_5060,V_0045,WF_0515,PH_2,Q_P,"Speed: N_4060, Temp: T_5060, Visc: V_0045, Quality: Q_P"
B2023-0927,1768278966.612141,43.4,44.86,0.2902,9.64,2.6,5.34,8.85,2,0,N_4060,T_4050,V_0045,WF_0515,PH_2,Q_P,"Speed: N_4060, Temp: T_4050, Visc: V_0045, Quality: Q_P"
B2023-0928,1768279026.612141,29.66,32.75,0.2636,13.89,6.46,5.24,5.79,1,0,N_2040,T_3040,V_0045,WF_0515,PH_1,Q_P,"Speed: N_2040, Temp: T_3040, Visc: V_0045, Quality: Q_P"
B2023-0929,1768279086.612141,28.32,39.26,0.1145,8.53,4.85,4.59,8.94,1,0,N_2040,T_3040,V_0045,WF_0515,PH_1,Q_P,"Speed: N_2040, Temp: T_3040, Visc: V_0045, Quality: Q_P"
B2023-0930,1768279146.612141,33.31,22.43,0.292,7.18,2.64,8.6,4.91,1,0,N_2040,T_2030,V_0045,WF_0515,PH_1,Q_P,"Speed: N_2040, Temp: T_2030, Visc: V_0045, Quality: Q_P"
B2023-0931,1768279206.612141,39.1,49.21,0.2396,10.42,4.7,4.69,5.93,2,0,N_2040,T_4050,V_0045,WF_0515,PH_2,Q_P,"Speed: N_2040, Temp: T_4050, Visc: V_0045, Quality: Q_P"
B2023-0932,1768279266.612141,25.48,36.79,0.2245,11.67,4.87,5.12,6.64,1,0,N_2040,T_3040,V_0045,WF_0515,PH_1,Q_P,"Speed: N_2040, Temp: T_3040, Visc: V_0045, Quality: Q_P"
B2023-0933,1768279326.612141,35.31,47.11,0.3311,5.33,2.59,7.1,5.2,2,0,N_2040,T_4050,V_0045,WF_0515,PH_2,Q_P,"Speed: N_2040, Temp: T_4050, Visc: V_0045, Quality: Q_P"
B2023-0934,1768279386.612141,48.31,46.43,0.2602,13.08,2.14,4.68,4.69,2,0,N_4060,T_4050,V_0045,WF_0515,PH_2,Q_P,"Speed: N_4060, Temp: T_4050, Visc: V_0045, Quality: Q_P"
B2023-0935,1768279446.612141,24.75,36.36,0.2095,6.01,6.74,3.49,7.94,1,0,N_2040,T_3040,V_0045,WF_0515,PH_1,Q_P,"Speed: N_2040, Temp: T_3040, Visc: V_0045, Quality: Q_P"
B2023-0936,1768279506.612141,12.12,12.04,0.467,8.59,7.99,4.81,4.26,1,1,N_0020,T_1020,V_4550,WF_0515,PH_1,Q_F,"Speed: N_0020, Temp: T_1020, Visc: V_4550, Quality: Q_F"
B2023-0937,1768279566.612141,23.19,14.02,0.4964,13.18,5.91,7.93,4.71,1,1,N_2040,T_1020,V_4550,WF_0515,PH_1,Q_F,"Speed: N_2040, Temp: T_1020, Visc: V_4550, Quality: Q_F"
B2023-0938,1768279626.612141,28.55,23.5,0.2023,10.82,7.72,7.9,8.83,1,0,N_2040,T_2030,V_0045,WF_0515,PH_1,Q_P,"Speed: N_2040, Temp: T_2030, Visc: V_0045, Quality: Q_P"
B2023-0939,1768279686.612141,26.35,37.51,0.2762,8.6,2.85,5.6,7.22,1,0,N_2040,T_3040,V_0045,WF_0515,PH_1,Q_P,"Speed: N_2040, Temp: T_3040, Visc: V_0045, Quality: Q_P"
B2023-0940,1768279746.612141,31.51,37.96,0.2706,11.38,3.01,6.6,8.58,1,0,N_2040,T_3040,V_0045,WF_0515,PH_1,Q_P,"Speed: N_2040, Temp: T_3040, Visc: V_0045, Quality: Q_P"
B2023-0941,1768279806.612141,78.19,44.6,0.2703,3.91,2.18,4.74,4.55,2,1,N_6080,T_4050,V_0045,WF_0005,PH_2,Q_F,"Speed: N_6080, Temp: T_4050, Visc: V_0045, Quality: Q_F"
B2023-0942,1768279866.612141,29.31,17.67,0.4807,12.97,4.14,5.65,7.06,1,1,N_2040,T_1020,V_4550,WF_0515,PH_1,Q_F,"Speed: N_2040, Temp: T_1020, Visc: V_4550, Quality: Q_F"
B2023-0943,1768279926.612141,29.05,24.66,0.2681,7.98,6.17,6.74,4.88,1,0,N_2040,T_2030,V_0045,WF_0515,PH_1,Q_P,"Speed: N_2040, Temp: T_2030, Visc: V_0045, Quality: Q_P"
B2023-0944,1768279986.612141,31.12,44.05,0.2834,7.09,2.32,7.37,4.89,2,0,N_2040,T_4050,V_0045,WF_0515,PH_2,Q_P,"Speed: N_2040, Temp: T_4050, Visc: V_0045, Quality: Q_P"
B2023-0945,1768280046.612141,31.31,28.32,0.2874,13.79,4.77,4.85,5.79,1,0,N_2040,T_2030,V_0045,WF_0515,PH_1,Q_P,"Speed: N_2040, Temp: T_2030, Visc: V_0045, Quality: Q_P"
B2023-0946,1768280106.612141,39.27,45.18,0.3299,5.99,3.47,7.31,8.92,2,0,N_2040,T_4050,V_0045,WF_0515,PH_2,Q_P,"Speed: N_2040, Temp: T_4050, Visc: V_0045, Quality: Q_P"
B2023-0947,1768280166.612141,42.2,47.87,0.267,11.41,7.69,5.81,4.78,2,0,N_4060,T_4050,V_0045,WF_0515,PH_2,Q_P,"Speed: N_4060, Temp: T_4050, Visc: V_0045, Quality: Q_P"
B2023-0948,1768280226.612141,31.32,20.34,0.1635,13.43,6.35,8.15,4.46,1,0,N_2040,T_2030,V_0045,WF_0515,PH_1,Q_P,"Speed: N_2040, Temp: T_2030, Visc: V_0045, Quality: Q_P"
B2023-0949,1768280286.612141,33.1,28.77,0.2776,13.47,2.49,3.92,8.06,1,0,N_2040,T_2030,V_0045,WF_0515,PH_1,Q_P,"Speed: N_2040, Temp: T_2030, Visc: V_0045, Quality: Q_P"
B2023-0950,1768280346.612141,40.43,51.29,0.3805,5.79,6.15,8.57,4.02,2,0,N_4060,T_5060,V_0045,WF_0515,PH_2,Q_P,"Speed: N_4060, Temp: T_5060, Visc: V_0045, Quality: Q_P"
B2023-0951,1768280406.612141,36.95,41.38,0.2361,7.07,5.74,6.83,8.66,2,0,N_2040,T_4050,V_0045,WF_0515,PH_2,Q_P,"Speed: N_2040, Temp: T_4050, Visc: V_0045, Quality: Q_P"
B2023-0952,1768280466.612141,29.96,29.8,0.2261,6.49,2.51,8.36,6.85,1,0,N_2040,T_2030,V_0045,WF_0515,PH_1,Q_P,"Speed: N_2040, Temp: T_2030, Visc: V_0045, Quality: Q_P"
B2023-0953,1768280526.612141,70.93,47.01,0.2937,2.14,5.76,7.31,7.77,1,1,N_6080,T_4050,V_0045,WF_0005,PH_1,Q_F,"Speed: N_6080, Temp: T_4050, Visc: V_0045, Quality: Q_F"
B2023-0954,1768280586.612141,15.12,21.67,0.4915,5.81,4.82,5.24,6.76,1,1,N_0020,T_2030,V_4550,WF_0515,PH_1,Q_F,"Speed: N_0020, Temp: T_2030, Visc: V_4550, Quality: Q_F"
B2023-0955,1768280646.612141,35.05,46.7,0.3815,13.88,6.33,3.91,8.71,2,0,N_2040,T_4050,V_0045,WF_0515,PH_2,Q_P,"Speed: N_2040, Temp: T_4050, Visc: V_0045, Quality: Q_P"
B2023-0956,1768280706.612141,31.9,23.22,0.2684,9.56,5.47,8.79,4.7,1,0,N_2040,T_2030,V_0045,WF_0515,PH_1,Q_P,"Speed: N_2040, Temp: T_2030, Visc: V_0045, Quality: Q_P"
B2023-0957,1768280766.612141,20.99,30.12,0.2946,7.24,7.37,8.82,6.36,1,0,N_2040,T_3040,V_0045,WF_0515,PH_1,Q_P,"Speed: N_2040, Temp: T_3040, Visc: V_0045, Quality: Q_P"
B2023-0958,1768280826.612141,38.1,48.08,0.3684,13.23,8.53,3.58,6.71,2,0,N_2040,T_4050,V_0045,WF_0515,PH_2,Q_P,"Speed: N_2040, Temp: T_4050, Visc: V_0045, Quality: Q_P"
B2023-0959,1768280886.612141,24.41,27.48,0.2386,9.66,8.3,8.18,4.58,1,0,N_2040,T_2030,V_0045,WF_0515,PH_1,Q_P,"Speed: N_2040, Temp: T_2030, Visc: V_0045, Quality: Q_P"
B2023-0960,1768280946.612141,42.85,50.41,0.255,6.44,6.26,5.19,5.41,2,0,N_4060,T_5060,V_0045,WF_0515,PH_2,Q_P,"Speed: N_4060, Temp: T_5060, Visc: V_0045, Quality: Q_P"
B2023-0961,1768281006.612141,38.99,32.85,0.1907,12.7,3.56,3.35,4.92,1,0,N_2040,T_3040,V_0045,WF_0515,PH_1,Q_P,"Speed: N_2040, Temp: T_3040, Visc: V_0045, Quality: Q_P"
B2023-0962,1768281066.612141,33.49,30.06,0.1489,13.83,8.51,4.14,6.84,1,0,N_2040,T_3040,V_0045,WF_0515,PH_1,Q_P,"Speed: N_2040, Temp: T_3040, Visc: V_0045, Quality: Q_P"
B2023-0963,1768281126.612141,32.69,54.43,0.3035,10.41,6.97,7.02,8.46,2,0,N_2040,T_5060,V_0045,WF_0515,PH_2,Q_P,"Speed: N_2040, Temp: T_5060, Visc: V_0045, Quality: Q_P"
B2023-0964,1768281186.612141,71.9,34.51,0.3523,3.25,8.26,3.7,6.25,2,1,N_6080,T_3040,V_0045,WF_0005,PH_2,Q_F,"Speed: N_6080, Temp: T_3040, Visc: V_0045, Quality: Q_F"
B2023-0965,1768281246.612141,43.92,45.72,0.3979,12.38,4.02,3.67,6.15,2,0,N_4060,T_4050,V_0045,WF_0515,PH_2,Q_P,"Speed: N_4060, Temp: T_4050, Visc: V_0045, Quality: Q_P"
B2023-0966,1768281306.612141,31.24,33.56,0.1087,6.34,4.3,5.35,4.34,1,0,N_2040,T_3040,V_0045,WF_0515,PH_1,Q_P,"Speed: N_2040, Temp: T_3040, Visc: V_0045, Quality: Q_P"
B2023-0967,1768281366.612141,41.4,43.52,0.3093,5.49,4.14,8.77,5.71,2,0,N_4060,T_4050,V_0045,WF_0515,PH_2,Q_P,"Speed: N_4060, Temp: T_4050, Visc: V_0045, Quality: Q_P"
B2023-0968,1768281426.612141,32.89,20.35,0.1229,8.05,8.81,7.59,7.22,1,0,N_2040,T_2030,V_0045,WF_0515,PH_1,Q_P,"Speed: N_2040, Temp: T_2030, Visc: V_0045, Quality: Q_P"
B2023-0969,1768281486.612141,21.69,35.35,0.1919,9.55,7.93,4.7,4.98,1,0,N_2040,T_3040,V_0045,WF_0515,PH_1,Q_P,"Speed: N_2040, Temp: T_3040, Visc: V_0045, Quality: Q_P"
B2023-0970,1768281546.612141,28.25,25.64,0.2652,10.75,3.32,3.38,4.28,1,0,N_2040,T_2030,V_0045,WF_0515,PH_1,Q_P,"Speed: N_2040, Temp: T_2030, Visc: V_0045, Quality: Q_P"
B2023-0971,1768281606.612141,35.46,35.85,0.2709,6.58,6.69,3.39,8.48,1,0,N_2040,T_3040,V_0045,WF_0515,PH_1,Q_P,"Speed: N_2040, Temp: T_3040, Visc: V_0045, Quality: Q_P"
B2023-0972,1768281666.612141,44.12,42.42,0.2631,11.44,2.42,3.0,6.21,2,0,N_4060,T_4050,V_0045,WF_0515,PH_2,Q_P,"Speed: N_4060, Temp: T_4050, Visc: V_0045, Quality: Q_P"
B2023-0973,1768281726.612141,38.52,40.05,0.3772,9.15,2.87,3.94,5.41,2,0,N_2040,T_4050,V_0045,WF_0515,PH_2,Q_P,"Speed: N_2040, Temp: T_4050, Visc: V_0045, Quality: Q_P"
B2023-0974,1768281786.612141,39.58,31.52,0.1258,10.77,5.42,6.73,7.44,1,0,N_2040,T_3040,V_0045,WF_0515,PH_1,Q_P,"Speed: N_2040, Temp: T_3040, Visc: V_0045, Quality: Q_P"
B2023-0975,1768281846.612141,43.35,49.49,0.3297,13.04,7.47,4.29,8.49,2,0,N_4060,T_4050,V_0045,WF_0515,PH_2,Q_P,"Speed: N_4060, Temp: T_4050, Visc: V_0045, Quality: Q_P"
B2023-0976,1768281906.612141,23.4,37.22,0.258,13.77,8.7,3.76,7.71,1,0,N_2040,T_3040,V_0045,WF_0515,PH_1,Q_P,"Speed: N_2040, Temp: T_3040, Visc: V_0045, Quality: Q_P"
B2023-0977,1768281966.612141,31.79,22.43,0.2537,11.34,7.54,7.7,6.69,1,0,N_2040,T_2030,V_0045,WF_0515,PH_1,Q_P,"Speed: N_2040, Temp: T_2030, Visc: V_0045, Quality: Q_P"
B2023-0978,1768282026.612141,22.61,24.99,0.1989,7.45,3.94,3.28,8.52,1,0,N_2040,T_2030,V_0045,WF_0515,PH_1,Q_P,"Speed: N_2040, Temp: T_2030, Visc: V_0045, Quality: Q_P"
B2023-0979,1768282086.612141,47.86,46.89,0.3151,12.71,5.26,5.28,8.38,2,0,N_4060,T_4050,V_0045,WF_0515,PH_2,Q_P,"Speed: N_4060, Temp: T_4050, Visc: V_0045, Quality: Q_P"
B2023-0980,1768282146.612141,31.4,29.73,0.1603,13.78,6.51,6.57,7.22,1,0,N_2040,T_2030,V_0045,WF_0515,PH_1,Q_P,"Speed: N_2040, Temp: T_2030, Visc: V_0045, Quality: Q_P"
B2023-0981,1768282206.612141,35.74,43.35,0.2166,9.36,3.27,5.31,4.15,2,0,N_2040,T_4050,V_0045,WF_0515,PH_2,Q_P,"Speed: N_2040, Temp: T_4050, Visc: V_0045, Quality: Q_P"
B2023-0982,1768282266.612141,43.93,50.79,0.2324,5.15,5.25,7.18,5.88,2,0,N_4060,T_5060,V_0045,WF_0515,PH_2,Q_P,"Speed: N_4060, Temp: T_5060, Visc: V_0045, Quality: Q_P"
B2023-0983,1768282326.612141,35.97,36.24,0.1192,13.85,4.06,6.8,5.18,1,0,N_2040,T_3040,V_0045,WF_0515,PH_1,Q_P,"Speed: N_2040, Temp: T_3040, Visc: V_0045, Quality: Q_P"
B2023-0984,1768282386.612141,78.16,39.91,0.3985,1.45,2.4,3.89,4.73,1,1,N_6080,T_3040,V_0045,WF_0005,PH_1,Q_F,"Speed: N_6080, Temp: T_3040, Visc: V_0045, Quality: Q_F"
B2023-0985,1768282446.612141,39.43,51.71,0.2539,13.55,4.29,5.51,6.85,2,0,N_2040,T_5060,V_0045,WF_0515,PH_2,Q_P,"Speed: N_2040, Temp: T_5060, Visc: V_0045, Quality: Q_P"
B2023-0986,1768282506.612141,77.61,32.11,0.1845,4.64,3.66,6.01,4.78,1,1,N_6080,T_3040,V_0045,WF_0005,PH_1,Q_F,"Speed: N_6080, Temp: T_3040, Visc: V_0045, Quality: Q_F"
B2023-0987,1768282566.612141,29.74,39.24,0.2809,13.36,2.14,4.34,5.32,1,0,N_2040,T_3040,V_0045,WF_0515,PH_1,Q_P,"Speed: N_2040, Temp: T_3040, Visc: V_0045, Quality: Q_P"
B2023-0988,1768282626.612141,43.27,43.69,0.233,8.72,4.73,6.3,7.3,2,0,N_4060,T_4050,V_0045,WF_0515,PH_2,Q_P,"Speed: N_4060, Temp: T_4050, Visc: V_0045, Quality: Q_P"
B2023-0989,1768282686.612141,37.55,42.6,0.2602,13.35,2.26,5.13,5.38,2,0,N_2040,T_4050,V_0045,WF_0515,PH_2,Q_P,"Speed: N_2040, Temp: T_4050, Visc: V_0045, Quality: Q_P"
B2023-0990,1768282746.612141,32.47,29.78,0.2732,11.63,4.92,3.1,8.41,1,0,N_2040,T_2030,V_0045,WF_0515,PH_1,Q_P,"Speed: N_2040, Temp: T_2030, Visc: V_0045, Quality: Q_P"
B2023-0991,1768282806.612141,10.95,17.47,0.4846,2.94,2.17,4.74,4.05,1,1,N_0020,T_1020,V_4550,WF_0005,PH_1,Q_F,"Speed: N_0020, Temp: T_1020, Visc: V_4550, Quality: Q_F"
B2023-0992,1768282866.612141,23.94,9.33,0.4743,3.14,2.99,7.43,8.53,2,1,N_2040,T_010,V_4550,WF_0005,PH_2,Q_F,"Speed: N_2040, Temp: T_010, Visc: V_4550, Quality: Q_F"
B2023-0993,1768282926.612141,35.43,24.9,0.1488,12.32,4.77,3.45,6.06,1,0,N_2040,T_2030,V_0045,WF_0515,PH_1,Q_P,"Speed: N_2040, Temp: T_2030, Visc: V_0045, Quality: Q_P"
B2023-0994,1768282986.612141,69.55,49.06,0.3087,2.03,5.56,6.86,7.59,2,1,N_6080,T_4050,V_0045,WF_0005,PH_2,Q_F,"Speed: N_6080, Temp: T_4050, Visc: V_0045, Quality: Q_F"
B2023-0995,1768283046.612141,33.32,47.8,0.2528,5.51,6.71,5.68,7.12,2,0,N_2040,T_4050,V_0045,WF_0515,PH_2,Q_P,"Speed: N_2040, Temp: T_4050, Visc: V_0045, Quality: Q_P"
B2023-0996,1768283106.612141,40.89,49.07,0.2116,12.43,4.28,5.07,6.16,2,0,N_4060,T_4050,V_0045,WF_0515,PH_2,Q_P,"Speed: N_4060, Temp: T_4050, Visc: V_0045, Quality: Q_P"
B2023-0997,1768283166.612141,39.37,32.66,0.2517,13.28,7.48,5.93,6.0,1,0,N_2040,T_3040,V_0045,WF_0515,PH_1,Q_P,"Speed: N_2040, Temp: T_3040, Visc: V_0045, Quality: Q_P"
B2023-0998,1768283226.612141,24.8,36.85,0.15,13.63,8.45,6.83,7.54,1,0,N_2040,T_3040,V_0045,WF_0515,PH_1,Q_P,"Speed: N_2040, Temp: T_3040, Visc: V_0045, Quality: Q_P"
B2023-0999,1768283286.612141,29.14,27.63,0.2383,6.6,8.88,5.44,4.74,1,0,N_2040,T_2030,V_0045,WF_0515,PH_1,Q_P,"Speed: N_2040, Temp: T_2030, Visc: V_0045, Quality: Q_P"
B2023-1000,1768283346.612141,30.04,20.09,0.2651,6.62,7.46,8.76,6.58,1,0,N_2040,T_2030,V_0045,WF_0515,PH_1,Q_P,"Speed: N_2040, Temp: T_2030, Visc: V_0045, Quality: Q_P"
B2023-1001,1768283406.612141,26.88,23.46,0.262,13.9,8.4,4.29,6.69,1,0,N_2040,T_2030,V_0045,WF_0515,PH_1,Q_P,"Speed: N_2040, Temp: T_2030, Visc: V_0045, Quality: Q_P"
B2023-1002,1768283466.612141,30.07,44.13,0.3469,11.19,6.78,5.17,8.33,2,0,N_2040,T_4050,V_0045,WF_0515,PH_2,Q_P,"Speed: N_2040, Temp: T_4050, Visc: V_0045, Quality: Q_P"
B2023-1003,1768283526.612141,18.82,8.69,0.4869,9.4,6.45,8.29,4.91,2,1,N_0020,T_010,V_4550,WF_0515,PH_2,Q_F,"Speed: N_0020, Temp: T_010, Visc: V_4550, Quality: Q_F"
B2023-1004,1768283586.612141,31.76,20.54,0.2194,6.95,6.66,3.61,6.51,1,0,N_2040,T_2030,V_0045,WF_0515,PH_1,Q_P,"Speed: N_2040, Temp: T_2030, Visc: V_0045, Quality: Q_P"
B2023-1005,1768283646.612141,33.33,40.11,0.2529,9.76,5.05,6.49,5.63,2,0,N_2040,T_4050,V_0045,WF_0515,PH_2,Q_P,"Speed: N_2040, Temp: T_4050, Visc: V_0045, Quality: Q_P"
B2023-1006,1768283706.612141,30.35,52.02,0.316,6.43,8.98,4.72,4.06,2,0,N_2040,T_5060,V_0045,WF_0515,PH_2,Q_P,"Speed: N_2040, Temp: T_5060, Visc: V_0045, Quality: Q_P"
B2023-1007,1768283766.612141,37.51,46.5,0.3495,11.33,7.1,3.36,6.41,2,0,N_2040,T_4050,V_0045,WF_0515,PH_2,Q_P,"Speed: N_2040, Temp: T_4050, Visc: V_0045, Quality: Q_P"
B2023-1008,1768283826.612141,11.59,14.36,0.4766,4.78,2.94,6.65,5.29,2,1,N_0020,T_1020,V_4550,WF_0005,PH_2,Q_F,"Speed: N_0020, Temp: T_1020, Visc: V_4550, Quality: Q_F"
B2023-1009,1768283886.612141,72.98,32.03,0.3803,2.09,4.6,6.88,8.41,2,1,N_6080,T_3040,V_0045,WF_0005,PH_2,Q_F,"Speed: N_6080, Temp: T_3040, Visc: V_0045, Quality: Q_F"
B2023-1010,1768283946.612141,69.15,49.33,0.2981,4.76,6.78,5.3,6.66,2,1,N_6080,T_4050,V_0045,WF_0005,PH_2,Q_F,"Speed: N_6080, Temp: T_4050, Visc: V_0045, Quality: Q_F"
B2023-1011,1768284006.612141,20.26,20.69,0.1482,10.29,3.51,3.35,5.99,1,0,N_2040,T_2030,V_0045,WF_0515,PH_1,Q_P,"Speed: N_2040, Temp: T_2030, Visc: V_0045, Quality: Q_P"
B2023-1012,1768284066.612141,48.36,54.78,0.2418,6.67,8.48,7.76,5.67,2,0,N_4060,T_5060,V_0045,WF_0515,PH_2,Q_P,"Speed: N_4060, Temp: T_5060, Visc: V_0045, Quality: Q_P"
B2023-1013,1768284126.612141,30.62,22.08,0.2473,5.72,6.96,4.09,7.88,1,0,N_2040,T_2030,V_0045,WF_0515,PH_1,Q_P,"Speed: N_2040, Temp: T_2030, Visc: V_0045, Quality: Q_P"
B2023-1014,1768284186.612141,25.86,38.12,0.2517,8.96,4.95,3.53,8.83,1,0,N_2040,T_3040,V_0045,WF_0515,PH_1,Q_P,"Speed: N_2040, Temp: T_3040, Visc: V_0045, Quality: Q_P"
B2023-1015,1768284246.612141,34.49,46.45,0.3443,5.29,2.96,7.52,7.48,2,0,N_2040,T_4050,V_0045,WF_0515,PH_2,Q_P,"Speed: N_2040, Temp: T_4050, Visc: V_0045, Quality: Q_P"
B2023-1016,1768284306.612141,20.19,24.22,0.4649,6.44,4.21,6.22,5.05,2,1,N_2040,T_2030,V_4550,WF_0515,PH_2,Q_F,"Speed: N_2040, Temp: T_2030, Visc: V_4550, Quality: Q_F"
B2023-1017,1768284366.612141,36.41,43.27,0.2222,8.24,6.11,3.21,8.7,2,0,N_2040,T_4050,V_0045,WF_0515,PH_2,Q_P,"Speed: N_2040, Temp: T_4050, Visc: V_0045, Quality: Q_P"
B2023-1018,1768284426.612141,33.56,28.7,0.2446,7.13,5.34,7.04,8.12,1,0,N_2040,T_2030,V_0045,WF_0515,PH_1,Q_P,"Speed: N_2040, Temp: T_2030, Visc: V_0045, Quality: Q_P"
B2023-1019,1768284486.612141,33.95,28.81,0.2559,5.54,6.75,7.32,8.9,1,0,N_2040,T_2030,V_0045,WF_0515,PH_1,Q_P,"Speed: N_2040, Temp: T_2030, Visc: V_0045, Quality: Q_P"
B2023-1020,1768284546.612141,33.93,51.18,0.258,6.84,8.46,4.6,4.87,2,0,N_2040,T_5060,V_0045,WF_0515,PH_2,Q_P,"Speed: N_2040, Temp: T_5060, Visc: V_0045, Quality: Q_P"
B2023-1021,1768284606.612141,34.07,41.09,0.2266,8.05,4.54,6.57,6.0,2,0,N_2040,T_4050,V_0045,WF_0515,PH_2,Q_P,"Speed: N_2040, Temp: T_4050, Visc: V_0045, Quality: Q_P"
B2023-1022,1768284666.612141,38.8,34.12,0.2201,6.18,7.64,7.0,6.86,1,0,N_2040,T_3040,V_0045,WF_0515,PH_1,Q_P,"Speed: N_2040, Temp: T_3040, Visc: V_0045, Quality: Q_P"
B2023-1023,1768284726.612141,47.32,51.35,0.3952,7.8,3.67,4.65,6.48,2,0,N_4060,T_5060,V_0045,WF_0515,PH_2,Q_P,"Speed: N_4060, Temp: T_5060, Visc: V_0045, Quality: Q_P"
B2023-1024,1768284786.612141,42.38,51.13,0.2407,13.35,2.37,8.47,7.12,2,0,N_4060,T_5060,V_0045,WF_0515,PH_2,Q_P,"Speed: N_4060, Temp: T_5060, Visc: V_0045, Quality: Q_P"
B2023-1025,1768284846.612141,22.04,28.24,0.1222,7.0,7.81,4.76,8.84,1,0,N_2040,T_2030,V_0045,WF_0515,PH_1,Q_P,"Speed: N_2040, Temp: T_2030, Visc: V_0045, Quality: Q_P"
B2023-1026,1768284906.612141,29.31,30.22,0.1266,10.56,2.99,7.86,6.14,1,0,N_2040,T_3040,V_0045,WF_0515,PH_1,Q_P,"Speed: N_2040, Temp: T_3040, Visc: V_0045, Quality: Q_P"
B2023-1027,1768284966.612141,34.91,20.93,0.28,10.06,7.92,6.5,4.37,1,0,N_2040,T_2030,V_0045,WF_0515,PH_1,Q_P,"Speed: N_2040, Temp: T_2030, Visc: V_0045, Quality: Q_P"
B2023-1028,1768285026.612141,26.13,16.91,0.4869,8.47,3.56,7.26,7.2,2,1,N_2040,T_1020,V_4550,WF_0515,PH_2,Q_F,"Speed: N_2040, Temp: T_1020, Visc: V_4550, Quality: Q_F"
B2023-1029,1768285086.612141,34.13,22.16,0.247,5.68,7.35,8.3,5.46,1,0,N_2040,T_2030,V_0045,WF_0515,PH_1,Q_P,"Speed: N_2040, Temp: T_2030, Visc: V_0045, Quality: Q_P"
B2023-1030,1768285146.612141,32.66,30.38,0.1261,6.61,3.99,3.59,5.73,1,0,N_2040,T_3040,V_0045,WF_0515,PH_1,Q_P,"Speed: N_2040, Temp: T_3040, Visc: V_0045, Quality: Q_P"
B2023-1031,1768285206.612141,24.99,28.67,0.2317,9.65,7.54,7.73,4.22,1,0,N_2040,T_2030,V_0045,WF_0515,PH_1,Q_P,"Speed: N_2040, Temp: T_2030, Visc: V_0045, Quality: Q_P"
B2023-1032,1768285266.612141,27.62,33.43,0.1037,9.16,8.03,8.7,6.64,1,0,N_2040,T_3040,V_0045,WF_0515,PH_1,Q_P,"Speed: N_2040, Temp: T_3040, Visc: V_0045, Quality: Q_P"
B2023-1033,1768285326.612141,65.01,41.77,0.317,4.5,5.39,3.33,4.36,1,1,N_6080,T_4050,V_0045,WF_0005,PH_1,Q_F,"Speed: N_6080, Temp: T_4050, Visc: V_0045, Quality: Q_F"
B2023-1034,1768285386.612141,44.58,54.56,0.2911,5.49,4.61,6.25,8.33,2,0,N_4060,T_5060,V_0045,WF_0515,PH_2,Q_P,"Speed: N_4060, Temp: T_5060, Visc: V_0045, Quality: Q_P"
B2023-1035,1768285446.612141,34.99,22.92,0.2613,8.32,5.41,6.82,8.56,1,0,N_2040,T_2030,V_0045,WF_0515,PH_1,Q_P,"Speed: N_2040, Temp: T_2030, Visc: V_0045, Quality: Q_P"
B2023-1036,1768285506.612141,37.58,30.09,0.1894,8.79,5.28,4.08,6.43,1,0,N_2040,T_3040,V_0045,WF_0515,PH_1,Q_P,"Speed: N_2040, Temp: T_3040, Visc: V_0045, Quality: Q_P"
B2023-1037,1768285566.612141,35.4,42.77,0.3857,9.22,7.77,8.26,8.35,2,0,N_2040,T_4050,V_0045,WF_0515,PH_2,Q_P,"Speed: N_2040, Temp: T_4050, Visc: V_0045, Quality: Q_P"
B2023-1038,1768285626.612141,36.43,49.12,0.3601,7.98,8.94,8.29,4.6,2,0,N_2040,T_4050,V_0045,WF_0515,PH_2,Q_P,"Speed: N_2040, Temp: T_4050, Visc: V_0045, Quality: Q_P"
B2023-1039,1768285686.612141,38.35,27.48,0.2421,5.49,2.18,6.28,5.2,1,0,N_2040,T_2030,V_0045,WF_0515,PH_1,Q_P,"Speed: N_2040, Temp: T_2030, Visc: V_0045, Quality: Q_P"
B2023-1040,1768285746.612141,34.59,52.99,0.3252,7.1,7.23,8.58,4.4,2,0,N_2040,T_5060,V_0045,WF_0515,PH_2,Q_P,"Speed: N_2040, Temp: T_5060, Visc: V_0045, Quality: Q_P"
B2023-1041,1768285806.612141,10.12,17.84,0.4965,9.6,2.26,4.12,5.85,2,1,N_0020,T_1020,V_4550,WF_0515,PH_2,Q_F,"Speed: N_0020, Temp: T_1020, Visc: V_4550, Quality: Q_F"
B2023-1042,1768285866.612141,24.5,16.83,0.4855,10.25,4.67,5.65,8.59,2,1,N_2040,T_1020,V_4550,WF_0515,PH_2,Q_F,"Speed: N_2040, Temp: T_1020, Visc: V_4550, Quality: Q_F"
B2023-1043,1768285926.612141,35.72,51.58,0.2662,11.07,2.41,5.03,4.85,2,0,N_2040,T_5060,V_0045,WF_0515,PH_2,Q_P,"Speed: N_2040, Temp: T_5060, Visc: V_0045, Quality: Q_P"
B2023-1044,1768285986.612141,23.62,35.5,0.2019,13.99,7.82,5.21,7.68,1,0,N_2040,T_3040,V_0045,WF_0515,PH_1,Q_P,"Speed: N_2040, Temp: T_3040, Visc: V_0045, Quality: Q_P"
B2023-1045,1768286046.612141,25.83,11.52,0.4703,5.0,6.72,7.14,5.6,1,1,N_2040,T_1020,V_4550,WF_0005,PH_1,Q_F,"Speed: N_2040, Temp: T_1020, Visc: V_4550, Quality: Q_F"
B2023-1046,1768286106.612141,34.59,31.74,0.2187,6.16,8.52,8.06,7.01,1,0,N_2040,T_3040,V_0045,WF_0515,PH_1,Q_P,"Speed: N_2040, Temp: T_3040, Visc: V_0045, Quality: Q_P"
B2023-1047,1768286166.612141,22.47,18.05,0.4899,12.2,5.98,8.87,7.31,1,1,N_2040,T_1020,V_4550,WF_0515,PH_1,Q_F,"Speed: N_2040, Temp: T_1020, Visc: V_4550, Quality: Q_F"
B2023-1048,1768286226.612141,14.88,20.26,0.4938,6.81,4.09,8.84,8.11,2,1,N_0020,T_2030,V_4550,WF_0515,PH_2,Q_F,"Speed: N_0020, Temp: T_2030, Visc: V_4550, Quality: Q_F"
B2023-1049,1768286286.612141,33.64,27.0,0.1388,10.55,4.71,4.07,4.03,1,0,N_2040,T_2030,V_0045,WF_0515,PH_1,Q_P,"Speed: N_2040, Temp: T_2030, Visc: V_0045, Quality: Q_P"
B2023-1050,1768286346.612141,27.41,37.53,0.297,6.0,4.9,5.3,8.86,1,0,N_2040,T_3040,V_0045,WF_0515,PH_1,Q_P,"Speed: N_2040, Temp: T_3040, Visc: V_0045, Quality: Q_P"
B2023-1051,1768286406.612141,30.85,22.28,0.1697,10.72,3.07,4.74,8.93,1,0,N_2040,T_2030,V_0045,WF_0515,PH_1,Q_P,"Speed: N_2040, Temp: T_2030, Visc: V_0045, Quality: Q_P"
B2023-1052,1768286466.612141,26.45,37.67,0.1965,6.27,6.18,7.41,7.81,1,0,N_2040,T_3040,V_0045,WF_0515,PH_1,Q_P,"Speed: N_2040, Temp: T_3040, Visc: V_0045, Quality: Q_P"
B2023-1053,1768286526.612141,29.67,24.17,0.1003,13.23,3.89,5.63,6.3,1,0,N_2040,T_2030,V_0045,WF_0515,PH_1,Q_P,"Speed: N_2040, Temp: T_2030, Visc: V_0045, Quality: Q_P"
B2023-1054,1768286586.612141,20.21,22.48,0.2293,8.78,3.29,8.89,8.25,1,0,N_2040,T_2030,V_0045,WF_0515,PH_1,Q_P,"Speed: N_2040, Temp: T_2030, Visc: V_0045, Quality: Q_P"
B2023-1055,1768286646.612141,40.03,45.35,0.364,6.63,4.27,6.23,6.76,2,0,N_4060,T_4050,V_0045,WF_0515,PH_2,Q_P,"Speed: N_4060, Temp: T_4050, Visc: V_0045, Quality: Q_P"
B2023-1056,1768286706.612141,38.88,31.48,0.1508,5.59,5.77,5.67,6.98,1,0,N_2040,T_3040,V_0045,WF_0515,PH_1,Q_P,"Speed: N_2040, Temp: T_3040, Visc: V_0045, Quality: Q_P"
B2023-1057,1768286766.612141,76.6,36.17,0.2032,4.41,5.22,4.95,7.51,1,1,N_6080,T_3040,V_0045,WF_0005,PH_1,Q_F,"Speed: N_6080, Temp: T_3040, Visc: V_0045, Quality: Q_F"
B2023-1058,1768286826.612141,36.54,46.83,0.3133,12.16,7.1,4.11,5.31,2,0,N_2040,T_4050,V_0045,WF_0515,PH_2,Q_P,"Speed: N_2040, Temp: T_4050, Visc: V_0045, Quality: Q_P"
B2023-1059,1768286886.612141,70.33,55.37,0.1493,1.97,7.24,3.09,4.14,1,1,N_6080,T_5060,V_0045,WF_0005,PH_1,Q_F,"Speed: N_6080, Temp: T_5060, Visc: V_0045, Quality: Q_F"
B2023-1060,1768286946.612141,31.48,52.25,0.3913,7.35,4.78,7.74,6.64,2,0,N_2040,T_5060,V_0045,WF_0515,PH_2,Q_P,"Speed: N_2040, Temp: T_5060, Visc: V_0045, Quality: Q_P"
B2023-1061,1768287006.612141,47.14,46.39,0.3869,13.84,5.01,6.17,8.18,2,0,N_4060,T_4050,V_0045,WF_0515,PH_2,Q_P,"Speed: N_4060, Temp: T_4050, Visc: V_0045, Quality: Q_P"
B2023-1062,1768287066.612141,39.44,51.25,0.2167,7.56,4.16,6.9,4.72,2,0,N_2040,T_5060,V_0045,WF_0515,PH_2,Q_P,"Speed: N_2040, Temp: T_5060, Visc: V_0045, Quality: Q_P"
B2023-1063,1768287126.612141,36.75,35.54,0.2857,9.61,3.93,8.96,6.61,1,0,N_2040,T_3040,V_0045,WF_0515,PH_1,Q_P,"Speed: N_2040, Temp: T_3040, Visc: V_0045, Quality: Q_P"
B2023-1064,1768287186.612141,47.01,50.74,0.39,6.31,2.18,4.14,7.14,2,0,N_4060,T_5060,V_0045,WF_0515,PH_2,Q_P,"Speed: N_4060, Temp: T_5060, Visc: V_0045, Quality: Q_P"
B2023-1065,1768287246.612141,42.36,51.24,0.3416,12.58,4.62,5.85,8.83,2,0,N_4060,T_5060,V_0045,WF_0515,PH_2,Q_P,"Speed: N_4060, Temp: T_5060, Visc: V_0045, Quality: Q_P"
B2023-1066,1768287306.612141,23.78,23.51,0.2611,8.72,2.01,6.05,7.82,1,0,N_2040,T_2030,V_0045,WF_0515,PH_1,Q_P,"Speed: N_2040, Temp: T_2030, Visc: V_0045, Quality: Q_P"
B2023-1067,1768287366.612141,39.13,32.33,0.1003,12.89,6.58,4.65,6.26,1,0,N_2040,T_3040,V_0045,WF_0515,PH_1,Q_P,"Speed: N_2040, Temp: T_3040, Visc: V_0045, Quality: Q_P"
B2023-1068,1768287426.612141,17.41,21.03,0.4839,11.88,3.9,8.89,4.69,2,1,N_0020,T_2030,V_4550,WF_0515,PH_2,Q_F,"Speed: N_0020, Temp: T_2030, Visc: V_4550, Quality: Q_F"
B2023-1069,1768287486.612141,20.75,30.64,0.1624,9.07,8.73,6.61,5.75,1,0,N_2040,T_3040,V_0045,WF_0515,PH_1,Q_P,"Speed: N_2040, Temp: T_3040, Visc: V_0045, Quality: Q_P"
B2023-1070,1768287546.612141,40.06,51.39,0.3836,5.11,4.61,6.31,6.18,2,0,N_4060,T_5060,V_0045,WF_0515,PH_2,Q_P,"Speed: N_4060, Temp: T_5060, Visc: V_0045, Quality: Q_P"
B2023-1071,1768287606.612141,33.79,50.85,0.3815,6.89,6.4,7.41,4.83,2,0,N_2040,T_5060,V_0045,WF_0515,PH_2,Q_P,"Speed: N_2040, Temp: T_5060, Visc: V_0045, Quality: Q_P"
B2023-1072,1768287666.612141,40.77,42.26,0.2258,5.11,7.98,7.18,7.61,2,0,N_4060,T_4050,V_0045,WF_0515,PH_2,Q_P,"Speed: N_4060, Temp: T_4050, Visc: V_0045, Quality: Q_P"
B2023-1073,1768287726.612141,18.76,11.4,0.4787,2.98,6.22,8.28,7.48,2,1,N_0020,T_1020,V_4550,WF_0005,PH_2,Q_F,"Speed: N_0020, Temp: T_1020, Visc: V_4550, Quality: Q_F"
B2023-1074,1768287786.612141,29.75,25.23,0.2955,12.53,4.26,3.39,7.44,1,0,N_2040,T_2030,V_0045,WF_0515,PH_1,Q_P,"Speed: N_2040, Temp: T_2030, Visc: V_0045, Quality: Q_P"
B2023-1075,1768287846.612141,68.0,48.81,0.1017,3.82,3.91,5.24,5.8,1,1,N_6080,T_4050,V_0045,WF_0005,PH_1,Q_F,"Speed: N_6080, Temp: T_4050, Visc: V_0045, Quality: Q_F"
B2023-1076,1768287906.612141,44.13,49.14,0.203,6.8,8.71,8.29,6.18,2,0,N_4060,T_4050,V_0045,WF_0515,PH_2,Q_P,"Speed: N_4060, Temp: T_4050, Visc: V_0045, Quality: Q_P"
B2023-1077,1768287966.612141,74.16,38.0,0.1811,4.66,7.68,5.29,5.64,1,1,N_6080,T_3040,V_0045,WF_0005,PH_1,Q_F,"Speed: N_6080, Temp: T_3040, Visc: V_0045, Quality: Q_F"
B2023-1078,1768288026.612141,44.34,40.77,0.2788,8.94,2.74,3.41,6.06,2,0,N_4060,T_4050,V_0045,WF_0515,PH_2,Q_P,"Speed: N_4060, Temp: T_4050, Visc: V_0045, Quality: Q_P"
B2023-1079,1768288086.612141,31.45,32.55,0.2402,13.49,3.54,6.3,4.47,1,0,N_2040,T_3040,V_0045,WF_0515,PH_1,Q_P,"Speed: N_2040, Temp: T_3040, Visc: V_0045, Quality: Q_P"
B2023-1080,1768288146.612141,36.8,43.02,0.2094,13.53,5.77,7.51,8.89,2,0,N_2040,T_4050,V_0045,WF_0515,PH_2,Q_P,"Speed: N_2040, Temp: T_4050, Visc: V_0045, Quality: Q_P"
B2023-1081,1768288206.612141,76.61,42.95,0.1541,4.64,2.24,3.69,6.66,1,1,N_6080,T_4050,V_0045,WF_0005,PH_1,Q_F,"Speed: N_6080, Temp: T_4050, Visc: V_0045, Quality: Q_F"
B2023-1082,1768288266.612141,37.9,46.09,0.3189,7.56,2.14,7.2,4.43,2,0,N_2040,T_4050,V_0045,WF_0515,PH_2,Q_P,"Speed: N_2040, Temp: T_4050, Visc: V_0045, Quality: Q_P"
B2023-1083,1768288326.612141,22.9,20.48,0.4976,3.86,7.51,5.05,6.34,1,1,N_2040,T_2030,V_4550,WF_0005,PH_1,Q_F,"Speed: N_2040, Temp: T_2030, Visc: V_4550, Quality: Q_F"
B2023-1084,1768288386.612141,42.62,51.87,0.3826,11.39,8.62,5.18,8.32,2,0,N_4060,T_5060,V_0045,WF_0515,PH_2,Q_P,"Speed: N_4060, Temp: T_5060, Visc: V_0045, Quality: Q_P"
B2023-1085,1768288446.612141,31.11,27.87,0.116,12.6,4.44,5.17,5.97,1,0,N_2040,T_2030,V_0045,WF_0515,PH_1,Q_P,"Speed: N_2040, Temp: T_2030, Visc: V_0045, Quality: Q_P"
B2023-1086,1768288506.612141,20.31,21.69,0.1447,10.45,2.4,3.75,4.01,1,0,N_2040,T_2030,V_0045,WF_0515,PH_1,Q_P,"Speed: N_2040, Temp: T_2030, Visc: V_0045, Quality: Q_P"
B2023-1087,1768288566.612141,32.94,21.97,0.2986,10.14,2.77,6.03,8.77,1,0,N_2040,T_2030,V_0045,WF_0515,PH_1,Q_P,"Speed: N_2040, Temp: T_2030, Visc: V_0045, Quality: Q_P"
B2023-1088,1768288626.612141,38.3,27.17,0.1428,10.43,6.16,4.48,5.15,1,0,N_2040,T_2030,V_0045,WF_0515,PH_1,Q_P,"Speed: N_2040, Temp: T_2030, Visc: V_0045, Quality: Q_P"
B2023-1089,1768288686.612141,39.88,46.81,0.3716,6.13,5.93,5.98,5.98,2,0,N_2040,T_4050,V_0045,WF_0515,PH_2,Q_P,"Speed: N_2040, Temp: T_4050, Visc: V_0045, Quality: Q_P"
B2023-1090,1768288746.612141,38.4,24.99,0.2507,7.0,3.42,5.24,4.52,1,0,N_2040,T_2030,V_0045,WF_0515,PH_1,Q_P,"Speed: N_2040, Temp: T_2030, Visc: V_0045, Quality: Q_P"
B2023-1091,1768288806.612141,29.97,24.72,0.2651,7.11,4.98,6.73,7.26,1,0,N_2040,T_2030,V_0045,WF_0515,PH_1,Q_P,"Speed: N_2040, Temp: T_2030, Visc: V_0045, Quality: Q_P"
B2023-1092,1768288866.612141,24.94,19.72,0.4715,13.15,3.65,6.78,4.01,2,1,N_2040,T_1020,V_4550,WF_0515,PH_2,Q_F,"Speed: N_2040, Temp: T_1020, Visc: V_4550, Quality: Q_F"
B2023-1093,1768288926.612141,39.84,24.92,0.2485,10.12,2.92,6.43,4.09,1,0,N_2040,T_2030,V_0045,WF_0515,PH_1,Q_P,"Speed: N_2040, Temp: T_2030, Visc: V_0045, Quality: Q_P"
B2023-1094,1768288986.612141,31.21,42.76,0.2039,9.99,5.22,4.65,6.4,2,0,N_2040,T_4050,V_0045,WF_0515,PH_2,Q_P,"Speed: N_2040, Temp: T_4050, Visc: V_0045, Quality: Q_P"
B2023-1095,1768289046.612141,25.24,24.16,0.1147,12.54,4.78,8.68,6.96,1,0,N_2040,T_2030,V_0045,WF_0515,PH_1,Q_P,"Speed: N_2040, Temp: T_2030, Visc: V_0045, Quality: Q_P"
B2023-1096,1768289106.612141,17.33,16.75,0.4938,12.3,8.93,4.14,6.73,2,1,N_0020,T_1020,V_4550,WF_0515,PH_2,Q_F,"Speed: N_0020, Temp: T_1020, Visc: V_4550, Quality: Q_F"
B2023-1097,1768289166.612141,27.69,32.99,0.11,8.83,2.73,3.84,4.41,1,0,N_2040,T_3040,V_0045,WF_0515,PH_1,Q_P,"Speed: N_2040, Temp: T_3040, Visc: V_0045, Quality: Q_P"
B2023-1098,1768289226.612141,30.51,43.3,0.2827,8.93,2.58,8.63,4.82,2,0,N_2040,T_4050,V_0045,WF_0515,PH_2,Q_P,"Speed: N_2040, Temp: T_4050, Visc: V_0045, Quality: Q_P"
B2023-1099,1768289286.612141,37.23,51.45,0.338,6.89,4.76,3.13,6.43,2,0,N_2040,T_5060,V_0045,WF_0515,PH_2,Q_P,"Speed: N_2040, Temp: T_5060, Visc: V_0045, Quality: Q_P"
B2023-1100,1768289346.612141,74.36,41.49,0.3424,0.13,7.35,8.91,4.3,2,1,N_6080,T_4050,V_0045,WF_0005,PH_2,Q_F,"Speed: N_6080, Temp: T_4050, Visc: V_0045, Quality: Q_F"
B2023-1101,1768289406.612141,42.07,40.25,0.2377,7.93,6.86,5.03,5.97,2,0,N_4060,T_4050,V_0045,WF_0515,PH_2,Q_P,"Speed: N_4060, Temp: T_4050, Visc: V_0045, Quality: Q_P"
B2023-1102,1768289466.612141,24.12,8.44,0.4909,2.04,4.37,4.59,6.27,1,1,N_2040,T_010,V_4550,WF_0005,PH_1,Q_F,"Speed: N_2040, Temp: T_010, Visc: V_4550, Quality: Q_F"
B2023-1103,1768289526.612141,34.86,46.38,0.3409,13.16,2.92,8.33,5.96,2,0,N_2040,T_4050,V_0045,WF_0515,PH_2,Q_P,"Speed: N_2040, Temp: T_4050, Visc: V_0045, Quality: Q_P"
B2023-1104,1768289586.612141,47.6,51.42,0.2285,8.82,5.99,8.55,5.23,2,0,N_4060,T_5060,V_0045,WF_0515,PH_2,Q_P,"Speed: N_4060, Temp: T_5060, Visc: V_0045, Quality: Q_P"
B2023-1105,1768289646.612141,38.3,54.96,0.3317,5.51,5.7,6.27,5.48,2,0,N_2040,T_5060,V_0045,WF_0515,PH_2,Q_P,"Speed: N_2040, Temp: T_5060, Visc: V_0045, Quality: Q_P"
B2023-1106,1768289706.612141,21.96,21.3,0.2902,6.41,8.45,8.78,4.61,1,0,N_2040,T_2030,V_0045,WF_0515,PH_1,Q_P,"Speed: N_2040, Temp: T_2030, Visc: V_0045, Quality: Q_P"
B2023-1107,1768289766.612141,37.93,38.71,0.2166,12.34,5.04,5.67,8.79,1,0,N_2040,T_3040,V_0045,WF_0515,PH_1,Q_P,"Speed: N_2040, Temp: T_3040, Visc: V_0045, Quality: Q_P"
B2023-1108,1768289826.612141,23.85,35.27,0.1576,12.08,4.85,8.06,6.2,1,0,N_2040,T_3040,V_0045,WF_0515,PH_1,Q_P,"Speed: N_2040, Temp: T_3040, Visc: V_0045, Quality: Q_P"
B2023-1109,1768289886.612141,30.6,53.65,0.2573,7.44,8.82,4.03,5.68,2,0,N_2040,T_5060,V_0045,WF_0515,PH_2,Q_P,"Speed: N_2040, Temp: T_5060, Visc: V_0045, Quality: Q_P"
B2023-1110,1768289946.612141,46.25,47.05,0.3969,10.89,3.31,6.4,8.17,2,0,N_4060,T_4050,V_0045,WF_0515,PH_2,Q_P,"Speed: N_4060, Temp: T_4050, Visc: V_0045, Quality: Q_P"
B2023-1111,1768290006.612141,28.18,28.26,0.1425,10.31,2.4,5.89,6.74,1,0,N_2040,T_2030,V_0045,WF_0515,PH_1,Q_P,"Speed: N_2040, Temp: T_2030, Visc: V_0045, Quality: Q_P"
B2023-1112,1768290066.612141,45.76,42.17,0.2452,9.78,4.0,8.95,6.85,2,0,N_4060,T_4050,V_0045,WF_0515,PH_2,Q_P,"Speed: N_4060, Temp: T_4050, Visc: V_0045, Quality: Q_P"
B2023-1113,1768290126.612141,32.48,47.77,0.2386,11.77,6.11,6.23,8.75,2,0,N_2040,T_4050,V_0045,WF_0515,PH_2,Q_P,"Speed: N_2040, Temp: T_4050, Visc: V_0045, Quality: Q_P"
B2023-1114,1768290186.612141,34.24,26.1,0.2901,10.53,5.7,4.84,6.64,1,0,N_2040,T_2030,V_0045,WF_0515,PH_1,Q_P,"Speed: N_2040, Temp: T_2030, Visc: V_0045, Quality: Q_P"
B2023-1115,1768290246.612141,29.21,36.95,0.2037,9.73,7.28,7.18,6.55,1,0,N_2040,T_3040,V_0045,WF_0515,PH_1,Q_P,"Speed: N_2040, Temp: T_3040, Visc: V_0045, Quality: Q_P"
B2023-1116,1768290306.612141,23.44,20.73,0.4813,11.85,8.49,8.06,7.39,2,1,N_2040,T_2030,V_4550,WF_0515,PH_2,Q_F,"Speed: N_2040, Temp: T_2030, Visc: V_4550, Quality: Q_F"
B2023-1117,1768290366.612141,45.85,50.0,0.2117,8.23,5.0,8.09,5.7,2,0,N_4060,T_4050,V_0045,WF_0515,PH_2,Q_P,"Speed: N_4060, Temp: T_4050, Visc: V_0045, Quality: Q_P"
B2023-1118,1768290426.612141,76.03,36.15,0.1819,4.54,8.13,6.62,8.72,2,1,N_6080,T_3040,V_0045,WF_0005,PH_2,Q_F,"Speed: N_6080, Temp: T_3040, Visc: V_0045, Quality: Q_F"
B2023-1119,1768290486.612141,67.96,36.55,0.1193,3.76,2.1,7.65,6.67,2,1,N_6080,T_3040,V_0045,WF_0005,PH_2,Q_F,"Speed: N_6080, Temp: T_3040, Visc: V_0045, Quality: Q_F"
B2023-1120,1768290546.612141,39.92,47.6,0.3345,9.84,3.45,3.15,5.74,2,0,N_2040,T_4050,V_0045,WF_0515,PH_2,Q_P,"Speed: N_2040, Temp: T_4050, Visc: V_0045, Quality: Q_P"
B2023-1121,1768290606.612141,27.32,28.32,0.2493,6.8,8.33,4.82,5.43,1,0,N_2040,T_2030,V_0045,WF_0515,PH_1,Q_P,"Speed: N_2040, Temp: T_2030, Visc: V_0045, Quality: Q_P"
B2023-1122,1768290666.612141,21.92,27.8,0.2501,11.16,4.21,6.58,8.03,1,0,N_2040,T_2030,V_0045,WF_0515,PH_1,Q_P,"Speed: N_2040, Temp: T_2030, Visc: V_0045, Quality: Q_P"
B2023-1123,1768290726.612141,39.31,42.67,0.271,13.39,2.32,4.23,6.67,2,0,N_2040,T_4050,V_0045,WF_0515,PH_2,Q_P,"Speed: N_2040, Temp: T_4050, Visc: V_0045, Quality: Q_P"
B2023-1124,1768290786.612141,30.64,27.7,0.2652,7.13,5.51,3.97,6.27,1,0,N_2040,T_2030,V_0045,WF_0515,PH_1,Q_P,"Speed: N_2040, Temp: T_2030, Visc: V_0045, Quality: Q_P"
B2023-1125,1768290846.612141,71.46,53.66,0.2794,1.1,7.87,5.0,4.62,2,1,N_6080,T_5060,V_0045,WF_0005,PH_2,Q_F,"Speed: N_6080, Temp: T_5060, Visc: V_0045, Quality: Q_F"
B2023-1126,1768290906.612141,49.32,45.71,0.3897,8.84,2.64,5.72,4.97,2,0,N_4060,T_4050,V_0045,WF_0515,PH_2,Q_P,"Speed: N_4060, Temp: T_4050, Visc: V_0045, Quality: Q_P"
B2023-1127,1768290966.612141,38.03,49.24,0.3657,7.34,2.64,4.26,7.53,2,0,N_2040,T_4050,V_0045,WF_0515,PH_2,Q_P,"Speed: N_2040, Temp: T_4050, Visc: V_0045, Quality: Q_P"
B2023-1128,1768291026.612141,78.37,46.45,0.1648,2.17,4.78,5.3,6.94,2,1,N_6080,T_4050,V_0045,WF_0005,PH_2,Q_F,"Speed: N_6080, Temp: T_4050, Visc: V_0045, Quality: Q_F"
B2023-1129,1768291086.612141,49.7,40.79,0.2128,8.85,4.23,7.88,5.37,2,0,N_4060,T_4050,V_0045,WF_0515,PH_2,Q_P,"Speed: N_4060, Temp: T_4050, Visc: V_0045, Quality: Q_P"
B2023-1130,1768291146.612141,40.82,50.59,0.3412,13.3,8.25,8.14,8.16,2,0,N_4060,T_5060,V_0045,WF_0515,PH_2,Q_P,"Speed: N_4060, Temp: T_5060, Visc: V_0045, Quality: Q_P"
B2023-1131,1768291206.612141,26.22,29.09,0.1407,7.93,8.72,4.24,5.57,1,0,N_2040,T_2030,V_0045,WF_0515,PH_1,Q_P,"Speed: N_2040, Temp: T_2030, Visc: V_0045, Quality: Q_P"
B2023-1132,1768291266.612141,46.46,46.08,0.2289,5.81,6.72,7.38,7.47,2,0,N_4060,T_4050,V_0045,WF_0515,PH_2,Q_P,"Speed: N_4060, Temp: T_4050, Visc: V_0045, Quality: Q_P"
B2023-1133,1768291326.612141,69.03,48.53,0.382,2.27,5.66,6.45,4.31,2,1,N_6080,T_4050,V_0045,WF_0005,PH_2,Q_F,"Speed: N_6080, Temp: T_4050, Visc: V_0045, Quality: Q_F"
B2023-1134,1768291386.612141,24.84,23.21,0.1031,7.29,7.03,5.27,5.99,1,0,N_2040,T_2030,V_0045,WF_0515,PH_1,Q_P,"Speed: N_2040, Temp: T_2030, Visc: V_0045, Quality: Q_P"
B2023-1135,1768291446.612141,30.66,48.18,0.2413,5.78,8.22,4.02,7.25,2,0,N_2040,T_4050,V_0045,WF_0515,PH_2,Q_P,"Speed: N_2040, Temp: T_4050, Visc: V_0045, Quality: Q_P"
B2023-1136,1768291506.612141,33.69,44.78,0.2083,13.49,8.1,6.67,8.93,2,0,N_2040,T_4050,V_0045,WF_0515,PH_2,Q_P,"Speed: N_2040, Temp: T_4050, Visc: V_0045, Quality: Q_P"
B2023-1137,1768291566.612141,18.42,13.67,0.4969,2.77,2.8,3.87,4.41,2,1,N_0020,T_1020,V_4550,WF_0005,PH_2,Q_F,"Speed: N_0020, Temp: T_1020, Visc: V_4550, Quality: Q_F"
B2023-1138,1768291626.612141,20.12,38.15,0.2663,7.52,3.98,7.55,5.23,1,0,N_2040,T_3040,V_0045,WF_0515,PH_1,Q_P,"Speed: N_2040, Temp: T_3040, Visc: V_0045, Quality: Q_P"
B2023-1139,1768291686.612141,28.26,24.11,0.2571,8.37,2.86,5.94,7.76,1,0,N_2040,T_2030,V_0045,WF_0515,PH_1,Q_P,"Speed: N_2040, Temp: T_2030, Visc: V_0045, Quality: Q_P"
B2023-1140,1768291746.612141,35.5,22.59,0.2992,6.57,5.03,5.01,7.65,1,0,N_2040,T_2030,V_0045,WF_0515,PH_1,Q_P,"Speed: N_2040, Temp: T_2030, Visc: V_0045, Quality: Q_P"
B2023-1141,1768291806.612141,42.55,49.78,0.2831,6.01,7.58,8.5,8.41,2,0,N_4060,T_4050,V_0045,WF_0515,PH_2,Q_P,"Speed: N_4060, Temp: T_4050, Visc: V_0045, Quality: Q_P"
B2023-1142,1768291866.612141,38.36,43.42,0.3116,11.25,4.37,8.33,5.56,2,0,N_2040,T_4050,V_0045,WF_0515,PH_2,Q_P,"Speed: N_2040, Temp: T_4050, Visc: V_0045, Quality: Q_P"
B2023-1143,1768291926.612141,31.36,31.53,0.1064,9.87,7.06,3.0,7.62,1,0,N_2040,T_3040,V_0045,WF_0515,PH_1,Q_P,"Speed: N_2040, Temp: T_3040, Visc: V_0045, Quality: Q_P"
B2023-1144,1768291986.612141,43.68,52.77,0.3578,12.68,4.41,8.18,6.36,2,0,N_4060,T_5060,V_0045,WF_0515,PH_2,Q_P,"Speed: N_4060, Temp: T_5060, Visc: V_0045, Quality: Q_P"
B2023-1145,1768292046.612141,16.3,23.69,0.4758,8.01,4.49,3.49,7.33,1,1,N_0020,T_2030,V_4550,WF_0515,PH_1,Q_F,"Speed: N_0020, Temp: T_2030, Visc: V_4550, Quality: Q_F"
B2023-1146,1768292106.612141,41.11,40.88,0.3721,8.16,6.7,8.01,7.31,2,0,N_4060,T_4050,V_0045,WF_0515,PH_2,Q_P,"Speed: N_4060, Temp: T_4050, Visc: V_0045, Quality: Q_P"
B2023-1147,1768292166.612141,31.48,34.34,0.2759,11.36,2.65,5.31,8.35,1,0,N_2040,T_3040,V_0045,WF_0515,PH_1,Q_P,"Speed: N_2040, Temp: T_3040, Visc: V_0045, Quality: Q_P"
B2023-1148,1768292226.612141,46.97,45.99,0.3312,9.07,6.5,8.73,6.91,2,0,N_4060,T_4050,V_0045,WF_0515,PH_2,Q_P,"Speed: N_4060, Temp: T_4050, Visc: V_0045, Quality: Q_P"
B2023-1149,1768292286.612141,36.63,36.68,0.1113,13.48,7.98,4.98,5.81,1,0,N_2040,T_3040,V_0045,WF_0515,PH_1,Q_P,"Speed: N_2040, Temp: T_3040, Visc: V_0045, Quality: Q_P"
B2023-1150,1768292346.612141,37.15,26.37,0.2435,11.15,4.63,6.91,8.89,1,0,N_2040,T_2030,V_0045,WF_0515,PH_1,Q_P,"Speed: N_2040, Temp: T_2030, Visc: V_0045, Quality: Q_P"
B2023-1151,1768292406.612141,31.37,49.49,0.2722,6.91,7.42,8.61,7.11,2,0,N_2040,T_4050,V_0045,WF_0515,PH_2,Q_P,"Speed: N_2040, Temp: T_4050, Visc: V_0045, Quality: Q_P"
B2023-1152,1768292466.612141,27.81,24.95,0.1765,6.8,4.24,7.78,6.49,1,0,N_2040,T_2030,V_0045,WF_0515,PH_1,Q_P,"Speed: N_2040, Temp: T_2030, Visc: V_0045, Quality: Q_P"
B2023-1153,1768292526.612141,46.72,41.0,0.3066,8.76,7.64,3.12,5.16,2,0,N_4060,T_4050,V_0045,WF_0515,PH_2,Q_P,"Speed: N_4060, Temp: T_4050, Visc: V_0045, Quality: Q_P"
B2023-1154,1768292586.612141,24.24,30.13,0.126,5.58,5.18,5.69,6.83,1,0,N_2040,T_3040,V_0045,WF_0515,PH_1,Q_P,"Speed: N_2040, Temp: T_3040, Visc: V_0045, Quality: Q_P"
B2023-1155,1768292646.612141,33.98,37.1,0.2151,8.69,4.63,7.97,4.7,1,0,N_2040,T_3040,V_0045,WF_0515,PH_1,Q_P,"Speed: N_2040, Temp: T_3040, Visc: V_0045, Quality: Q_P"
B2023-1156,1768292706.612141,13.0,12.12,0.4687,5.74,8.77,5.67,8.44,1,1,N_0020,T_1020,V_4550,WF_0515,PH_1,Q_F,"Speed: N_0020, Temp: T_1020, Visc: V_4550, Quality: Q_F"
B2023-1157,1768292766.612141,48.37,43.52,0.3759,10.58,4.43,4.44,7.33,2,0,N_4060,T_4050,V_0045,WF_0515,PH_2,Q_P,"Speed: N_4060, Temp: T_4050, Visc: V_0045, Quality: Q_P"
B2023-1158,1768292826.612141,36.95,45.77,0.3565,7.34,3.56,7.32,8.46,2,0,N_2040,T_4050,V_0045,WF_0515,PH_2,Q_P,"Speed: N_2040, Temp: T_4050, Visc: V_0045, Quality: Q_P"
B2023-1159,1768292886.612141,34.66,22.74,0.2082,8.08,2.19,6.11,8.45,1,0,N_2040,T_2030,V_0045,WF_0515,PH_1,Q_P,"Speed: N_2040, Temp: T_2030, Visc: V_0045, Quality: Q_P"
B2023-1160,1768292946.612141,25.27,28.88,0.2089,7.96,7.66,4.58,6.51,1,0,N_2040,T_2030,V_0045,WF_0515,PH_1,Q_P,"Speed: N_2040, Temp: T_2030, Visc: V_0045, Quality: Q_P"
B2023-1161,1768293006.612141,65.9,30.48,0.2721,4.09,8.84,5.51,8.23,2,1,N_6080,T_3040,V_0045,WF_0005,PH_2,Q_F,"Speed: N_6080, Temp: T_3040, Visc: V_0045, Quality: Q_F"
B2023-1162,1768293066.612141,21.54,23.1,0.1632,7.92,5.36,5.93,5.44,1,0,N_2040,T_2030,V_0045,WF_0515,PH_1,Q_P,"Speed: N_2040, Temp: T_2030, Visc: V_0045, Quality: Q_P"
B2023-1163,1768293126.612141,38.46,29.49,0.2558,9.84,8.6,4.81,7.12,1,0,N_2040,T_2030,V_0045,WF_0515,PH_1,Q_P,"Speed: N_2040, Temp: T_2030, Visc: V_0045, Quality: Q_P"
B2023-1164,1768293186.612141,34.99,32.75,0.1794,10.31,7.82,3.7,5.16,1,0,N_2040,T_3040,V_0045,WF_0515,PH_1,Q_P,"Speed: N_2040, Temp: T_3040, Visc: V_0045, Quality: Q_P"
B2023-1165,1768293246.612141,32.71,23.46,0.2212,13.87,6.7,4.94,7.81,1,0,N_2040,T_2030,V_0045,WF_0515,PH_1,Q_P,"Speed: N_2040, Temp: T_2030, Visc: V_0045, Quality: Q_P"
B2023-1166,1768293306.612141,46.63,54.5,0.3742,9.78,4.17,8.98,5.91,2,0,N_4060,T_5060,V_0045,WF_0515,PH_2,Q_P,"Speed: N_4060, Temp: T_5060, Visc: V_0045, Quality: Q_P"
B2023-1167,1768293366.612141,20.49,21.24,0.4995,10.06,3.44,4.73,7.61,2,1,N_2040,T_2030,V_4550,WF_0515,PH_2,Q_F,"Speed: N_2040, Temp: T_2030, Visc: V_4550, Quality: Q_F"
B2023-1168,1768293426.612141,38.64,49.51,0.2989,8.59,3.88,7.37,7.67,2,0,N_2040,T_4050,V_0045,WF_0515,PH_2,Q_P,"Speed: N_2040, Temp: T_4050, Visc: V_0045, Quality: Q_P"
B2023-1169,1768293486.612141,35.89,33.74,0.1364,10.56,4.31,5.18,7.5,1,0,N_2040,T_3040,V_0045,WF_0515,PH_1,Q_P,"Speed: N_2040, Temp: T_3040, Visc: V_0045, Quality: Q_P"
B2023-1170,1768293546.612141,65.14,35.09,0.372,1.61,7.95,3.42,4.62,2,1,N_6080,T_3040,V_0045,WF_0005,PH_2,Q_F,"Speed: N_6080, Temp: T_3040, Visc: V_0045, Quality: Q_F"
B2023-1171,1768293606.612141,29.76,31.43,0.2059,12.83,4.34,6.35,5.55,1,0,N_2040,T_3040,V_0045,WF_0515,PH_1,Q_P,"Speed: N_2040, Temp: T_3040, Visc: V_0045, Quality: Q_P"
B2023-1172,1768293666.612141,48.6,44.16,0.3289,12.83,8.6,3.19,6.27,2,0,N_4060,T_4050,V_0045,WF_0515,PH_2,Q_P,"Speed: N_4060, Temp: T_4050, Visc: V_0045, Quality: Q_P"
B2023-1173,1768293726.612141,28.22,21.99,0.4824,13.77,4.8,8.12,8.67,1,1,N_2040,T_2030,V_4550,WF_0515,PH_1,Q_F,"Speed: N_2040, Temp: T_2030, Visc: V_4550, Quality: Q_F"
B2023-1174,1768293786.612141,34.53,52.73,0.2186,6.88,6.17,6.7,5.88,2,0,N_2040,T_5060,V_0045,WF_0515,PH_2,Q_P,"Speed: N_2040, Temp: T_5060, Visc: V_0045, Quality: Q_P"
B2023-1175,1768293846.612141,74.32,34.88,0.1317,2.86,5.78,8.93,4.42,2,1,N_6080,T_3040,V_0045,WF_0005,PH_2,Q_F,"Speed: N_6080, Temp: T_3040, Visc: V_0045, Quality: Q_F"
B2023-1176,1768293906.612141,73.41,33.67,0.2849,4.48,5.76,7.83,7.98,1,1,N_6080,T_3040,V_0045,WF_0005,PH_1,Q_F,"Speed: N_6080, Temp: T_3040, Visc: V_0045, Quality: Q_F"
B2023-1177,1768293966.612141,48.05,50.24,0.2074,10.81,2.93,6.24,8.94,2,0,N_4060,T_5060,V_0045,WF_0515,PH_2,Q_P,"Speed: N_4060, Temp: T_5060, Visc: V_0045, Quality: Q_P"
B2023-1178,1768294026.612141,19.27,18.83,0.4803,2.86,4.34,4.33,6.19,1,1,N_0020,T_1020,V_4550,WF_0005,PH_1,Q_F,"Speed: N_0020, Temp: T_1020, Visc: V_4550, Quality: Q_F"
B2023-1179,1768294086.612141,38.39,52.46,0.3031,6.64,4.6,3.69,7.8,2,0,N_2040,T_5060,V_0045,WF_0515,PH_2,Q_P,"Speed: N_2040, Temp: T_5060, Visc: V_0045, Quality: Q_P"
B2023-1180,1768294146.612141,67.94,38.38,0.3754,1.11,2.47,7.37,4.29,1,1,N_6080,T_3040,V_0045,WF_0005,PH_1,Q_F,"Speed: N_6080, Temp: T_3040, Visc: V_0045, Quality: Q_F"
B2023-1181,1768294206.612141,48.48,44.53,0.2696,11.97,8.09,3.76,4.83,2,0,N_4060,T_4050,V_0045,WF_0515,PH_2,Q_P,"Speed: N_4060, Temp: T_4050, Visc: V_0045, Quality: Q_P"
B2023-1182,1768294266.612141,39.08,31.38,0.1507,9.74,8.05,7.96,7.26,1,0,N_2040,T_3040,V_0045,WF_0515,PH_1,Q_P,"Speed: N_2040, Temp: T_3040, Visc: V_0045, Quality: Q_P"
B2023-1183,1768294326.612141,32.57,37.64,0.2199,6.14,5.23,8.49,6.1,1,0,N_2040,T_3040,V_0045,WF_0515,PH_1,Q_P,"Speed: N_2040, Temp: T_3040, Visc: V_0045, Quality: Q_P"
B2023-1184,1768294386.612141,48.42,43.71,0.2904,8.37,5.27,7.14,5.15,2,0,N_4060,T_4050,V_0045,WF_0515,PH_2,Q_P,"Speed: N_4060, Temp: T_4050, Visc: V_0045, Quality: Q_P"
B2023-1185,1768294446.612141,24.24,26.34,0.2078,5.3,7.09,3.43,6.83,1,0,N_2040,T_2030,V_0045,WF_0515,PH_1,Q_P,"Speed: N_2040, Temp: T_2030, Visc: V_0045, Quality: Q_P"
B2023-1186,1768294506.612141,34.67,31.86,0.1919,7.5,5.88,8.94,7.57,1,0,N_2040,T_3040,V_0045,WF_0515,PH_1,Q_P,"Speed: N_2040, Temp: T_3040, Visc: V_0045, Quality: Q_P"
B2023-1187,1768294566.612141,33.05,22.17,0.2646,12.44,6.89,7.11,8.42,1,0,N_2040,T_2030,V_0045,WF_0515,PH_1,Q_P,"Speed: N_2040, Temp: T_2030, Visc: V_0045, Quality: Q_P"
B2023-1188,1768294626.612141,20.76,28.7,0.2617,7.51,6.94,5.5,8.86,1,0,N_2040,T_2030,V_0045,WF_0515,PH_1,Q_P,"Speed: N_2040, Temp: T_2030, Visc: V_0045, Quality: Q_P"
B2023-1189,1768294686.612141,24.28,37.23,0.2206,13.39,5.89,3.78,5.55,1,0,N_2040,T_3040,V_0045,WF_0515,PH_1,Q_P,"Speed: N_2040, Temp: T_3040, Visc: V_0045, Quality: Q_P"
B2023-1190,1768294746.612141,27.52,35.86,0.27,10.47,5.44,3.53,7.09,1,0,N_2040,T_3040,V_0045,WF_0515,PH_1,Q_P,"Speed: N_2040, Temp: T_3040, Visc: V_0045, Quality: Q_P"
B2023-1191,1768294806.612141,27.44,33.09,0.1174,8.25,4.45,6.51,8.49,1,0,N_2040,T_3040,V_0045,WF_0515,PH_1,Q_P,"Speed: N_2040, Temp: T_3040, Visc: V_0045, Quality: Q_P"
B2023-1192,1768294866.612141,21.47,38.92,0.1655,7.2,2.71,8.95,4.98,1,0,N_2040,T_3040,V_0045,WF_0515,PH_1,Q_P,"Speed: N_2040, Temp: T_3040, Visc: V_0045, Quality: Q_P"
B2023-1193,1768294926.612141,32.13,21.1,0.2041,8.18,4.88,3.06,8.37,1,0,N_2040,T_2030,V_0045,WF_0515,PH_1,Q_P,"Speed: N_2040, Temp: T_2030, Visc: V_0045, Quality: Q_P"
B2023-1194,1768294986.612141,35.11,36.69,0.2673,7.48,7.84,5.21,4.49,1,0,N_2040,T_3040,V_0045,WF_0515,PH_1,Q_P,"Speed: N_2040, Temp: T_3040, Visc: V_0045, Quality: Q_P"
B2023-1195,1768295046.612141,20.66,36.64,0.2856,6.2,6.13,3.14,5.61,1,0,N_2040,T_3040,V_0045,WF_0515,PH_1,Q_P,"Speed: N_2040, Temp: T_3040, Visc: V_0045, Quality: Q_P"
B2023-1196,1768295106.612141,76.84,47.41,0.3364,2.72,4.83,4.98,5.69,1,1,N_6080,T_4050,V_0045,WF_0005,PH_1,Q_F,"Speed: N_6080, Temp: T_4050, Visc: V_0045, Quality: Q_F"
B2023-1197,1768295166.612141,77.27,48.43,0.2523,4.75,2.84,8.02,8.96,2,1,N_6080,T_4050,V_0045,WF_0005,PH_2,Q_F,"Speed: N_6080, Temp: T_4050, Visc: V_0045, Quality: Q_F"
B2023-1198,1768295226.612141,35.28,38.81,0.1862,7.58,7.59,4.13,7.89,1,0,N_2040,T_3040,V_0045,WF_0515,PH_1,Q_P,"Speed: N_2040, Temp: T_3040, Visc: V_0045, Quality: Q_P"
B2023-1199,1768295286.612141,44.8,45.14,0.2673,9.11,5.98,3.66,5.23,2,0,N_4060,T_4050,V_0045,WF_0515,PH_2,Q_P,"Speed: N_4060, Temp: T_4050, Visc: V_0045, Quality: Q_P"
B2023-1200,1768295346.612141,41.95,43.6,0.2737,13.93,8.35,6.74,7.72,2,0,N_4060,T_4050,V_0045,WF_0515,PH_2,Q_P,"Speed: N_4060, Temp: T_4050, Visc: V_0045, Quality: Q_P"
B2023-1201,1768295406.612141,20.55,7.82,0.4638,1.1,5.13,4.27,4.89,1,1,N_2040,T_010,V_4550,WF_0005,PH_1,Q_F,"Speed: N_2040, Temp: T_010, Visc: V_4550, Quality: Q_F"
B2023-1202,1768295466.612141,21.58,8.4,0.493,9.98,6.86,4.66,8.56,2,1,N_2040,T_010,V_4550,WF_0515,PH_2,Q_F,"Speed: N_2040, Temp: T_010, Visc: V_4550, Quality: Q_F"
B2023-1203,1768295526.612141,27.98,24.08,0.1006,5.44,4.53,5.1,8.3,1,0,N_2040,T_2030,V_0045,WF_0515,PH_1,Q_P,"Speed: N_2040, Temp: T_2030, Visc: V_0045, Quality: Q_P"
B2023-1204,1768295586.612141,24.17,19.17,0.479,2.09,8.27,4.88,6.72,1,1,N_2040,T_1020,V_4550,WF_0005,PH_1,Q_F,"Speed: N_2040, Temp: T_1020, Visc: V_4550, Quality: Q_F"
B2023-1205,1768295646.612141,20.64,10.32,0.4672,12.74,6.58,4.8,6.95,1,1,N_2040,T_1020,V_4550,WF_0515,PH_1,Q_F,"Speed: N_2040, Temp: T_1020, Visc: V_4550, Quality: Q_F"
B2023-1206,1768295706.612141,35.75,43.23,0.2715,5.22,5.58,5.0,7.37,2,0,N_2040,T_4050,V_0045,WF_0515,PH_2,Q_P,"Speed: N_2040, Temp: T_4050, Visc: V_0045, Quality: Q_P"
B2023-1207,1768295766.612141,37.1,35.18,0.1125,13.43,4.64,4.68,6.13,1,0,N_2040,T_3040,V_0045,WF_0515,PH_1,Q_P,"Speed: N_2040, Temp: T_3040, Visc: V_0045, Quality: Q_P"
B2023-1208,1768295826.612141,38.32,23.36,0.2042,9.61,7.04,5.54,5.34,1,0,N_2040,T_2030,V_0045,WF_0515,PH_1,Q_P,"Speed: N_2040, Temp: T_2030, Visc: V_0045, Quality: Q_P"
B2023-1209,1768295886.612141,47.22,41.31,0.2788,8.44,8.53,3.88,8.89,2,0,N_4060,T_4050,V_0045,WF_0515,PH_2,Q_P,"Speed: N_4060, Temp: T_4050, Visc: V_0045, Quality: Q_P"
B2023-1210,1768295946.612141,33.99,38.67,0.1317,9.08,8.19,8.97,8.51,1,0,N_2040,T_3040,V_0045,WF_0515,PH_1,Q_P,"Speed: N_2040, Temp: T_3040, Visc: V_0045, Quality: Q_P"
B2023-1211,1768296006.612141,31.31,36.65,0.1321,9.86,5.34,7.58,8.66,1,0,N_2040,T_3040,V_0045,WF_0515,PH_1,Q_P,"Speed: N_2040, Temp: T_3040, Visc: V_0045, Quality: Q_P"
B2023-1212,1768296066.612141,32.24,51.82,0.3531,7.73,2.68,5.2,6.41,2,0,N_2040,T_5060,V_0045,WF_0515,PH_2,Q_P,"Speed: N_2040, Temp: T_5060, Visc: V_0045, Quality: Q_P"
B2023-1213,1768296126.612141,16.83,13.36,0.4779,6.67,6.51,7.03,5.67,2,1,N_0020,T_1020,V_4550,WF_0515,PH_2,Q_F,"Speed: N_0020, Temp: T_1020, Visc: V_4550, Quality: Q_F"
B2023-1214,1768296186.612141,44.43,45.76,0.2837,9.09,5.91,6.99,7.2,2,0,N_4060,T_4050,V_0045,WF_0515,PH_2,Q_P,"Speed: N_4060, Temp: T_4050, Visc: V_0045, Quality: Q_P"
B2023-1215,1768296246.612141,35.11,43.8,0.208,13.43,6.97,5.92,6.07,2,0,N_2040,T_4050,V_0045,WF_0515,PH_2,Q_P,"Speed: N_2040, Temp: T_4050, Visc: V_0045, Quality: Q_P"
B2023-1216,1768296306.612141,47.08,53.12,0.2649,9.04,2.53,7.52,8.66,2,0,N_4060,T_5060,V_0045,WF_0515,PH_2,Q_P,"Speed: N_4060, Temp: T_5060, Visc: V_0045, Quality: Q_P"
B2023-1217,1768296366.612141,15.33,19.84,0.4671,10.76,3.88,6.2,6.05,2,1,N_0020,T_1020,V_4550,WF_0515,PH_2,Q_F,"Speed: N_0020, Temp: T_1020, Visc: V_4550, Quality: Q_F"
B2023-1218,1768296426.612141,39.77,48.34,0.2257,6.0,3.23,7.22,7.85,2,0,N_2040,T_4050,V_0045,WF_0515,PH_2,Q_P,"Speed: N_2040, Temp: T_4050, Visc: V_0045, Quality: Q_P"
B2023-1219,1768296486.612141,32.61,26.61,0.2282,7.65,6.4,7.48,6.57,1,0,N_2040,T_2030,V_0045,WF_0515,PH_1,Q_P,"Speed: N_2040, Temp: T_2030, Visc: V_0045, Quality: Q_P"
B2023-1220,1768296546.612141,37.21,49.12,0.3701,8.62,7.17,6.39,4.83,2,0,N_2040,T_4050,V_0045,WF_0515,PH_2,Q_P,"Speed: N_2040, Temp: T_4050, Visc: V_0045, Quality: Q_P"
B2023-1221,1768296606.612141,44.43,48.0,0.3481,11.92,2.96,5.67,7.73,2,0,N_4060,T_4050,V_0045,WF_0515,PH_2,Q_P,"Speed: N_4060, Temp: T_4050, Visc: V_0045, Quality: Q_P"
B2023-1222,1768296666.612141,30.93,23.28,0.2281,5.53,3.79,4.76,6.62,1,0,N_2040,T_2030,V_0045,WF_0515,PH_1,Q_P,"Speed: N_2040, Temp: T_2030, Visc: V_0045, Quality: Q_P"
B2023-1223,1768296726.612141,72.73,33.15,0.2532,3.04,5.36,8.6,4.91,1,1,N_6080,T_3040,V_0045,WF_0005,PH_1,Q_F,"Speed: N_6080, Temp: T_3040, Visc: V_0045, Quality: Q_F"
B2023-1224,1768296786.612141,25.66,35.65,0.2542,11.6,5.33,8.06,7.53,1,0,N_2040,T_3040,V_0045,WF_0515,PH_1,Q_P,"Speed: N_2040, Temp: T_3040, Visc: V_0045, Quality: Q_P"
B2023-1225,1768296846.612141,27.85,34.4,0.1865,11.67,6.81,5.2,6.07,1,0,N_2040,T_3040,V_0045,WF_0515,PH_1,Q_P,"Speed: N_2040, Temp: T_3040, Visc: V_0045, Quality: Q_P"
B2023-1226,1768296906.612141,35.84,30.35,0.2271,6.0,5.69,8.27,4.22,1,0,N_2040,T_3040,V_0045,WF_0515,PH_1,Q_P,"Speed: N_2040, Temp: T_3040, Visc: V_0045, Quality: Q_P"
B2023-1227,1768296966.612141,39.91,52.71,0.2117,5.25,8.42,8.86,4.0,2,0,N_2040,T_5060,V_0045,WF_0515,PH_2,Q_P,"Speed: N_2040, Temp: T_5060, Visc: V_0045, Quality: Q_P"
B2023-1228,1768297026.612141,44.17,43.85,0.2961,11.16,3.57,3.57,4.32,2,0,N_4060,T_4050,V_0045,WF_0515,PH_2,Q_P,"Speed: N_4060, Temp: T_4050, Visc: V_0045, Quality: Q_P"
B2023-1229,1768297086.612141,39.29,51.92,0.3144,12.53,4.73,5.21,6.65,2,0,N_2040,T_5060,V_0045,WF_0515,PH_2,Q_P,"Speed: N_2040, Temp: T_5060, Visc: V_0045, Quality: Q_P"
B2023-1230,1768297146.612141,35.25,21.08,0.2675,12.87,2.17,4.02,8.02,1,0,N_2040,T_2030,V_0045,WF_0515,PH_1,Q_P,"Speed: N_2040, Temp: T_2030, Visc: V_0045, Quality: Q_P"
B2023-1231,1768297206.612141,39.74,32.34,0.269,5.82,2.09,7.5,6.12,1,0,N_2040,T_3040,V_0045,WF_0515,PH_1,Q_P,"Speed: N_2040, Temp: T_3040, Visc: V_0045, Quality: Q_P"
B2023-1232,1768297266.612141,14.01,11.35,0.4636,12.79,7.32,4.64,4.24,1,1,N_0020,T_1020,V_4550,WF_0515,PH_1,Q_F,"Speed: N_0020, Temp: T_1020, Visc: V_4550, Quality: Q_F"
B2023-1233,1768297326.612141,73.91,33.99,0.3933,0.94,2.72,5.77,4.98,1,1,N_6080,T_3040,V_0045,WF_0005,PH_1,Q_F,"Speed: N_6080, Temp: T_3040, Visc: V_0045, Quality: Q_F"
B2023-1234,1768297386.612141,28.1,24.36,0.2247,10.17,4.73,8.2,7.46,1,0,N_2040,T_2030,V_0045,WF_0515,PH_1,Q_P,"Speed: N_2040, Temp: T_2030, Visc: V_0045, Quality: Q_P"
B2023-1235,1768297446.612141,35.48,46.12,0.2434,11.57,4.94,7.17,5.9,2,0,N_2040,T_4050,V_0045,WF_0515,PH_2,Q_P,"Speed: N_2040, Temp: T_4050, Visc: V_0045, Quality: Q_P"
B2023-1236,1768297506.612141,26.82,21.6,0.2205,8.32,3.6,8.86,7.84,1,0,N_2040,T_2030,V_0045,WF_0515,PH_1,Q_P,"Speed: N_2040, Temp: T_2030, Visc: V_0045, Quality: Q_P"
B2023-1237,1768297566.612141,33.23,40.77,0.3744,10.85,5.6,6.47,4.24,2,0,N_2040,T_4050,V_0045,WF_0515,PH_2,Q_P,"Speed: N_2040, Temp: T_4050, Visc: V_0045, Quality: Q_P"
B2023-1238,1768297626.612141,67.21,48.32,0.2188,1.97,5.29,5.68,5.01,2,1,N_6080,T_4050,V_0045,WF_0005,PH_2,Q_F,"Speed: N_6080, Temp: T_4050, Visc: V_0045, Quality: Q_F"
B2023-1239,1768297686.612141,46.01,46.48,0.3002,6.21,3.27,7.6,5.16,2,0,N_4060,T_4050,V_0045,WF_0515,PH_2,Q_P,"Speed: N_4060, Temp: T_4050, Visc: V_0045, Quality: Q_P"
B2023-1240,1768297746.612141,45.83,41.41,0.3467,11.31,5.3,3.67,7.85,2,0,N_4060,T_4050,V_0045,WF_0515,PH_2,Q_P,"Speed: N_4060, Temp: T_4050, Visc: V_0045, Quality: Q_P"
B2023-1241,1768297806.612141,48.14,44.61,0.2871,7.44,7.11,3.02,4.41,2,0,N_4060,T_4050,V_0045,WF_0515,PH_2,Q_P,"Speed: N_4060, Temp: T_4050, Visc: V_0045, Quality: Q_P"
B2023-1242,1768297866.612141,30.62,21.21,0.2296,9.4,4.09,6.1,5.31,1,0,N_2040,T_2030,V_0045,WF_0515,PH_1,Q_P,"Speed: N_2040, Temp: T_2030, Visc: V_0045, Quality: Q_P"
B2023-1243,1768297926.612141,44.96,51.28,0.3954,12.27,4.62,6.89,8.19,2,0,N_4060,T_5060,V_0045,WF_0515,PH_2,Q_P,"Speed: N_4060, Temp: T_5060, Visc: V_0045, Quality: Q_P"
B2023-1244,1768297986.612141,36.52,48.65,0.2444,7.73,4.59,7.73,5.08,2,0,N_2040,T_4050,V_0045,WF_0515,PH_2,Q_P,"Speed: N_2040, Temp: T_4050, Visc: V_0045, Quality: Q_P"
B2023-1245,1768298046.612141,69.94,36.89,0.1914,4.56,4.06,8.88,7.66,2,1,N_6080,T_3040,V_0045,WF_0005,PH_2,Q_F,"Speed: N_6080, Temp: T_3040, Visc: V_0045, Quality: Q_F"
B2023-1246,1768298106.612141,24.34,33.53,0.1127,10.92,5.53,5.94,8.44,1,0,N_2040,T_3040,V_0045,WF_0515,PH_1,Q_P,"Speed: N_2040, Temp: T_3040, Visc: V_0045, Quality: Q_P"
B2023-1247,1768298166.612141,34.65,41.38,0.3594,13.09,8.92,7.78,5.94,2,0,N_2040,T_4050,V_0045,WF_0515,PH_2,Q_P,"Speed: N_2040, Temp: T_4050, Visc: V_0045, Quality: Q_P"
B2023-1248,1768298226.612141,31.92,52.9,0.2385,6.34,6.85,3.37,6.23,2,0,N_2040,T_5060,V_0045,WF_0515,PH_2,Q_P,"Speed: N_2040, Temp: T_5060, Visc: V_0045, Quality: Q_P"
B2023-1249,1768298286.612141,11.51,11.76,0.4805,5.32,3.14,5.3,4.79,2,1,N_0020,T_1020,V_4550,WF_0515,PH_2,Q_F,"Speed: N_0020, Temp: T_1020, Visc: V_4550, Quality: Q_F"
B2023-1250,1768298346.612141,30.63,52.61,0.3908,6.67,4.47,3.58,6.65,2,0,N_2040,T_5060,V_0045,WF_0515,PH_2,Q_P,"Speed: N_2040, Temp: T_5060, Visc: V_0045, Quality: Q_P"
B2023-1251,1768298406.612141,37.1,54.05,0.3178,8.71,2.6,8.97,7.0,2,0,N_2040,T_5060,V_0045,WF_0515,PH_2,Q_P,"Speed: N_2040, Temp: T_5060, Visc: V_0045, Quality: Q_P"
B2023-1252,1768298466.612141,44.26,40.83,0.282,9.84,6.77,4.02,8.91,2,0,N_4060,T_4050,V_0045,WF_0515,PH_2,Q_P,"Speed: N_4060, Temp: T_4050, Visc: V_0045, Quality: Q_P"
B2023-1253,1768298526.612141,36.82,30.73,0.1352,9.11,6.35,4.67,5.77,1,0,N_2040,T_3040,V_0045,WF_0515,PH_1,Q_P,"Speed: N_2040, Temp: T_3040, Visc: V_0045, Quality: Q_P"
B2023-1254,1768298586.612141,42.98,54.82,0.2657,13.01,2.0,6.38,6.36,2,0,N_4060,T_5060,V_0045,WF_0515,PH_2,Q_P,"Speed: N_4060, Temp: T_5060, Visc: V_0045, Quality: Q_P"
B2023-1255,1768298646.612141,31.5,33.41,0.1224,9.04,8.88,7.72,7.83,1,0,N_2040,T_3040,V_0045,WF_0515,PH_1,Q_P,"Speed: N_2040, Temp: T_3040, Visc: V_0045, Quality: Q_P"
B2023-1256,1768298706.612141,75.47,34.29,0.3414,4.08,6.51,7.37,5.02,2,1,N_6080,T_3040,V_0045,WF_0005,PH_2,Q_F,"Speed: N_6080, Temp: T_3040, Visc: V_0045, Quality: Q_F"
B2023-1257,1768298766.612141,29.29,12.58,0.4989,2.13,8.97,5.26,8.09,1,1,N_2040,T_1020,V_4550,WF_0005,PH_1,Q_F,"Speed: N_2040, Temp: T_1020, Visc: V_4550, Quality: Q_F"
B2023-1258,1768298826.612141,41.67,50.5,0.225,9.29,7.89,8.75,8.27,2,0,N_4060,T_5060,V_0045,WF_0515,PH_2,Q_P,"Speed: N_4060, Temp: T_5060, Visc: V_0045, Quality: Q_P"
B2023-1259,1768298886.612141,25.21,29.49,0.1188,12.28,8.63,3.56,8.9,1,0,N_2040,T_2030,V_0045,WF_0515,PH_1,Q_P,"Speed: N_2040, Temp: T_2030, Visc: V_0045, Quality: Q_P"
B2023-1260,1768298946.612141,35.44,40.7,0.3696,7.44,2.26,4.28,5.94,2,0,N_2040,T_4050,V_0045,WF_0515,PH_2,Q_P,"Speed: N_2040, Temp: T_4050, Visc: V_0045, Quality: Q_P"
B2023-1261,1768299006.612141,65.3,50.0,0.1973,3.67,4.95,8.92,5.45,1,1,N_6080,T_5060,V_0045,WF_0005,PH_1,Q_F,"Speed: N_6080, Temp: T_5060, Visc: V_0045, Quality: Q_F"
B2023-1262,1768299066.612141,29.27,21.08,0.2282,11.33,2.51,5.82,4.64,1,0,N_2040,T_2030,V_0045,WF_0515,PH_1,Q_P,"Speed: N_2040, Temp: T_2030, Visc: V_0045, Quality: Q_P"
B2023-1263,1768299126.612141,38.79,25.39,0.1793,6.1,3.19,8.31,8.17,1,0,N_2040,T_2030,V_0045,WF_0515,PH_1,Q_P,"Speed: N_2040, Temp: T_2030, Visc: V_0045, Quality: Q_P"
B2023-1264,1768299186.612141,67.72,30.54,0.1025,0.34,8.43,7.05,8.16,1,1,N_6080,T_3040,V_0045,WF_0005,PH_1,Q_F,"Speed: N_6080, Temp: T_3040, Visc: V_0045, Quality: Q_F"
B2023-1265,1768299246.612141,32.74,53.49,0.3549,11.5,8.02,7.43,8.32,2,0,N_2040,T_5060,V_0045,WF_0515,PH_2,Q_P,"Speed: N_2040, Temp: T_5060, Visc: V_0045, Quality: Q_P"
B2023-1266,1768299306.612141,27.26,22.18,0.1607,7.7,2.93,5.33,6.21,1,0,N_2040,T_2030,V_0045,WF_0515,PH_1,Q_P,"Speed: N_2040, Temp: T_2030, Visc: V_0045, Quality: Q_P"
B2023-1267,1768299366.612141,73.44,48.24,0.2565,4.38,5.56,3.4,8.13,2,1,N_6080,T_4050,V_0045,WF_0005,PH_2,Q_F,"Speed: N_6080, Temp: T_4050, Visc: V_0045, Quality: Q_F"
B2023-1268,1768299426.612141,28.99,39.93,0.1504,10.18,7.3,3.1,6.91,1,0,N_2040,T_3040,V_0045,WF_0515,PH_1,Q_P,"Speed: N_2040, Temp: T_3040, Visc: V_0045, Quality: Q_P"
B2023-1269,1768299486.612141,72.14,43.46,0.1156,0.38,6.5,4.44,4.32,1,1,N_6080,T_4050,V_0045,WF_0005,PH_1,Q_F,"Speed: N_6080, Temp: T_4050, Visc: V_0045, Quality: Q_F"
B2023-1270,1768299546.612141,32.68,23.74,0.1051,12.59,8.98,7.44,5.88,1,0,N_2040,T_2030,V_0045,WF_0515,PH_1,Q_P,"Speed: N_2040, Temp: T_2030, Visc: V_0045, Quality: Q_P"
B2023-1271,1768299606.612141,15.62,24.46,0.4874,1.29,3.42,7.99,6.62,2,1,N_0020,T_2030,V_4550,WF_0005,PH_2,Q_F,"Speed: N_0020, Temp: T_2030, Visc: V_4550, Quality: Q_F"
B2023-1272,1768299666.612141,30.66,41.69,0.2712,7.45,5.29,6.9,8.27,2,0,N_2040,T_4050,V_0045,WF_0515,PH_2,Q_P,"Speed: N_2040, Temp: T_4050, Visc: V_0045, Quality: Q_P"
B2023-1273,1768299726.612141,20.11,24.12,0.2647,9.54,8.29,8.93,8.36,1,0,N_2040,T_2030,V_0045,WF_0515,PH_1,Q_P,"Speed: N_2040, Temp: T_2030, Visc: V_0045, Quality: Q_P"
B2023-1274,1768299786.612141,71.87,37.29,0.2967,4.17,8.13,5.09,6.9,2,1,N_6080,T_3040,V_0045,WF_0005,PH_2,Q_F,"Speed: N_6080, Temp: T_3040, Visc: V_0045, Quality: Q_F"
B2023-1275,1768299846.612141,22.82,24.17,0.2154,10.18,3.5,5.35,4.93,1,0,N_2040,T_2030,V_0045,WF_0515,PH_1,Q_P,"Speed: N_2040, Temp: T_2030, Visc: V_0045, Quality: Q_P"
B2023-1276,1768299906.612141,12.23,23.48,0.4859,1.08,2.73,8.75,5.4,2,1,N_0020,T_2030,V_4550,WF_0005,PH_2,Q_F,"Speed: N_0020, Temp: T_2030, Visc: V_4550, Quality: Q_F"
B2023-1277,1768299966.612141,74.9,57.37,0.2741,0.23,2.19,8.83,5.7,1,1,N_6080,T_5060,V_0045,WF_0005,PH_1,Q_F,"Speed: N_6080, Temp: T_5060, Visc: V_0045, Quality: Q_F"
B2023-1278,1768300026.612141,43.3,40.87,0.2507,6.93,7.02,7.5,5.53,2,0,N_4060,T_4050,V_0045,WF_0515,PH_2,Q_P,"Speed: N_4060, Temp: T_4050, Visc: V_0045, Quality: Q_P"
B2023-1279,1768300086.612141,44.52,45.06,0.2118,7.94,5.92,4.99,4.01,2,0,N_4060,T_4050,V_0045,WF_0515,PH_2,Q_P,"Speed: N_4060, Temp: T_4050, Visc: V_0045, Quality: Q_P"
B2023-1280,1768300146.612141,28.33,27.9,0.275,13.28,5.68,4.09,5.97,1,0,N_2040,T_2030,V_0045,WF_0515,PH_1,Q_P,"Speed: N_2040, Temp: T_2030, Visc: V_0045, Quality: Q_P"
B2023-1281,1768300206.612141,70.73,34.8,0.1105,3.48,3.77,4.58,5.58,1,1,N_6080,T_3040,V_0045,WF_0005,PH_1,Q_F,"Speed: N_6080, Temp: T_3040, Visc: V_0045, Quality: Q_F"
B2023-1282,1768300266.612141,29.02,29.53,0.1407,6.61,7.7,3.04,7.54,1,0,N_2040,T_2030,V_0045,WF_0515,PH_1,Q_P,"Speed: N_2040, Temp: T_2030, Visc: V_0045, Quality: Q_P"
B2023-1283,1768300326.612141,43.92,43.3,0.3497,11.09,6.38,7.3,4.27,2,0,N_4060,T_4050,V_0045,WF_0515,PH_2,Q_P,"Speed: N_4060, Temp: T_4050, Visc: V_0045, Quality: Q_P"
B2023-1284,1768300386.612141,33.83,21.22,0.2101,12.65,4.74,3.01,4.79,1,0,N_2040,T_2030,V_0045,WF_0515,PH_1,Q_P,"Speed: N_2040, Temp: T_2030, Visc: V_0045, Quality: Q_P"
B2023-1285,1768300446.612141,35.69,47.62,0.2757,12.61,5.67,4.12,7.19,2,0,N_2040,T_4050,V_0045,WF_0515,PH_2,Q_P,"Speed: N_2040, Temp: T_4050, Visc: V_0045, Quality: Q_P"
B2023-1286,1768300506.612141,36.75,32.37,0.2259,10.72,2.31,7.67,7.62,1,0,N_2040,T_3040,V_0045,WF_0515,PH_1,Q_P,"Speed: N_2040, Temp: T_3040, Visc: V_0045, Quality: Q_P"
B2023-1287,1768300566.612141,33.13,30.53,0.1365,11.77,8.38,6.62,8.09,1,0,N_2040,T_3040,V_0045,WF_0515,PH_1,Q_P,"Speed: N_2040, Temp: T_3040, Visc: V_0045, Quality: Q_P"
B2023-1288,1768300626.612141,21.89,16.14,0.4952,11.28,4.55,7.47,4.76,1,1,N_2040,T_1020,V_4550,WF_0515,PH_1,Q_F,"Speed: N_2040, Temp: T_1020, Visc: V_4550, Quality: Q_F"
B2023-1289,1768300686.612141,29.73,25.42,0.2983,11.44,3.5,6.96,5.3,1,0,N_2040,T_2030,V_0045,WF_0515,PH_1,Q_P,"Speed: N_2040, Temp: T_2030, Visc: V_0045, Quality: Q_P"
B2023-1290,1768300746.612141,28.62,39.4,0.1308,6.25,5.57,7.58,8.34,1,0,N_2040,T_3040,V_0045,WF_0515,PH_1,Q_P,"Speed: N_2040, Temp: T_3040, Visc: V_0045, Quality: Q_P"
B2023-1291,1768300806.612141,73.22,51.21,0.2306,1.32,4.98,3.82,5.98,2,1,N_6080,T_5060,V_0045,WF_0005,PH_2,Q_F,"Speed: N_6080, Temp: T_5060, Visc: V_0045, Quality: Q_F"
B2023-1292,1768300866.612141,28.01,23.36,0.1209,12.73,7.71,4.43,5.41,1,0,N_2040,T_2030,V_0045,WF_0515,PH_1,Q_P,"Speed: N_2040, Temp: T_2030, Visc: V_0045, Quality: Q_P"
B2023-1293,1768300926.612141,28.22,35.74,0.1171,7.48,7.42,6.92,7.12,1,0,N_2040,T_3040,V_0045,WF_0515,PH_1,Q_P,"Speed: N_2040, Temp: T_3040, Visc: V_0045, Quality: Q_P"
B2023-1294,1768300986.612141,36.43,25.37,0.1877,7.53,2.26,4.95,6.85,1,0,N_2040,T_2030,V_0045,WF_0515,PH_1,Q_P,"Speed: N_2040, Temp: T_2030, Visc: V_0045, Quality: Q_P"
B2023-1295,1768301046.612141,66.07,55.2,0.2046,0.32,4.15,3.91,4.72,2,1,N_6080,T_5060,V_0045,WF_0005,PH_2,Q_F,"Speed: N_6080, Temp: T_5060, Visc: V_0045, Quality: Q_F"
B2023-1296,1768301106.612141,32.83,51.46,0.2494,10.75,7.58,5.97,5.52,2,0,N_2040,T_5060,V_0045,WF_0515,PH_2,Q_P,"Speed: N_2040, Temp: T_5060, Visc: V_0045, Quality: Q_P"
B2023-1297,1768301166.612141,24.24,35.64,0.1798,13.23,4.19,6.87,5.09,1,0,N_2040,T_3040,V_0045,WF_0515,PH_1,Q_P,"Speed: N_2040, Temp: T_3040, Visc: V_0045, Quality: Q_P"
B2023-1298,1768301226.612141,25.23,19.96,0.4861,7.17,2.5,4.47,6.21,1,1,N_2040,T_1020,V_4550,WF_0515,PH_1,Q_F,"Speed: N_2040, Temp: T_1020, Visc: V_4550, Quality: Q_F"
B2023-1299,1768301286.612141,20.89,11.85,0.4693,3.71,5.79,5.03,4.08,1,1,N_2040,T_1020,V_4550,WF_0005,PH_1,Q_F,"Speed: N_2040, Temp: T_1020, Visc: V_4550, Quality: Q_F"
B2023-1300,1768301346.612141,31.95,32.87,0.1727,6.42,3.39,3.47,8.64,1,0,N_2040,T_3040,V_0045,WF_0515,PH_1,Q_P,"Speed: N_2040, Temp: T_3040, Visc: V_0045, Quality: Q_P"
B2023-1301,1768301406.612141,69.8,39.25,0.2804,3.15,4.78,8.5,5.18,2,1,N_6080,T_3040,V_0045,WF_0005,PH_2,Q_F,"Speed: N_6080, Temp: T_3040, Visc: V_0045, Quality: Q_F"
B2023-1302,1768301466.612141,38.01,21.54,0.1408,13.76,8.99,5.3,6.97,1,0,N_2040,T_2030,V_0045,WF_0515,PH_1,Q_P,"Speed: N_2040, Temp: T_2030, Visc: V_0045, Quality: Q_P"
B2023-1303,1768301526.612141,39.81,25.15,0.122,9.1,2.56,5.48,8.64,1,0,N_2040,T_2030,V_0045,WF_0515,PH_1,Q_P,"Speed: N_2040, Temp: T_2030, Visc: V_0045, Quality: Q_P"
B2023-1304,1768301586.612141,33.05,52.76,0.2139,13.98,5.56,3.47,6.31,2,0,N_2040,T_5060,V_0045,WF_0515,PH_2,Q_P,"Speed: N_2040, Temp: T_5060, Visc: V_0045, Quality: Q_P"
B2023-1305,1768301646.612141,72.74,31.24,0.3679,0.62,8.15,3.52,5.96,2,1,N_6080,T_3040,V_0045,WF_0005,PH_2,Q_F,"Speed: N_6080, Temp: T_3040, Visc: V_0045, Quality: Q_F"
B2023-1306,1768301706.612141,29.42,17.88,0.4824,8.38,6.74,5.1,8.11,2,1,N_2040,T_1020,V_4550,WF_0515,PH_2,Q_F,"Speed: N_2040, Temp: T_1020, Visc: V_4550, Quality: Q_F"
B2023-1307,1768301766.612141,19.86,11.72,0.4871,12.34,6.28,3.38,4.75,1,1,N_0020,T_1020,V_4550,WF_0515,PH_1,Q_F,"Speed: N_0020, Temp: T_1020, Visc: V_4550, Quality: Q_F"
B2023-1308,1768301826.612141,47.45,52.51,0.2229,7.37,8.12,8.29,8.89,2,0,N_4060,T_5060,V_0045,WF_0515,PH_2,Q_P,"Speed: N_4060, Temp: T_5060, Visc: V_0045, Quality: Q_P"
B2023-1309,1768301886.612141,33.28,54.98,0.3484,13.84,7.44,4.6,4.39,2,0,N_2040,T_5060,V_0045,WF_0515,PH_2,Q_P,"Speed: N_2040, Temp: T_5060, Visc: V_0045, Quality: Q_P"
B2023-1310,1768301946.612141,68.28,37.8,0.1172,2.59,5.57,3.41,7.9,2,1,N_6080,T_3040,V_0045,WF_0005,PH_2,Q_F,"Speed: N_6080, Temp: T_3040, Visc: V_0045, Quality: Q_F"
B2023-1311,1768302006.612141,22.41,21.99,0.1918,6.17,5.19,5.02,4.77,1,0,N_2040,T_2030,V_0045,WF_0515,PH_1,Q_P,"Speed: N_2040, Temp: T_2030, Visc: V_0045, Quality: Q_P"
B2023-1312,1768302066.612141,20.4,23.96,0.2174,6.98,8.88,4.39,8.07,1,0,N_2040,T_2030,V_0045,WF_0515,PH_1,Q_P,"Speed: N_2040, Temp: T_2030, Visc: V_0045, Quality: Q_P"
B2023-1313,1768302126.612141,16.99,16.76,0.469,8.58,2.26,5.79,6.74,1,1,N_0020,T_1020,V_4550,WF_0515,PH_1,Q_F,"Speed: N_0020, Temp: T_1020, Visc: V_4550, Quality: Q_F"
B2023-1314,1768302186.612141,44.09,43.96,0.2541,12.81,5.04,7.45,5.5,2,0,N_4060,T_4050,V_0045,WF_0515,PH_2,Q_P,"Speed: N_4060, Temp: T_4050, Visc: V_0045, Quality: Q_P"
B2023-1315,1768302246.612141,35.54,41.5,0.2361,12.77,3.42,5.06,4.31,2,0,N_2040,T_4050,V_0045,WF_0515,PH_2,Q_P,"Speed: N_2040, Temp: T_4050, Visc: V_0045, Quality: Q_P"
B2023-1316,1768302306.612141,39.31,34.73,0.2379,9.78,8.06,5.1,4.67,1,0,N_2040,T_3040,V_0045,WF_0515,PH_1,Q_P,"Speed: N_2040, Temp: T_3040, Visc: V_0045, Quality: Q_P"
B2023-1317,1768302366.612141,16.95,22.44,0.4853,7.53,6.5,5.43,4.02,1,1,N_0020,T_2030,V_4550,WF_0515,PH_1,Q_F,"Speed: N_0020, Temp: T_2030, Visc: V_4550, Quality: Q_F"
B2023-1318,1768302426.612141,34.16,34.11,0.2153,9.92,7.98,6.19,7.57,1,0,N_2040,T_3040,V_0045,WF_0515,PH_1,Q_P,"Speed: N_2040, Temp: T_3040, Visc: V_0045, Quality: Q_P"
B2023-1319,1768302486.612141,33.4,42.49,0.2555,6.23,8.15,5.66,7.38,2,0,N_2040,T_4050,V_0045,WF_0515,PH_2,Q_P,"Speed: N_2040, Temp: T_4050, Visc: V_0045, Quality: Q_P"
B2023-1320,1768302546.612141,22.43,35.74,0.161,11.97,8.35,6.99,7.67,1,0,N_2040,T_3040,V_0045,WF_0515,PH_1,Q_P,"Speed: N_2040, Temp: T_3040, Visc: V_0045, Quality: Q_P"
B2023-1321,1768302606.612141,35.09,51.03,0.3077,9.01,6.5,3.46,7.78,2,0,N_2040,T_5060,V_0045,WF_0515,PH_2,Q_P,"Speed: N_2040, Temp: T_5060, Visc: V_0045, Quality: Q_P"
B2023-1322,1768302666.612141,13.18,17.55,0.4773,9.3,4.56,8.95,5.35,2,1,N_0020,T_1020,V_4550,WF_0515,PH_2,Q_F,"Speed: N_0020, Temp: T_1020, Visc: V_4550, Quality: Q_F"
B2023-1323,1768302726.612141,34.92,48.62,0.3318,12.83,6.64,3.99,6.18,2,0,N_2040,T_4050,V_0045,WF_0515,PH_2,Q_P,"Speed: N_2040, Temp: T_4050, Visc: V_0045, Quality: Q_P"
B2023-1324,1768302786.612141,21.17,22.57,0.153,8.44,6.05,6.51,7.12,1,0,N_2040,T_2030,V_0045,WF_0515,PH_1,Q_P,"Speed: N_2040, Temp: T_2030, Visc: V_0045, Quality: Q_P"
B2023-1325,1768302846.612141,37.4,46.95,0.3041,6.04,4.53,3.33,5.22,2,0,N_2040,T_4050,V_0045,WF_0515,PH_2,Q_P,"Speed: N_2040, Temp: T_4050, Visc: V_0045, Quality: Q_P"
B2023-1326,1768302906.612141,34.98,51.7,0.3453,12.01,8.52,4.42,5.5,2,0,N_2040,T_5060,V_0045,WF_0515,PH_2,Q_P,"Speed: N_2040, Temp: T_5060, Visc: V_0045, Quality: Q_P"
B2023-1327,1768302966.612141,36.59,28.7,0.165,5.49,7.57,6.19,4.58,1,0,N_2040,T_2030,V_0045,WF_0515,PH_1,Q_P,"Speed: N_2040, Temp: T_2030, Visc: V_0045, Quality: Q_P"
B2023-1328,1768303026.612141,44.31,46.01,0.3161,9.54,3.95,8.79,4.76,2,0,N_4060,T_4050,V_0045,WF_0515,PH_2,Q_P,"Speed: N_4060, Temp: T_4050, Visc: V_0045, Quality: Q_P"
B2023-1329,1768303086.612141,21.21,38.04,0.2917,5.63,8.08,8.16,8.71,1,0,N_2040,T_3040,V_0045,WF_0515,PH_1,Q_P,"Speed: N_2040, Temp: T_3040, Visc: V_0045, Quality: Q_P"
B2023-1330,1768303146.612141,22.26,34.5,0.1085,9.75,5.15,8.45,4.23,1,0,N_2040,T_3040,V_0045,WF_0515,PH_1,Q_P,"Speed: N_2040, Temp: T_3040, Visc: V_0045, Quality: Q_P"
B2023-1331,1768303206.612141,32.32,21.25,0.1383,8.81,3.07,8.5,7.05,1,0,N_2040,T_2030,V_0045,WF_0515,PH_1,Q_P,"Speed: N_2040, Temp: T_2030, Visc: V_0045, Quality: Q_P"
B2023-1332,1768303266.612141,20.53,35.6,0.2554,12.03,2.19,7.54,4.59,1,0,N_2040,T_3040,V_0045,WF_0515,PH_1,Q_P,"Speed: N_2040, Temp: T_3040, Visc: V_0045, Quality: Q_P"
B2023-1333,1768303326.612141,28.66,30.7,0.2759,11.5,8.37,6.72,4.64,1,0,N_2040,T_3040,V_0045,WF_0515,PH_1,Q_P,"Speed: N_2040, Temp: T_3040, Visc: V_0045, Quality: Q_P"
B2023-1334,1768303386.612141,43.67,51.94,0.2783,6.06,8.51,8.23,5.11,2,0,N_4060,T_5060,V_0045,WF_0515,PH_2,Q_P,"Speed: N_4060, Temp: T_5060, Visc: V_0045, Quality: Q_P"
B2023-1335,1768303446.612141,34.47,25.84,0.1007,7.09,2.83,3.73,4.58,1,0,N_2040,T_2030,V_0045,WF_0515,PH_1,Q_P,"Speed: N_2040, Temp: T_2030, Visc: V_0045, Quality: Q_P"
B2023-1336,1768303506.612141,70.86,33.78,0.1032,4.41,2.52,4.54,5.99,2,1,N_6080,T_3040,V_0045,WF_0005,PH_2,Q_F,"Speed: N_6080, Temp: T_3040, Visc: V_0045, Quality: Q_F"
B2023-1337,1768303566.612141,31.48,48.25,0.3806,5.39,8.86,4.38,8.74,2,0,N_2040,T_4050,V_0045,WF_0515,PH_2,Q_P,"Speed: N_2040, Temp: T_4050, Visc: V_0045, Quality: Q_P"
B2023-1338,1768303626.612141,73.17,43.89,0.3972,0.91,7.65,4.01,6.84,2,1,N_6080,T_4050,V_0045,WF_0005,PH_2,Q_F,"Speed: N_6080, Temp: T_4050, Visc: V_0045, Quality: Q_F"
B2023-1339,1768303686.612141,36.25,43.58,0.2032,13.05,8.01,4.19,6.98,2,0,N_2040,T_4050,V_0045,WF_0515,PH_2,Q_P,"Speed: N_2040, Temp: T_4050, Visc: V_0045, Quality: Q_P"
B2023-1340,1768303746.612141,35.75,42.24,0.376,5.2,8.75,6.92,7.8,2,0,N_2040,T_4050,V_0045,WF_0515,PH_2,Q_P,"Speed: N_2040, Temp: T_4050, Visc: V_0045, Quality: Q_P"
B2023-1341,1768303806.612141,48.58,49.61,0.2768,5.85,6.24,8.51,7.65,2,0,N_4060,T_4050,V_0045,WF_0515,PH_2,Q_P,"Speed: N_4060, Temp: T_4050, Visc: V_0045, Quality: Q_P"
B2023-1342,1768303866.612141,41.64,45.35,0.3415,8.8,2.19,3.04,7.46,2,0,N_4060,T_4050,V_0045,WF_0515,PH_2,Q_P,"Speed: N_4060, Temp: T_4050, Visc: V_0045, Quality: Q_P"
B2023-1343,1768303926.612141,32.5,29.54,0.2708,6.09,8.81,8.53,4.69,1,0,N_2040,T_2030,V_0045,WF_0515,PH_1,Q_P,"Speed: N_2040, Temp: T_2030, Visc: V_0045, Quality: Q_P"
B2023-1344,1768303986.612141,14.64,23.02,0.4878,8.11,6.48,8.19,4.24,1,1,N_0020,T_2030,V_4550,WF_0515,PH_1,Q_F,"Speed: N_0020, Temp: T_2030, Visc: V_4550, Quality: Q_F"
B2023-1345,1768304046.612141,24.74,29.53,0.2703,9.06,8.88,7.51,6.98,1,0,N_2040,T_2030,V_0045,WF_0515,PH_1,Q_P,"Speed: N_2040, Temp: T_2030, Visc: V_0045, Quality: Q_P"
B2023-1346,1768304106.612141,36.68,33.74,0.2048,9.46,6.66,8.88,8.08,1,0,N_2040,T_3040,V_0045,WF_0515,PH_1,Q_P,"Speed: N_2040, Temp: T_3040, Visc: V_0045, Quality: Q_P"
B2023-1347,1768304166.612141,19.18,11.26,0.4831,6.52,5.28,6.77,5.11,1,1,N_0020,T_1020,V_4550,WF_0515,PH_1,Q_F,"Speed: N_0020, Temp: T_1020, Visc: V_4550, Quality: Q_F"
B2023-1348,1768304226.612141,34.71,26.7,0.1956,12.12,5.14,7.02,7.21,1,0,N_2040,T_2030,V_0045,WF_0515,PH_1,Q_P,"Speed: N_2040, Temp: T_2030, Visc: V_0045, Quality: Q_P"
B2023-1349,1768304286.612141,35.71,52.1,0.2545,9.95,8.74,4.58,5.04,2,0,N_2040,T_5060,V_0045,WF_0515,PH_2,Q_P,"Speed: N_2040, Temp: T_5060, Visc: V_0045, Quality: Q_P"
B2023-1350,1768304346.612141,44.51,44.83,0.2964,7.01,5.12,7.35,8.56,2,0,N_4060,T_4050,V_0045,WF_0515,PH_2,Q_P,"Speed: N_4060, Temp: T_4050, Visc: V_0045, Quality: Q_P"
B2023-1351,1768304406.612141,36.56,33.92,0.1966,12.99,6.77,5.08,7.33,1,0,N_2040,T_3040,V_0045,WF_0515,PH_1,Q_P,"Speed: N_2040, Temp: T_3040, Visc: V_0045, Quality: Q_P"
B2023-1352,1768304466.612141,21.79,21.16,0.1594,13.88,2.63,3.43,5.0,1,0,N_2040,T_2030,V_0045,WF_0515,PH_1,Q_P,"Speed: N_2040, Temp: T_2030, Visc: V_0045, Quality: Q_P"
B2023-1353,1768304526.612141,31.82,51.91,0.2133,12.32,6.29,4.75,7.44,2,0,N_2040,T_5060,V_0045,WF_0515,PH_2,Q_P,"Speed: N_2040, Temp: T_5060, Visc: V_0045, Quality: Q_P"
B2023-1354,1768304586.612141,75.67,43.24,0.2316,3.21,2.83,5.27,7.28,2,1,N_6080,T_4050,V_0045,WF_0005,PH_2,Q_F,"Speed: N_6080, Temp: T_4050, Visc: V_0045, Quality: Q_F"
B2023-1355,1768304646.612141,67.51,52.02,0.2276,2.52,5.02,6.97,4.58,1,1,N_6080,T_5060,V_0045,WF_0005,PH_1,Q_F,"Speed: N_6080, Temp: T_5060, Visc: V_0045, Quality: Q_F"
B2023-1356,1768304706.612141,34.71,20.68,0.211,10.49,5.84,5.9,8.5,1,0,N_2040,T_2030,V_0045,WF_0515,PH_1,Q_P,"Speed: N_2040, Temp: T_2030, Visc: V_0045, Quality: Q_P"
B2023-1357,1768304766.612141,78.72,57.52,0.3231,3.81,5.05,5.77,8.06,2,1,N_6080,T_5060,V_0045,WF_0005,PH_2,Q_F,"Speed: N_6080, Temp: T_5060, Visc: V_0045, Quality: Q_F"
B2023-1358,1768304826.612141,24.54,37.91,0.2011,8.73,4.01,7.37,7.28,1,0,N_2040,T_3040,V_0045,WF_0515,PH_1,Q_P,"Speed: N_2040, Temp: T_3040, Visc: V_0045, Quality: Q_P"
B2023-1359,1768304886.612141,27.58,33.72,0.1063,8.19,7.18,4.13,6.73,1,0,N_2040,T_3040,V_0045,WF_0515,PH_1,Q_P,"Speed: N_2040, Temp: T_3040, Visc: V_0045, Quality: Q_P"
B2023-1360,1768304946.612141,24.94,32.52,0.1727,8.36,5.91,6.65,5.26,1,0,N_2040,T_3040,V_0045,WF_0515,PH_1,Q_P,"Speed: N_2040, Temp: T_3040, Visc: V_0045, Quality: Q_P"
B2023-1361,1768305006.612141,46.14,46.11,0.296,5.22,8.51,8.3,8.14,2,0,N_4060,T_4050,V_0045,WF_0515,PH_2,Q_P,"Speed: N_4060, Temp: T_4050, Visc: V_0045, Quality: Q_P"
B2023-1362,1768305066.612141,22.21,15.62,0.4828,11.32,3.43,3.76,6.15,2,1,N_2040,T_1020,V_4550,WF_0515,PH_2,Q_F,"Speed: N_2040, Temp: T_1020, Visc: V_4550, Quality: Q_F"
B2023-1363,1768305126.612141,44.64,48.18,0.3425,10.39,8.71,6.47,5.61,2,0,N_4060,T_4050,V_0045,WF_0515,PH_2,Q_P,"Speed: N_4060, Temp: T_4050, Visc: V_0045, Quality: Q_P"
B2023-1364,1768305186.612141,35.5,54.1,0.2612,9.08,8.42,5.32,5.26,2,0,N_2040,T_5060,V_0045,WF_0515,PH_2,Q_P,"Speed: N_2040, Temp: T_5060, Visc: V_0045, Quality: Q_P"
B2023-1365,1768305246.612141,33.16,23.06,0.1756,10.58,3.42,8.53,8.65,1,0,N_2040,T_2030,V_0045,WF_0515,PH_1,Q_P,"Speed: N_2040, Temp: T_2030, Visc: V_0045, Quality: Q_P"
B2023-1366,1768305306.612141,32.19,40.05,0.2053,8.52,7.89,3.76,6.98,2,0,N_2040,T_4050,V_0045,WF_0515,PH_2,Q_P,"Speed: N_2040, Temp: T_4050, Visc: V_0045, Quality: Q_P"
B2023-1367,1768305366.612141,38.82,20.79,0.2944,12.77,8.49,6.12,6.73,1,0,N_2040,T_2030,V_0045,WF_0515,PH_1,Q_P,"Speed: N_2040, Temp: T_2030, Visc: V_0045, Quality: Q_P"
B2023-1368,1768305426.612141,22.78,36.23,0.2696,12.62,3.59,7.18,8.18,1,0,N_2040,T_3040,V_0045,WF_0515,PH_1,Q_P,"Speed: N_2040, Temp: T_3040, Visc: V_0045, Quality: Q_P"
B2023-1369,1768305486.612141,44.66,45.54,0.3792,9.8,4.15,4.59,7.08,2,0,N_4060,T_4050,V_0045,WF_0515,PH_2,Q_P,"Speed: N_4060, Temp: T_4050, Visc: V_0045, Quality: Q_P"
B2023-1370,1768305546.612141,47.97,44.44,0.3794,8.3,8.43,4.35,4.33,2,0,N_4060,T_4050,V_0045,WF_0515,PH_2,Q_P,"Speed: N_4060, Temp: T_4050, Visc: V_0045, Quality: Q_P"
B2023-1371,1768305606.612141,44.12,51.09,0.2489,9.0,3.41,3.58,5.56,2,0,N_4060,T_5060,V_0045,WF_0515,PH_2,Q_P,"Speed: N_4060, Temp: T_5060, Visc: V_0045, Quality: Q_P"
B2023-1372,1768305666.612141,37.61,23.21,0.2583,12.15,2.49,4.24,6.7,1,0,N_2040,T_2030,V_0045,WF_0515,PH_1,Q_P,"Speed: N_2040, Temp: T_2030, Visc: V_0045, Quality: Q_P"
B2023-1373,1768305726.612141,40.7,53.87,0.3124,10.5,7.75,5.63,7.25,2,0,N_4060,T_5060,V_0045,WF_0515,PH_2,Q_P,"Speed: N_4060, Temp: T_5060, Visc: V_0045, Quality: Q_P"
B2023-1374,1768305786.612141,28.93,13.14,0.461,4.22,5.85,3.85,7.65,1,1,N_2040,T_1020,V_4550,WF_0005,PH_1,Q_F,"Speed: N_2040, Temp: T_1020, Visc: V_4550, Quality: Q_F"
B2023-1375,1768305846.612141,38.06,35.65,0.1428,8.7,2.54,8.47,5.13,1,0,N_2040,T_3040,V_0045,WF_0515,PH_1,Q_P,"Speed: N_2040, Temp: T_3040, Visc: V_0045, Quality: Q_P"
B2023-1376,1768305906.612141,34.77,37.35,0.2911,13.35,4.11,3.97,6.42,1,0,N_2040,T_3040,V_0045,WF_0515,PH_1,Q_P,"Speed: N_2040, Temp: T_3040, Visc: V_0045, Quality: Q_P"
B2023-1377,1768305966.612141,33.53,37.22,0.203,12.04,2.01,7.21,4.19,1,0,N_2040,T_3040,V_0045,WF_0515,PH_1,Q_P,"Speed: N_2040, Temp: T_3040, Visc: V_0045, Quality: Q_P"
B2023-1378,1768306026.612141,38.42,33.49,0.1183,8.79,3.84,3.81,7.9,1,0,N_2040,T_3040,V_0045,WF_0515,PH_1,Q_P,"Speed: N_2040, Temp: T_3040, Visc: V_0045, Quality: Q_P"
B2023-1379,1768306086.612141,39.21,50.84,0.3045,9.09,5.67,8.99,4.47,2,0,N_2040,T_5060,V_0045,WF_0515,PH_2,Q_P,"Speed: N_2040, Temp: T_5060, Visc: V_0045, Quality: Q_P"
B2023-1380,1768306146.612141,21.15,23.74,0.2826,12.34,7.72,6.93,5.93,1,0,N_2040,T_2030,V_0045,WF_0515,PH_1,Q_P,"Speed: N_2040, Temp: T_2030, Visc: V_0045, Quality: Q_P"
B2023-1381,1768306206.612141,47.17,48.58,0.3801,6.8,2.54,7.73,6.1,2,0,N_4060,T_4050,V_0045,WF_0515,PH_2,Q_P,"Speed: N_4060, Temp: T_4050, Visc: V_0045, Quality: Q_P"
B2023-1382,1768306266.612141,25.63,21.44,0.2744,7.26,6.76,7.67,8.26,1,0,N_2040,T_2030,V_0045,WF_0515,PH_1,Q_P,"Speed: N_2040, Temp: T_2030, Visc: V_0045, Quality: Q_P"
B2023-1383,1768306326.612141,32.32,40.22,0.297,9.05,8.32,7.98,4.29,2,0,N_2040,T_4050,V_0045,WF_0515,PH_2,Q_P,"Speed: N_2040, Temp: T_4050, Visc: V_0045, Quality: Q_P"
B2023-1384,1768306386.612141,45.54,54.23,0.3957,13.3,3.69,7.72,4.01,2,0,N_4060,T_5060,V_0045,WF_0515,PH_2,Q_P,"Speed: N_4060, Temp: T_5060, Visc: V_0045, Quality: Q_P"
B2023-1385,1768306446.612141,29.3,27.81,0.2937,11.44,2.87,4.01,8.59,1,0,N_2040,T_2030,V_0045,WF_0515,PH_1,Q_P,"Speed: N_2040, Temp: T_2030, Visc: V_0045, Quality: Q_P"
B2023-1386,1768306506.612141,38.59,45.16,0.3415,7.27,7.44,6.52,4.18,2,0,N_2040,T_4050,V_0045,WF_0515,PH_2,Q_P,"Speed: N_2040, Temp: T_4050, Visc: V_0045, Quality: Q_P"
B2023-1387,1768306566.612141,33.51,41.89,0.2238,10.33,7.33,5.24,5.24,2,0,N_2040,T_4050,V_0045,WF_0515,PH_2,Q_P,"Speed: N_2040, Temp: T_4050, Visc: V_0045, Quality: Q_P"
B2023-1388,1768306626.612141,31.1,29.34,0.2715,5.25,5.21,7.06,6.03,1,0,N_2040,T_2030,V_0045,WF_0515,PH_1,Q_P,"Speed: N_2040, Temp: T_2030, Visc: V_0045, Quality: Q_P"
B2023-1389,1768306686.612141,28.5,32.41,0.2703,7.84,5.76,8.56,8.75,1,0,N_2040,T_3040,V_0045,WF_0515,PH_1,Q_P,"Speed: N_2040, Temp: T_3040, Visc: V_0045, Quality: Q_P"
B2023-1390,1768306746.612141,29.16,35.29,0.2029,8.33,5.04,6.88,5.01,1,0,N_2040,T_3040,V_0045,WF_0515,PH_1,Q_P,"Speed: N_2040, Temp: T_3040, Visc: V_0045, Quality: Q_P"
B2023-1391,1768306806.612141,32.74,53.21,0.202,9.36,7.19,4.88,7.51,2,0,N_2040,T_5060,V_0045,WF_0515,PH_2,Q_P,"Speed: N_2040, Temp: T_5060, Visc: V_0045, Quality: Q_P"
B2023-1392,1768306866.612141,35.99,48.77,0.3583,11.09,8.33,3.36,7.97,2,0,N_2040,T_4050,V_0045,WF_0515,PH_2,Q_P,"Speed: N_2040, Temp: T_4050, Visc: V_0045, Quality: Q_P"
B2023-1393,1768306926.612141,48.22,52.68,0.3733,12.55,3.77,8.94,5.83,2,0,N_4060,T_5060,V_0045,WF_0515,PH_2,Q_P,"Speed: N_4060, Temp: T_5060, Visc: V_0045, Quality: Q_P"
B2023-1394,1768306986.612141,40.63,40.52,0.2164,13.43,6.07,6.7,8.59,2,0,N_4060,T_4050,V_0045,WF_0515,PH_2,Q_P,"Speed: N_4060, Temp: T_4050, Visc: V_0045, Quality: Q_P"
B2023-1395,1768307046.612141,28.96,38.06,0.1137,7.5,6.44,8.8,8.27,1,0,N_2040,T_3040,V_0045,WF_0515,PH_1,Q_P,"Speed: N_2040, Temp: T_3040, Visc: V_0045, Quality: Q_P"
B2023-1396,1768307106.612141,27.51,36.23,0.1385,10.8,5.51,5.86,6.06,1,0,N_2040,T_3040,V_0045,WF_0515,PH_1,Q_P,"Speed: N_2040, Temp: T_3040, Visc: V_0045, Quality: Q_P"
B2023-1397,1768307166.612141,42.13,48.2,0.3641,7.45,7.31,7.62,4.95,2,0,N_4060,T_4050,V_0045,WF_0515,PH_2,Q_P,"Speed: N_4060, Temp: T_4050, Visc: V_0045, Quality: Q_P"
B2023-1398,1768307226.612141,27.35,30.61,0.1616,10.98,2.18,3.32,8.17,1,0,N_2040,T_3040,V_0045,WF_0515,PH_1,Q_P,"Speed: N_2040, Temp: T_3040, Visc: V_0045, Quality: Q_P"
B2023-1399,1768307286.612141,42.78,44.9,0.3181,10.64,8.45,6.05,8.25,2,0,N_4060,T_4050,V_0045,WF_0515,PH_2,Q_P,"Speed: N_4060, Temp: T_4050, Visc: V_0045, Quality: Q_P"
B2023-1400,1768307346.612141,30.66,44.96,0.2061,6.34,6.4,5.52,6.49,2,0,N_2040,T_4050,V_0045,WF_0515,PH_2,Q_P,"Speed: N_2040, Temp: T_4050, Visc: V_0045, Quality: Q_P"
B2023-1401,1768307406.612141,27.04,24.93,0.4671,12.54,4.23,6.09,7.54,1,1,N_2040,T_2030,V_4550,WF_0515,PH_1,Q_F,"Speed: N_2040, Temp: T_2030, Visc: V_4550, Quality: Q_F"
B2023-1402,1768307466.612141,39.02,30.05,0.1727,6.43,8.22,6.5,6.58,1,0,N_2040,T_3040,V_0045,WF_0515,PH_1,Q_P,"Speed: N_2040, Temp: T_3040, Visc: V_0045, Quality: Q_P"
B2023-1403,1768307526.612141,30.99,40.12,0.2028,8.53,8.67,6.86,7.36,2,0,N_2040,T_4050,V_0045,WF_0515,PH_2,Q_P,"Speed: N_2040, Temp: T_4050, Visc: V_0045, Quality: Q_P"
B2023-1404,1768307586.612141,74.31,45.08,0.2251,4.69,5.1,6.86,8.8,2,1,N_6080,T_4050,V_0045,WF_0005,PH_2,Q_F,"Speed: N_6080, Temp: T_4050, Visc: V_0045, Quality: Q_F"
B2023-1405,1768307646.612141,28.42,37.81,0.2055,6.1,6.28,7.89,5.72,1,0,N_2040,T_3040,V_0045,WF_0515,PH_1,Q_P,"Speed: N_2040, Temp: T_3040, Visc: V_0045, Quality: Q_P"
B2023-1406,1768307706.612141,26.56,31.47,0.233,10.77,5.7,6.48,7.95,1,0,N_2040,T_3040,V_0045,WF_0515,PH_1,Q_P,"Speed: N_2040, Temp: T_3040, Visc: V_0045, Quality: Q_P"
B2023-1407,1768307766.612141,47.21,51.54,0.3638,13.01,4.84,6.5,5.25,2,0,N_4060,T_5060,V_0045,WF_0515,PH_2,Q_P,"Speed: N_4060, Temp: T_5060, Visc: V_0045, Quality: Q_P"
B2023-1408,1768307826.612141,34.14,37.8,0.1941,8.7,4.31,4.49,4.54,1,0,N_2040,T_3040,V_0045,WF_0515,PH_1,Q_P,"Speed: N_2040, Temp: T_3040, Visc: V_0045, Quality: Q_P"
B2023-1409,1768307886.612141,17.28,9.44,0.4959,2.46,8.07,7.96,6.31,2,1,N_0020,T_010,V_4550,WF_0005,PH_2,Q_F,"Speed: N_0020, Temp: T_010, Visc: V_4550, Quality: Q_F"
B2023-1410,1768307946.612141,37.77,30.09,0.2521,13.29,5.82,3.61,7.64,1,0,N_2040,T_3040,V_0045,WF_0515,PH_1,Q_P,"Speed: N_2040, Temp: T_3040, Visc: V_0045, Quality: Q_P"
B2023-1411,1768308006.612141,27.02,36.08,0.1053,12.44,7.54,6.78,8.62,1,0,N_2040,T_3040,V_0045,WF_0515,PH_1,Q_P,"Speed: N_2040, Temp: T_3040, Visc: V_0045, Quality: Q_P"
B2023-1412,1768308066.612141,26.65,21.89,0.2865,9.84,3.2,7.51,7.4,1,0,N_2040,T_2030,V_0045,WF_0515,PH_1,Q_P,"Speed: N_2040, Temp: T_2030, Visc: V_0045, Quality: Q_P"
B2023-1413,1768308126.612141,37.31,42.13,0.3777,7.86,8.46,3.35,7.35,2,0,N_2040,T_4050,V_0045,WF_0515,PH_2,Q_P,"Speed: N_2040, Temp: T_4050, Visc: V_0045, Quality: Q_P"
B2023-1414,1768308186.612141,20.84,35.15,0.2085,10.59,7.11,4.86,7.8,1,0,N_2040,T_3040,V_0045,WF_0515,PH_1,Q_P,"Speed: N_2040, Temp: T_3040, Visc: V_0045, Quality: Q_P"
B2023-1415,1768308246.612141,34.39,53.95,0.2622,10.6,4.82,7.51,4.24,2,0,N_2040,T_5060,V_0045,WF_0515,PH_2,Q_P,"Speed: N_2040, Temp: T_5060, Visc: V_0045, Quality: Q_P"
B2023-1416,1768308306.612141,20.19,27.79,0.1353,7.59,3.48,6.47,8.92,1,0,N_2040,T_2030,V_0045,WF_0515,PH_1,Q_P,"Speed: N_2040, Temp: T_2030, Visc: V_0045, Quality: Q_P"
B2023-1417,1768308366.612141,15.33,13.99,0.4807,11.36,3.65,3.51,6.08,2,1,N_0020,T_1020,V_4550,WF_0515,PH_2,Q_F,"Speed: N_0020, Temp: T_1020, Visc: V_4550, Quality: Q_F"
B2023-1418,1768308426.612141,25.74,31.03,0.2558,7.02,7.26,4.28,5.6,1,0,N_2040,T_3040,V_0045,WF_0515,PH_1,Q_P,"Speed: N_2040, Temp: T_3040, Visc: V_0045, Quality: Q_P"
B2023-1419,1768308486.612141,29.19,39.24,0.1098,13.16,6.72,7.12,7.05,1,0,N_2040,T_3040,V_0045,WF_0515,PH_1,Q_P,"Speed: N_2040, Temp: T_3040, Visc: V_0045, Quality: Q_P"
B2023-1420,1768308546.612141,20.48,38.86,0.2065,12.28,7.56,5.67,4.07,1,0,N_2040,T_3040,V_0045,WF_0515,PH_1,Q_P,"Speed: N_2040, Temp: T_3040, Visc: V_0045, Quality: Q_P"
B2023-1421,1768308606.612141,24.58,17.97,0.4995,12.38,5.67,4.17,7.66,2,1,N_2040,T_1020,V_4550,WF_0515,PH_2,Q_F,"Speed: N_2040, Temp: T_1020, Visc: V_4550, Quality: Q_F"
B2023-1422,1768308666.612141,43.08,40.52,0.3778,10.9,5.62,6.47,6.96,2,0,N_4060,T_4050,V_0045,WF_0515,PH_2,Q_P,"Speed: N_4060, Temp: T_4050, Visc: V_0045, Quality: Q_P"
B2023-1423,1768308726.612141,46.38,46.09,0.2415,11.9,5.6,4.19,7.67,2,0,N_4060,T_4050,V_0045,WF_0515,PH_2,Q_P,"Speed: N_4060, Temp: T_4050, Visc: V_0045, Quality: Q_P"
B2023-1424,1768308786.612141,11.44,12.44,0.4887,4.14,8.84,3.27,4.06,1,1,N_0020,T_1020,V_4550,WF_0005,PH_1,Q_F,"Speed: N_0020, Temp: T_1020, Visc: V_4550, Quality: Q_F"
B2023-1425,1768308846.612141,22.67,32.04,0.23,10.16,2.38,7.97,8.14,1,0,N_2040,T_3040,V_0045,WF_0515,PH_1,Q_P,"Speed: N_2040, Temp: T_3040, Visc: V_0045, Quality: Q_P"
B2023-1426,1768308906.612141,77.61,39.56,0.2989,1.87,5.14,7.62,7.44,1,1,N_6080,T_3040,V_0045,WF_0005,PH_1,Q_F,"Speed: N_6080, Temp: T_3040, Visc: V_0045, Quality: Q_F"
B2023-1427,1768308966.612141,27.33,13.67,0.4636,1.53,2.17,4.04,6.95,2,1,N_2040,T_1020,V_4550,WF_0005,PH_2,Q_F,"Speed: N_2040, Temp: T_1020, Visc: V_4550, Quality: Q_F"
B2023-1428,1768309026.612141,23.26,35.58,0.1346,7.29,3.14,7.08,5.86,1,0,N_2040,T_3040,V_0045,WF_0515,PH_1,Q_P,"Speed: N_2040, Temp: T_3040, Visc: V_0045, Quality: Q_P"
B2023-1429,1768309086.612141,35.48,48.87,0.2538,13.25,6.71,8.87,6.5,2,0,N_2040,T_4050,V_0045,WF_0515,PH_2,Q_P,"Speed: N_2040, Temp: T_4050, Visc: V_0045, Quality: Q_P"
B2023-1430,1768309146.612141,22.4,27.14,0.2188,8.0,4.65,4.13,6.48,1,0,N_2040,T_2030,V_0045,WF_0515,PH_1,Q_P,"Speed: N_2040, Temp: T_2030, Visc: V_0045, Quality: Q_P"
B2023-1431,1768309206.612141,30.28,20.57,0.1962,6.78,4.41,6.14,8.61,1,0,N_2040,T_2030,V_0045,WF_0515,PH_1,Q_P,"Speed: N_2040, Temp: T_2030, Visc: V_0045, Quality: Q_P"
B2023-1432,1768309266.612141,30.55,20.94,0.2299,11.05,5.79,5.69,6.87,1,0,N_2040,T_2030,V_0045,WF_0515,PH_1,Q_P,"Speed: N_2040, Temp: T_2030, Visc: V_0045, Quality: Q_P"
B2023-1433,1768309326.612141,38.71,52.11,0.3229,13.89,5.58,3.63,6.19,2,0,N_2040,T_5060,V_0045,WF_0515,PH_2,Q_P,"Speed: N_2040, Temp: T_5060, Visc: V_0045, Quality: Q_P"
B2023-1434,1768309386.612141,45.5,45.39,0.2893,5.96,2.98,5.28,5.7,2,0,N_4060,T_4050,V_0045,WF_0515,PH_2,Q_P,"Speed: N_4060, Temp: T_4050, Visc: V_0045, Quality: Q_P"
B2023-1435,1768309446.612141,34.39,42.94,0.2013,7.68,6.54,7.03,7.22,2,0,N_2040,T_4050,V_0045,WF_0515,PH_2,Q_P,"Speed: N_2040, Temp: T_4050, Visc: V_0045, Quality: Q_P"
B2023-1436,1768309506.612141,29.75,29.41,0.1664,8.26,7.94,7.38,5.03,1,0,N_2040,T_2030,V_0045,WF_0515,PH_1,Q_P,"Speed: N_2040, Temp: T_2030, Visc: V_0045, Quality: Q_P"
B2023-1437,1768309566.612141,39.76,47.01,0.3637,8.38,4.97,3.81,6.95,2,0,N_2040,T_4050,V_0045,WF_0515,PH_2,Q_P,"Speed: N_2040, Temp: T_4050, Visc: V_0045, Quality: Q_P"
B2023-1438,1768309626.612141,35.93,44.9,0.3833,13.85,6.17,3.61,7.25,2,0,N_2040,T_4050,V_0045,WF_0515,PH_2,Q_P,"Speed: N_2040, Temp: T_4050, Visc: V_0045, Quality: Q_P"
B2023-1439,1768309686.612141,38.86,51.38,0.2494,13.28,6.27,3.24,5.55,2,0,N_2040,T_5060,V_0045,WF_0515,PH_2,Q_P,"Speed: N_2040, Temp: T_5060, Visc: V_0045, Quality: Q_P"
B2023-1440,1768309746.612141,35.48,27.02,0.1044,5.83,5.97,8.29,6.8,1,0,N_2040,T_2030,V_0045,WF_0515,PH_1,Q_P,"Speed: N_2040, Temp: T_2030, Visc: V_0045, Quality: Q_P"
B2023-1441,1768309806.612141,43.41,44.87,0.3392,13.53,4.09,4.62,4.36,2,0,N_4060,T_4050,V_0045,WF_0515,PH_2,Q_P,"Speed: N_4060, Temp: T_4050, Visc: V_0045, Quality: Q_P"
B2023-1442,1768309866.612141,24.02,37.3,0.1158,10.07,5.46,4.31,8.98,1,0,N_2040,T_3040,V_0045,WF_0515,PH_1,Q_P,"Speed: N_2040, Temp: T_3040, Visc: V_0045, Quality: Q_P"
B2023-1443,1768309926.612141,46.86,51.67,0.2563,6.75,4.17,4.79,4.05,2,0,N_4060,T_5060,V_0045,WF_0515,PH_2,Q_P,"Speed: N_4060, Temp: T_5060, Visc: V_0045, Quality: Q_P"
B2023-1444,1768309986.612141,28.4,33.68,0.1074,12.15,5.34,8.71,5.07,1,0,N_2040,T_3040,V_0045,WF_0515,PH_1,Q_P,"Speed: N_2040, Temp: T_3040, Visc: V_0045, Quality: Q_P"
B2023-1445,1768310046.612141,36.21,25.87,0.2932,12.63,4.66,8.46,4.01,1,0,N_2040,T_2030,V_0045,WF_0515,PH_1,Q_P,"Speed: N_2040, Temp: T_2030, Visc: V_0045, Quality: Q_P"
B2023-1446,1768310106.612141,70.54,35.86,0.1218,1.58,7.96,8.29,7.33,1,1,N_6080,T_3040,V_0045,WF_0005,PH_1,Q_F,"Speed: N_6080, Temp: T_3040, Visc: V_0045, Quality: Q_F"
B2023-1447,1768310166.612141,32.34,22.83,0.2617,6.82,8.83,4.43,7.05,1,0,N_2040,T_2030,V_0045,WF_0515,PH_1,Q_P,"Speed: N_2040, Temp: T_2030, Visc: V_0045, Quality: Q_P"
B2023-1448,1768310226.612141,34.65,39.52,0.1009,12.23,5.41,6.85,4.15,1,0,N_2040,T_3040,V_0045,WF_0515,PH_1,Q_P,"Speed: N_2040, Temp: T_3040, Visc: V_0045, Quality: Q_P"
B2023-1449,1768310286.612141,39.78,46.68,0.2357,10.1,3.61,3.11,8.56,2,0,N_2040,T_4050,V_0045,WF_0515,PH_2,Q_P,"Speed: N_2040, Temp: T_4050, Visc: V_0045, Quality: Q_P"
B2023-1450,1768310346.612141,46.45,47.4,0.2344,13.01,3.23,7.82,5.5,2,0,N_4060,T_4050,V_0045,WF_0515,PH_2,Q_P,"Speed: N_4060, Temp: T_4050, Visc: V_0045, Quality: Q_P"
B2023-1451,1768310406.612141,14.03,7.32,0.481,1.25,3.92,3.58,5.82,2,1,N_0020,T_010,V_4550,WF_0005,PH_2,Q_F,"Speed: N_0020, Temp: T_010, Visc: V_4550, Quality: Q_F"
B2023-1452,1768310466.612141,21.82,32.61,0.1521,9.77,5.07,3.85,5.02,1,0,N_2040,T_3040,V_0045,WF_0515,PH_1,Q_P,"Speed: N_2040, Temp: T_3040, Visc: V_0045, Quality: Q_P"
B2023-1453,1768310526.612141,33.91,53.68,0.324,8.59,5.46,5.32,8.64,2,0,N_2040,T_5060,V_0045,WF_0515,PH_2,Q_P,"Speed: N_2040, Temp: T_5060, Visc: V_0045, Quality: Q_P"
B2023-1454,1768310586.612141,65.11,34.71,0.1809,4.41,3.24,5.66,4.44,2,1,N_6080,T_3040,V_0045,WF_0005,PH_2,Q_F,"Speed: N_6080, Temp: T_3040, Visc: V_0045, Quality: Q_F"
B2023-1455,1768310646.612141,32.21,32.88,0.2217,9.93,8.98,3.6,4.44,1,0,N_2040,T_3040,V_0045,WF_0515,PH_1,Q_P,"Speed: N_2040, Temp: T_3040, Visc: V_0045, Quality: Q_P"
B2023-1456,1768310706.612141,39.9,30.68,0.2235,9.82,8.57,5.26,4.67,1,0,N_2040,T_3040,V_0045,WF_0515,PH_1,Q_P,"Speed: N_2040, Temp: T_3040, Visc: V_0045, Quality: Q_P"
B2023-1457,1768310766.612141,45.23,44.06,0.2241,10.71,6.36,6.72,6.23,2,0,N_4060,T_4050,V_0045,WF_0515,PH_2,Q_P,"Speed: N_4060, Temp: T_4050, Visc: V_0045, Quality: Q_P"
B2023-1458,1768310826.612141,12.78,18.92,0.4975,11.51,2.85,8.82,4.55,1,1,N_0020,T_1020,V_4550,WF_0515,PH_1,Q_F,"Speed: N_0020, Temp: T_1020, Visc: V_4550, Quality: Q_F"
B2023-1459,1768310886.612141,75.1,34.29,0.239,2.56,8.2,7.58,6.48,1,1,N_6080,T_3040,V_0045,WF_0005,PH_1,Q_F,"Speed: N_6080, Temp: T_3040, Visc: V_0045, Quality: Q_F"
B2023-1460,1768310946.612141,38.55,44.58,0.3723,8.77,8.79,8.12,8.72,2,0,N_2040,T_4050,V_0045,WF_0515,PH_2,Q_P,"Speed: N_2040, Temp: T_4050, Visc: V_0045, Quality: Q_P"
B2023-1461,1768311006.612141,28.15,17.2,0.4743,13.23,4.78,6.05,8.65,2,1,N_2040,T_1020,V_4550,WF_0515,PH_2,Q_F,"Speed: N_2040, Temp: T_1020, Visc: V_4550, Quality: Q_F"
B2023-1462,1768311066.612141,41.48,42.57,0.3859,5.63,7.66,6.54,8.94,2,0,N_4060,T_4050,V_0045,WF_0515,PH_2,Q_P,"Speed: N_4060, Temp: T_4050, Visc: V_0045, Quality: Q_P"
B2023-1463,1768311126.612141,40.0,40.99,0.3303,11.77,8.36,4.83,6.86,2,0,N_2040,T_4050,V_0045,WF_0515,PH_2,Q_P,"Speed: N_2040, Temp: T_4050, Visc: V_0045, Quality: Q_P"
B2023-1464,1768311186.612141,33.82,43.88,0.3301,8.42,8.86,7.45,4.01,2,0,N_2040,T_4050,V_0045,WF_0515,PH_2,Q_P,"Speed: N_2040, Temp: T_4050, Visc: V_0045, Quality: Q_P"
B2023-1465,1768311246.612141,27.01,33.95,0.2574,11.2,7.71,7.73,4.24,1,0,N_2040,T_3040,V_0045,WF_0515,PH_1,Q_P,"Speed: N_2040, Temp: T_3040, Visc: V_0045, Quality: Q_P"
B2023-1466,1768311306.612141,21.38,13.68,0.4708,7.55,4.08,3.32,5.05,1,1,N_2040,T_1020,V_4550,WF_0515,PH_1,Q_F,"Speed: N_2040, Temp: T_1020, Visc: V_4550, Quality: Q_F"
B2023-1467,1768311366.612141,40.4,43.54,0.3014,13.28,3.2,4.67,6.51,2,0,N_4060,T_4050,V_0045,WF_0515,PH_2,Q_P,"Speed: N_4060, Temp: T_4050, Visc: V_0045, Quality: Q_P"
B2023-1468,1768311426.612141,35.28,43.59,0.2786,7.6,7.03,3.8,8.96,2,0,N_2040,T_4050,V_0045,WF_0515,PH_2,Q_P,"Speed: N_2040, Temp: T_4050, Visc: V_0045, Quality: Q_P"
B2023-1469,1768311486.612141,48.98,45.99,0.3873,7.05,5.43,8.33,7.33,2,0,N_4060,T_4050,V_0045,WF_0515,PH_2,Q_P,"Speed: N_4060, Temp: T_4050, Visc: V_0045, Quality: Q_P"
B2023-1470,1768311546.612141,71.8,58.43,0.1539,4.85,7.57,7.82,7.16,1,1,N_6080,T_5060,V_0045,WF_0005,PH_1,Q_F,"Speed: N_6080, Temp: T_5060, Visc: V_0045, Quality: Q_F"
B2023-1471,1768311606.612141,46.03,52.85,0.2478,12.36,8.21,5.88,7.82,2,0,N_4060,T_5060,V_0045,WF_0515,PH_2,Q_P,"Speed: N_4060, Temp: T_5060, Visc: V_0045, Quality: Q_P"
B2023-1472,1768311666.612141,30.51,45.15,0.3175,13.93,7.03,6.25,7.27,2,0,N_2040,T_4050,V_0045,WF_0515,PH_2,Q_P,"Speed: N_2040, Temp: T_4050, Visc: V_0045, Quality: Q_P"
B2023-1473,1768311726.612141,24.04,27.12,0.1253,11.75,5.04,6.48,8.89,1,0,N_2040,T_2030,V_0045,WF_0515,PH_1,Q_P,"Speed: N_2040, Temp: T_2030, Visc: V_0045, Quality: Q_P"
B2023-1474,1768311786.612141,28.51,33.78,0.176,12.28,6.74,8.25,7.89,1,0,N_2040,T_3040,V_0045,WF_0515,PH_1,Q_P,"Speed: N_2040, Temp: T_3040, Visc: V_0045, Quality: Q_P"
B2023-1475,1768311846.612141,33.61,39.66,0.1546,11.62,7.52,4.56,8.52,1,0,N_2040,T_3040,V_0045,WF_0515,PH_1,Q_P,"Speed: N_2040, Temp: T_3040, Visc: V_0045, Quality: Q_P"
B2023-1476,1768311906.612141,18.72,8.33,0.481,8.74,7.41,6.8,7.33,1,1,N_0020,T_010,V_4550,WF_0515,PH_1,Q_F,"Speed: N_0020, Temp: T_010, Visc: V_4550, Quality: Q_F"
B2023-1477,1768311966.612141,73.89,58.01,0.2921,3.91,7.85,4.13,7.19,1,1,N_6080,T_5060,V_0045,WF_0005,PH_1,Q_F,"Speed: N_6080, Temp: T_5060, Visc: V_0045, Quality: Q_F"
B2023-1478,1768312026.612141,21.71,36.36,0.1329,9.57,2.47,6.24,4.03,1,0,N_2040,T_3040,V_0045,WF_0515,PH_1,Q_P,"Speed: N_2040, Temp: T_3040, Visc: V_0045, Quality: Q_P"
B2023-1479,1768312086.612141,38.04,50.96,0.222,10.82,4.77,4.35,7.21,2,0,N_2040,T_5060,V_0045,WF_0515,PH_2,Q_P,"Speed: N_2040, Temp: T_5060, Visc: V_0045, Quality: Q_P"
B2023-1480,1768312146.612141,46.0,42.8,0.2936,13.47,8.23,4.64,5.2,2,0,N_4060,T_4050,V_0045,WF_0515,PH_2,Q_P,"Speed: N_4060, Temp: T_4050, Visc: V_0045, Quality: Q_P"
B2023-1481,1768312206.612141,46.19,45.5,0.2832,9.19,7.79,8.58,8.73,2,0,N_4060,T_4050,V_0045,WF_0515,PH_2,Q_P,"Speed: N_4060, Temp: T_4050, Visc: V_0045, Quality: Q_P"
B2023-1482,1768312266.612141,47.17,50.92,0.2079,7.9,8.49,4.17,6.74,2,0,N_4060,T_5060,V_0045,WF_0515,PH_2,Q_P,"Speed: N_4060, Temp: T_5060, Visc: V_0045, Quality: Q_P"
B2023-1483,1768312326.612141,42.58,51.82,0.3996,5.92,8.59,6.59,5.97,2,0,N_4060,T_5060,V_0045,WF_0515,PH_2,Q_P,"Speed: N_4060, Temp: T_5060, Visc: V_0045, Quality: Q_P"
B2023-1484,1768312386.612141,49.72,40.89,0.3413,13.91,4.62,7.89,7.07,2,0,N_4060,T_4050,V_0045,WF_0515,PH_2,Q_P,"Speed: N_4060, Temp: T_4050, Visc: V_0045, Quality: Q_P"
B2023-1485,1768312446.612141,78.09,42.43,0.1405,2.14,8.64,4.65,8.1,1,1,N_6080,T_4050,V_0045,WF_0005,PH_1,Q_F,"Speed: N_6080, Temp: T_4050, Visc: V_0045, Quality: Q_F"
B2023-1486,1768312506.612141,19.15,11.71,0.4982,3.14,8.15,8.39,5.46,1,1,N_0020,T_1020,V_4550,WF_0005,PH_1,Q_F,"Speed: N_0020, Temp: T_1020, Visc: V_4550, Quality: Q_F"
B2023-1487,1768312566.612141,36.22,28.43,0.229,8.25,3.71,5.57,5.31,1,0,N_2040,T_2030,V_0045,WF_0515,PH_1,Q_P,"Speed: N_2040, Temp: T_2030, Visc: V_0045, Quality: Q_P"
B2023-1488,1768312626.612141,31.23,50.8,0.3143,13.28,4.14,6.58,5.46,2,0,N_2040,T_5060,V_0045,WF_0515,PH_2,Q_P,"Speed: N_2040, Temp: T_5060, Visc: V_0045, Quality: Q_P"
B2023-1489,1768312686.612141,28.21,20.11,0.226,10.64,6.43,3.02,8.42,1,0,N_2040,T_2030,V_0045,WF_0515,PH_1,Q_P,"Speed: N_2040, Temp: T_2030, Visc: V_0045, Quality: Q_P"
B2023-1490,1768312746.612141,38.19,27.37,0.2526,7.32,2.91,8.45,5.68,1,0,N_2040,T_2030,V_0045,WF_0515,PH_1,Q_P,"Speed: N_2040, Temp: T_2030, Visc: V_0045, Quality: Q_P"
B2023-1491,1768312806.612141,34.57,37.82,0.2714,7.89,2.8,4.76,6.2,1,0,N_2040,T_3040,V_0045,WF_0515,PH_1,Q_P,"Speed: N_2040, Temp: T_3040, Visc: V_0045, Quality: Q_P"
B2023-1492,1768312866.612141,48.59,40.92,0.2762,7.94,2.94,4.09,8.53,2,0,N_4060,T_4050,V_0045,WF_0515,PH_2,Q_P,"Speed: N_4060, Temp: T_4050, Visc: V_0045, Quality: Q_P"
B2023-1493,1768312926.612141,22.93,35.9,0.1655,8.13,4.52,4.82,7.72,1,0,N_2040,T_3040,V_0045,WF_0515,PH_1,Q_P,"Speed: N_2040, Temp: T_3040, Visc: V_0045, Quality: Q_P"
B2023-1494,1768312986.612141,35.74,44.64,0.2142,11.47,3.14,8.59,5.21,2,0,N_2040,T_4050,V_0045,WF_0515,PH_2,Q_P,"Speed: N_2040, Temp: T_4050, Visc: V_0045, Quality: Q_P"
B2023-1495,1768313046.612141,20.58,29.67,0.1447,5.21,2.97,3.91,5.78,1,0,N_2040,T_2030,V_0045,WF_0515,PH_1,Q_P,"Speed: N_2040, Temp: T_2030, Visc: V_0045, Quality: Q_P"
B2023-1496,1768313106.612141,37.78,43.62,0.3089,12.61,7.72,4.92,7.58,2,0,N_2040,T_4050,V_0045,WF_0515,PH_2,Q_P,"Speed: N_2040, Temp: T_4050, Visc: V_0045, Quality: Q_P"
B2023-1497,1768313166.612141,11.74,5.61,0.4882,9.7,5.15,5.9,7.06,2,1,N_0020,T_010,V_4550,WF_0515,PH_2,Q_F,"Speed: N_0020, Temp: T_010, Visc: V_4550, Quality: Q_F"
B2023-1498,1768313226.612141,39.48,48.52,0.2443,9.96,6.62,3.89,7.16,2,0,N_2040,T_4050,V_0045,WF_0515,PH_2,Q_P,"Speed: N_2040, Temp: T_4050, Visc: V_0045, Quality: Q_P"
B2023-1499,1768313286.612141,24.02,10.1,0.4894,11.29,7.18,4.88,8.19,2,1,N_2040,T_1020,V_4550,WF_0515,PH_2,Q_F,"Speed: N_2040, Temp: T_1020, Visc: V_4550, Quality: Q_F"
B2023-1500,1768313346.612141,25.02,21.92,0.1457,9.71,5.02,4.01,6.28,1,0,N_2040,T_2030,V_0045,WF_0515,PH_1,Q_P,"Speed: N_2040, Temp: T_2030, Visc: V_0045, Quality: Q_P"
B2023-1501,1768313406.612141,26.02,36.6,0.1807,6.99,6.64,6.5,4.99,1,0,N_2040,T_3040,V_0045,WF_0515,PH_1,Q_P,"Speed: N_2040, Temp: T_3040, Visc: V_0045, Quality: Q_P"
B2023-1502,1768313466.612141,47.44,50.77,0.2743,6.42,5.84,7.58,4.49,2,0,N_4060,T_5060,V_0045,WF_0515,PH_2,Q_P,"Speed: N_4060, Temp: T_5060, Visc: V_0045, Quality: Q_P"
B2023-1503,1768313526.612141,45.0,52.44,0.3613,13.79,5.81,3.32,8.71,2,0,N_4060,T_5060,V_0045,WF_0515,PH_2,Q_P,"Speed: N_4060, Temp: T_5060, Visc: V_0045, Quality: Q_P"
B2023-1504,1768313586.612141,35.99,29.11,0.2601,7.55,8.27,8.44,7.9,1,0,N_2040,T_2030,V_0045,WF_0515,PH_1,Q_P,"Speed: N_2040, Temp: T_2030, Visc: V_0045, Quality: Q_P"
B2023-1505,1768313646.612141,22.57,33.12,0.1834,7.84,2.89,5.08,4.65,1,0,N_2040,T_3040,V_0045,WF_0515,PH_1,Q_P,"Speed: N_2040, Temp: T_3040, Visc: V_0045, Quality: Q_P"
B2023-1506,1768313706.612141,46.65,50.02,0.2496,11.74,4.95,5.67,5.46,2,0,N_4060,T_5060,V_0045,WF_0515,PH_2,Q_P,"Speed: N_4060, Temp: T_5060, Visc: V_0045, Quality: Q_P"
B2023-1507,1768313766.612141,37.2,27.85,0.1214,6.04,3.72,7.19,4.37,1,0,N_2040,T_2030,V_0045,WF_0515,PH_1,Q_P,"Speed: N_2040, Temp: T_2030, Visc: V_0045, Quality: Q_P"
B2023-1508,1768313826.612141,31.15,32.8,0.1944,12.23,4.5,7.28,5.53,1,0,N_2040,T_3040,V_0045,WF_0515,PH_1,Q_P,"Speed: N_2040, Temp: T_3040, Visc: V_0045, Quality: Q_P"
B2023-1509,1768313886.612141,32.99,28.98,0.148,8.4,8.98,6.73,8.83,1,0,N_2040,T_2030,V_0045,WF_0515,PH_1,Q_P,"Speed: N_2040, Temp: T_2030, Visc: V_0045, Quality: Q_P"
B2023-1510,1768313946.612141,18.36,19.12,0.4847,2.15,8.05,3.53,7.41,2,1,N_0020,T_1020,V_4550,WF_0005,PH_2,Q_F,"Speed: N_0020, Temp: T_1020, Visc: V_4550, Quality: Q_F"
B2023-1511,1768314006.612141,34.23,41.01,0.3594,12.98,5.99,3.44,4.54,2,0,N_2040,T_4050,V_0045,WF_0515,PH_2,Q_P,"Speed: N_2040, Temp: T_4050, Visc: V_0045, Quality: Q_P"
B2023-1512,1768314066.612141,19.22,10.19,0.496,6.24,7.05,6.42,5.07,2,1,N_0020,T_1020,V_4550,WF_0515,PH_2,Q_F,"Speed: N_0020, Temp: T_1020, Visc: V_4550, Quality: Q_F"
B2023-1513,1768314126.612141,36.59,52.31,0.3932,12.49,6.75,5.76,4.84,2,0,N_2040,T_5060,V_0045,WF_0515,PH_2,Q_P,"Speed: N_2040, Temp: T_5060, Visc: V_0045, Quality: Q_P"
B2023-1514,1768314186.612141,46.95,50.22,0.3289,7.83,7.65,3.87,6.66,2,0,N_4060,T_5060,V_0045,WF_0515,PH_2,Q_P,"Speed: N_4060, Temp: T_5060, Visc: V_0045, Quality: Q_P"
B2023-1515,1768314246.612141,28.68,38.79,0.1915,11.47,8.28,7.18,6.49,1,0,N_2040,T_3040,V_0045,WF_0515,PH_1,Q_P,"Speed: N_2040, Temp: T_3040, Visc: V_0045, Quality: Q_P"
B2023-1516,1768314306.612141,33.03,30.05,0.1928,8.48,5.45,6.15,5.66,1,0,N_2040,T_3040,V_0045,WF_0515,PH_1,Q_P,"Speed: N_2040, Temp: T_3040, Visc: V_0045, Quality: Q_P"
B2023-1517,1768314366.612141,39.68,41.77,0.2967,10.39,6.16,5.89,4.02,2,0,N_2040,T_4050,V_0045,WF_0515,PH_2,Q_P,"Speed: N_2040, Temp: T_4050, Visc: V_0045, Quality: Q_P"
B2023-1518,1768314426.612141,25.25,13.04,0.4687,2.76,3.88,7.15,7.65,2,1,N_2040,T_1020,V_4550,WF_0005,PH_2,Q_F,"Speed: N_2040, Temp: T_1020, Visc: V_4550, Quality: Q_F"
B2023-1519,1768314486.612141,69.12,56.48,0.3061,1.18,5.64,5.1,8.44,1,1,N_6080,T_5060,V_0045,WF_0005,PH_1,Q_F,"Speed: N_6080, Temp: T_5060, Visc: V_0045, Quality: Q_F"
B2023-1520,1768314546.612141,49.43,50.13,0.253,11.91,8.32,4.08,5.02,2,0,N_4060,T_5060,V_0045,WF_0515,PH_2,Q_P,"Speed: N_4060, Temp: T_5060, Visc: V_0045, Quality: Q_P"
B2023-1521,1768314606.612141,24.02,24.76,0.234,10.48,3.6,7.69,5.93,1,0,N_2040,T_2030,V_0045,WF_0515,PH_1,Q_P,"Speed: N_2040, Temp: T_2030, Visc: V_0045, Quality: Q_P"
B2023-1522,1768314666.612141,40.0,42.22,0.3514,9.62,4.99,7.5,7.85,2,0,N_2040,T_4050,V_0045,WF_0515,PH_2,Q_P,"Speed: N_2040, Temp: T_4050, Visc: V_0045, Quality: Q_P"
B2023-1523,1768314726.612141,46.23,52.68,0.2066,11.69,7.21,8.55,4.35,2,0,N_4060,T_5060,V_0045,WF_0515,PH_2,Q_P,"Speed: N_4060, Temp: T_5060, Visc: V_0045, Quality: Q_P"
B2023-1524,1768314786.612141,74.76,44.11,0.2757,0.93,7.8,4.91,5.79,1,1,N_6080,T_4050,V_0045,WF_0005,PH_1,Q_F,"Speed: N_6080, Temp: T_4050, Visc: V_0045, Quality: Q_F"
B2023-1525,1768314846.612141,40.1,44.27,0.3194,13.82,2.05,7.62,7.73,2,0,N_4060,T_4050,V_0045,WF_0515,PH_2,Q_P,"Speed: N_4060, Temp: T_4050, Visc: V_0045, Quality: Q_P"
B2023-1526,1768314906.612141,22.64,35.61,0.1759,10.89,4.82,6.87,7.5,1,0,N_2040,T_3040,V_0045,WF_0515,PH_1,Q_P,"Speed: N_2040, Temp: T_3040, Visc: V_0045, Quality: Q_P"
B2023-1527,1768314966.612141,42.42,46.29,0.2841,8.26,8.45,6.49,4.98,2,0,N_4060,T_4050,V_0045,WF_0515,PH_2,Q_P,"Speed: N_4060, Temp: T_4050, Visc: V_0045, Quality: Q_P"
B2023-1528,1768315026.612141,49.97,40.22,0.3837,8.31,6.47,3.55,4.79,2,0,N_4060,T_4050,V_0045,WF_0515,PH_2,Q_P,"Speed: N_4060, Temp: T_4050, Visc: V_0045, Quality: Q_P"
B2023-1529,1768315086.612141,18.0,11.86,0.472,7.12,8.58,4.1,4.21,1,1,N_0020,T_1020,V_4550,WF_0515,PH_1,Q_F,"Speed: N_0020, Temp: T_1020, Visc: V_4550, Quality: Q_F"
B2023-1530,1768315146.612141,31.97,36.48,0.1081,13.8,2.46,4.25,4.4,1,0,N_2040,T_3040,V_0045,WF_0515,PH_1,Q_P,"Speed: N_2040, Temp: T_3040, Visc: V_0045, Quality: Q_P"
B2023-1531,1768315206.612141,32.45,46.72,0.3666,13.64,8.14,3.94,8.32,2,0,N_2040,T_4050,V_0045,WF_0515,PH_2,Q_P,"Speed: N_2040, Temp: T_4050, Visc: V_0045, Quality: Q_P"
B2023-1532,1768315266.612141,31.71,45.07,0.3595,12.65,2.77,3.81,7.59,2,0,N_2040,T_4050,V_0045,WF_0515,PH_2,Q_P,"Speed: N_2040, Temp: T_4050, Visc: V_0045, Quality: Q_P"
B2023-1533,1768315326.612141,21.96,9.93,0.4969,1.49,3.56,4.45,4.68,2,1,N_2040,T_010,V_4550,WF_0005,PH_2,Q_F,"Speed: N_2040, Temp: T_010, Visc: V_4550, Quality: Q_F"
B2023-1534,1768315386.612141,23.51,38.97,0.1737,13.73,6.84,5.02,8.87,1,0,N_2040,T_3040,V_0045,WF_0515,PH_1,Q_P,"Speed: N_2040, Temp: T_3040, Visc: V_0045, Quality: Q_P"
B2023-1535,1768315446.612141,36.42,44.92,0.3855,11.39,2.39,5.98,7.49,2,0,N_2040,T_4050,V_0045,WF_0515,PH_2,Q_P,"Speed: N_2040, Temp: T_4050, Visc: V_0045, Quality: Q_P"
B2023-1536,1768315506.612141,27.37,20.65,0.2683,7.27,4.99,3.93,8.27,1,0,N_2040,T_2030,V_0045,WF_0515,PH_1,Q_P,"Speed: N_2040, Temp: T_2030, Visc: V_0045, Quality: Q_P"
B2023-1537,1768315566.612141,29.71,21.72,0.2332,10.53,6.82,6.65,5.87,1,0,N_2040,T_2030,V_0045,WF_0515,PH_1,Q_P,"Speed: N_2040, Temp: T_2030, Visc: V_0045, Quality: Q_P"
B2023-1538,1768315626.612141,42.63,44.76,0.2471,11.39,6.54,6.08,6.17,2,0,N_4060,T_4050,V_0045,WF_0515,PH_2,Q_P,"Speed: N_4060, Temp: T_4050, Visc: V_0045, Quality: Q_P"
B2023-1539,1768315686.612141,31.28,34.34,0.1742,13.12,8.68,8.89,5.36,1,0,N_2040,T_3040,V_0045,WF_0515,PH_1,Q_P,"Speed: N_2040, Temp: T_3040, Visc: V_0045, Quality: Q_P"
B2023-1540,1768315746.612141,16.56,8.7,0.4622,9.84,7.88,6.79,5.1,2,1,N_0020,T_010,V_4550,WF_0515,PH_2,Q_F,"Speed: N_0020, Temp: T_010, Visc: V_4550, Quality: Q_F"
B2023-1541,1768315806.612141,39.62,42.73,0.2125,6.65,3.41,3.54,4.96,2,0,N_2040,T_4050,V_0045,WF_0515,PH_2,Q_P,"Speed: N_2040, Temp: T_4050, Visc: V_0045, Quality: Q_P"
B2023-1542,1768315866.612141,65.11,55.99,0.3418,3.37,8.67,7.38,7.57,1,1,N_6080,T_5060,V_0045,WF_0005,PH_1,Q_F,"Speed: N_6080, Temp: T_5060, Visc: V_0045, Quality: Q_F"
B2023-1543,1768315926.612141,69.47,49.87,0.2897,3.72,4.45,5.41,7.98,1,1,N_6080,T_4050,V_0045,WF_0005,PH_1,Q_F,"Speed: N_6080, Temp: T_4050, Visc: V_0045, Quality: Q_F"
B2023-1544,1768315986.612141,32.81,53.68,0.3076,13.78,2.13,3.08,4.21,2,0,N_2040,T_5060,V_0045,WF_0515,PH_2,Q_P,"Speed: N_2040, Temp: T_5060, Visc: V_0045, Quality: Q_P"
B2023-1545,1768316046.612141,38.14,28.79,0.1225,5.28,8.13,5.28,8.03,1,0,N_2040,T_2030,V_0045,WF_0515,PH_1,Q_P,"Speed: N_2040, Temp: T_2030, Visc: V_0045, Quality: Q_P"
B2023-1546,1768316106.612141,39.25,27.48,0.1504,7.01,4.36,8.38,8.84,1,0,N_2040,T_2030,V_0045,WF_0515,PH_1,Q_P,"Speed: N_2040, Temp: T_2030, Visc: V_0045, Quality: Q_P"
B2023-1547,1768316166.612141,77.89,42.63,0.3424,0.36,5.37,5.17,5.19,1,1,N_6080,T_4050,V_0045,WF_0005,PH_1,Q_F,"Speed: N_6080, Temp: T_4050, Visc: V_0045, Quality: Q_F"
B2023-1548,1768316226.612141,27.3,26.63,0.1151,5.95,2.58,8.49,5.65,1,0,N_2040,T_2030,V_0045,WF_0515,PH_1,Q_P,"Speed: N_2040, Temp: T_2030, Visc: V_0045, Quality: Q_P"
B2023-1549,1768316286.612141,37.58,42.88,0.2741,10.13,7.95,6.1,8.5,2,0,N_2040,T_4050,V_0045,WF_0515,PH_2,Q_P,"Speed: N_2040, Temp: T_4050, Visc: V_0045, Quality: Q_P"
B2023-1550,1768316346.612141,20.16,20.09,0.2805,10.65,2.14,3.26,4.12,1,0,N_2040,T_2030,V_0045,WF_0515,PH_1,Q_P,"Speed: N_2040, Temp: T_2030, Visc: V_0045, Quality: Q_P"
B2023-1551,1768316406.612141,23.83,13.02,0.4747,3.29,2.87,6.18,7.13,1,1,N_2040,T_1020,V_4550,WF_0005,PH_1,Q_F,"Speed: N_2040, Temp: T_1020, Visc: V_4550, Quality: Q_F"
B2023-1552,1768316466.612141,33.17,38.55,0.2182,13.24,4.15,4.38,5.76,1,0,N_2040,T_3040,V_0045,WF_0515,PH_1,Q_P,"Speed: N_2040, Temp: T_3040, Visc: V_0045, Quality: Q_P"
B2023-1553,1768316526.612141,39.16,48.01,0.3462,13.98,4.05,7.19,8.72,2,0,N_2040,T_4050,V_0045,WF_0515,PH_2,Q_P,"Speed: N_2040, Temp: T_4050, Visc: V_0045, Quality: Q_P"
B2023-1554,1768316586.612141,22.01,21.23,0.2643,10.24,4.54,5.15,6.09,1,0,N_2040,T_2030,V_0045,WF_0515,PH_1,Q_P,"Speed: N_2040, Temp: T_2030, Visc: V_0045, Quality: Q_P"
B2023-1555,1768316646.612141,39.46,54.42,0.2246,7.21,6.39,3.07,6.69,2,0,N_2040,T_5060,V_0045,WF_0515,PH_2,Q_P,"Speed: N_2040, Temp: T_5060, Visc: V_0045, Quality: Q_P"
B2023-1556,1768316706.612141,67.42,41.62,0.1712,1.32,3.44,5.02,8.56,2,1,N_6080,T_4050,V_0045,WF_0005,PH_2,Q_F,"Speed: N_6080, Temp: T_4050, Visc: V_0045, Quality: Q_F"
B2023-1557,1768316766.612141,34.86,33.97,0.2924,13.49,4.09,7.28,6.64,1,0,N_2040,T_3040,V_0045,WF_0515,PH_1,Q_P,"Speed: N_2040, Temp: T_3040, Visc: V_0045, Quality: Q_P"
B2023-1558,1768316826.612141,68.19,47.31,0.3449,4.49,2.7,7.83,5.92,1,1,N_6080,T_4050,V_0045,WF_0005,PH_1,Q_F,"Speed: N_6080, Temp: T_4050, Visc: V_0045, Quality: Q_F"
B2023-1559,1768316886.612141,41.61,40.0,0.2661,12.88,2.02,6.41,5.35,2,0,N_4060,T_4050,V_0045,WF_0515,PH_2,Q_P,"Speed: N_4060, Temp: T_4050, Visc: V_0045, Quality: Q_P"
B2023-1560,1768316946.612141,48.01,45.87,0.2449,11.07,8.39,6.08,6.16,2,0,N_4060,T_4050,V_0045,WF_0515,PH_2,Q_P,"Speed: N_4060, Temp: T_4050, Visc: V_0045, Quality: Q_P"
B2023-1561,1768317006.612141,38.41,25.56,0.2643,13.62,3.07,4.75,7.17,1,0,N_2040,T_2030,V_0045,WF_0515,PH_1,Q_P,"Speed: N_2040, Temp: T_2030, Visc: V_0045, Quality: Q_P"
B2023-1562,1768317066.612141,28.14,16.89,0.4735,11.21,8.73,4.84,7.75,1,1,N_2040,T_1020,V_4550,WF_0515,PH_1,Q_F,"Speed: N_2040, Temp: T_1020, Visc: V_4550, Quality: Q_F"
B2023-1563,1768317126.612141,25.2,34.34,0.1655,11.91,7.85,3.88,8.7,1,0,N_2040,T_3040,V_0045,WF_0515,PH_1,Q_P,"Speed: N_2040, Temp: T_3040, Visc: V_0045, Quality: Q_P"
B2023-1564,1768317186.612141,38.67,39.92,0.1279,7.37,3.45,8.37,4.47,1,0,N_2040,T_3040,V_0045,WF_0515,PH_1,Q_P,"Speed: N_2040, Temp: T_3040, Visc: V_0045, Quality: Q_P"
B2023-1565,1768317246.612141,32.87,47.07,0.2417,13.74,4.65,3.73,7.19,2,0,N_2040,T_4050,V_0045,WF_0515,PH_2,Q_P,"Speed: N_2040, Temp: T_4050, Visc: V_0045, Quality: Q_P"
B2023-1566,1768317306.612141,34.43,40.18,0.352,13.07,2.21,5.84,7.59,2,0,N_2040,T_4050,V_0045,WF_0515,PH_2,Q_P,"Speed: N_2040, Temp: T_4050, Visc: V_0045, Quality: Q_P"
B2023-1567,1768317366.612141,39.27,44.67,0.2688,6.05,8.21,6.48,4.88,2,0,N_2040,T_4050,V_0045,WF_0515,PH_2,Q_P,"Speed: N_2040, Temp: T_4050, Visc: V_0045, Quality: Q_P"
B2023-1568,1768317426.612141,73.41,51.82,0.1001,1.34,3.07,5.87,4.94,1,1,N_6080,T_5060,V_0045,WF_0005,PH_1,Q_F,"Speed: N_6080, Temp: T_5060, Visc: V_0045, Quality: Q_F"
B2023-1569,1768317486.612141,20.69,26.91,0.1148,9.84,2.19,4.96,4.78,1,0,N_2040,T_2030,V_0045,WF_0515,PH_1,Q_P,"Speed: N_2040, Temp: T_2030, Visc: V_0045, Quality: Q_P"
B2023-1570,1768317546.612141,40.16,54.28,0.2356,8.73,5.86,3.19,6.53,2,0,N_4060,T_5060,V_0045,WF_0515,PH_2,Q_P,"Speed: N_4060, Temp: T_5060, Visc: V_0045, Quality: Q_P"
B2023-1571,1768317606.612141,46.98,46.73,0.2331,12.8,7.73,5.92,6.22,2,0,N_4060,T_4050,V_0045,WF_0515,PH_2,Q_P,"Speed: N_4060, Temp: T_4050, Visc: V_0045, Quality: Q_P"
B2023-1572,1768317666.612141,36.05,40.48,0.2585,11.09,4.37,7.52,5.59,2,0,N_2040,T_4050,V_0045,WF_0515,PH_2,Q_P,"Speed: N_2040, Temp: T_4050, Visc: V_0045, Quality: Q_P"
B2023-1573,1768317726.612141,29.92,31.27,0.2467,7.08,4.09,4.63,8.41,1,0,N_2040,T_3040,V_0045,WF_0515,PH_1,Q_P,"Speed: N_2040, Temp: T_3040, Visc: V_0045, Quality: Q_P"
B2023-1574,1768317786.612141,29.29,38.68,0.1305,12.67,3.92,7.4,6.33,1,0,N_2040,T_3040,V_0045,WF_0515,PH_1,Q_P,"Speed: N_2040, Temp: T_3040, Visc: V_0045, Quality: Q_P"
B2023-1575,1768317846.612141,32.24,51.12,0.2312,12.72,3.56,7.19,5.75,2,0,N_2040,T_5060,V_0045,WF_0515,PH_2,Q_P,"Speed: N_2040, Temp: T_5060, Visc: V_0045, Quality: Q_P"
B2023-1576,1768317906.612141,24.25,15.51,0.489,7.35,2.46,5.66,8.4,1,1,N_2040,T_1020,V_4550,WF_0515,PH_1,Q_F,"Speed: N_2040, Temp: T_1020, Visc: V_4550, Quality: Q_F"
B2023-1577,1768317966.612141,74.93,44.79,0.2008,0.36,3.39,3.34,6.57,2,1,N_6080,T_4050,V_0045,WF_0005,PH_2,Q_F,"Speed: N_6080, Temp: T_4050, Visc: V_0045, Quality: Q_F"
B2023-1578,1768318026.612141,35.04,45.65,0.3224,8.09,6.04,3.87,8.58,2,0,N_2040,T_4050,V_0045,WF_0515,PH_2,Q_P,"Speed: N_2040, Temp: T_4050, Visc: V_0045, Quality: Q_P"
B2023-1579,1768318086.612141,30.85,29.19,0.2603,10.18,6.04,4.47,7.09,1,0,N_2040,T_2030,V_0045,WF_0515,PH_1,Q_P,"Speed: N_2040, Temp: T_2030, Visc: V_0045, Quality: Q_P"
B2023-1580,1768318146.612141,35.12,29.57,0.1686,12.0,8.03,8.29,4.85,1,0,N_2040,T_2030,V_0045,WF_0515,PH_1,Q_P,"Speed: N_2040, Temp: T_2030, Visc: V_0045, Quality: Q_P"
B2023-1581,1768318206.612141,39.75,41.24,0.3884,8.76,7.83,5.08,6.35,2,0,N_2040,T_4050,V_0045,WF_0515,PH_2,Q_P,"Speed: N_2040, Temp: T_4050, Visc: V_0045, Quality: Q_P"
B2023-1582,1768318266.612141,42.38,48.6,0.2237,9.44,7.85,4.3,4.53,2,0,N_4060,T_4050,V_0045,WF_0515,PH_2,Q_P,"Speed: N_4060, Temp: T_4050, Visc: V_0045, Quality: Q_P"
B2023-1583,1768318326.612141,33.76,53.97,0.3387,10.84,5.13,3.75,7.82,2,0,N_2040,T_5060,V_0045,WF_0515,PH_2,Q_P,"Speed: N_2040, Temp: T_5060, Visc: V_0045, Quality: Q_P"
B2023-1584,1768318386.612141,18.26,15.89,0.5,11.8,3.47,7.42,7.79,1,1,N_0020,T_1020,V_4550,WF_0515,PH_1,Q_F,"Speed: N_0020, Temp: T_1020, Visc: V_4550, Quality: Q_F"
B2023-1585,1768318446.612141,71.04,46.53,0.1779,0.54,3.41,8.17,8.56,1,1,N_6080,T_4050,V_0045,WF_0005,PH_1,Q_F,"Speed: N_6080, Temp: T_4050, Visc: V_0045, Quality: Q_F"
B2023-1586,1768318506.612141,48.49,40.59,0.3058,5.89,8.75,6.57,5.11,2,0,N_4060,T_4050,V_0045,WF_0515,PH_2,Q_P,"Speed: N_4060, Temp: T_4050, Visc: V_0045, Quality: Q_P"
B2023-1587,1768318566.612141,11.26,6.02,0.4861,5.41,6.82,3.08,4.25,2,1,N_0020,T_010,V_4550,WF_0515,PH_2,Q_F,"Speed: N_0020, Temp: T_010, Visc: V_4550, Quality: Q_F"
B2023-1588,1768318626.612141,31.63,28.11,0.1185,6.27,4.83,5.43,4.07,1,0,N_2040,T_2030,V_0045,WF_0515,PH_1,Q_P,"Speed: N_2040, Temp: T_2030, Visc: V_0045, Quality: Q_P"
B2023-1589,1768318686.612141,38.61,48.15,0.2859,7.66,3.71,4.6,8.3,2,0,N_2040,T_4050,V_0045,WF_0515,PH_2,Q_P,"Speed: N_2040, Temp: T_4050, Visc: V_0045, Quality: Q_P"
B2023-1590,1768318746.612141,35.33,35.65,0.2132,6.01,6.99,6.39,4.86,1,0,N_2040,T_3040,V_0045,WF_0515,PH_1,Q_P,"Speed: N_2040, Temp: T_3040, Visc: V_0045, Quality: Q_P"
B2023-1591,1768318806.612141,29.62,8.86,0.478,1.6,7.66,7.55,5.82,2,1,N_2040,T_010,V_4550,WF_0005,PH_2,Q_F,"Speed: N_2040, Temp: T_010, Visc: V_4550, Quality: Q_F"
B2023-1592,1768318866.612141,13.98,21.58,0.4901,5.28,2.49,7.13,4.16,1,1,N_0020,T_2030,V_4550,WF_0515,PH_1,Q_F,"Speed: N_0020, Temp: T_2030, Visc: V_4550, Quality: Q_F"
B2023-1593,1768318926.612141,36.43,40.05,0.2692,12.23,4.8,8.0,8.59,2,0,N_2040,T_4050,V_0045,WF_0515,PH_2,Q_P,"Speed: N_2040, Temp: T_4050, Visc: V_0045, Quality: Q_P"
B2023-1594,1768318986.612141,38.82,29.18,0.129,8.74,6.61,8.04,4.63,1,0,N_2040,T_2030,V_0045,WF_0515,PH_1,Q_P,"Speed: N_2040, Temp: T_2030, Visc: V_0045, Quality: Q_P"
B2023-1595,1768319046.612141,37.5,41.53,0.232,6.48,7.23,7.34,6.99,2,0,N_2040,T_4050,V_0045,WF_0515,PH_2,Q_P,"Speed: N_2040, Temp: T_4050, Visc: V_0045, Quality: Q_P"
B2023-1596,1768319106.612141,25.17,27.68,0.1645,13.06,6.85,4.24,4.19,1,0,N_2040,T_2030,V_0045,WF_0515,PH_1,Q_P,"Speed: N_2040, Temp: T_2030, Visc: V_0045, Quality: Q_P"
B2023-1597,1768319166.612141,19.65,24.63,0.4973,4.4,8.14,4.01,6.42,1,1,N_0020,T_2030,V_4550,WF_0005,PH_1,Q_F,"Speed: N_0020, Temp: T_2030, Visc: V_4550, Quality: Q_F"
B2023-1598,1768319226.612141,36.43,27.82,0.1442,13.54,8.48,8.79,6.65,1,0,N_2040,T_2030,V_0045,WF_0515,PH_1,Q_P,"Speed: N_2040, Temp: T_2030, Visc: V_0045, Quality: Q_P"
B2023-1599,1768319286.612141,30.35,49.14,0.2877,5.42,5.59,3.38,7.02,2,0,N_2040,T_4050,V_0045,WF_0515,PH_2,Q_P,"Speed: N_2040, Temp: T_4050, Visc: V_0045, Quality: Q_P"
B2023-1600,1768319346.612141,24.04,20.55,0.1726,9.62,8.18,7.37,7.55,1,0,N_2040,T_2030,V_0045,WF_0515,PH_1,Q_P,"Speed: N_2040, Temp: T_2030, Visc: V_0045, Quality: Q_P"
B2023-1601,1768319406.612141,25.9,38.37,0.1416,5.37,6.18,5.64,8.31,1,0,N_2040,T_3040,V_0045,WF_0515,PH_1,Q_P,"Speed: N_2040, Temp: T_3040, Visc: V_0045, Quality: Q_P"
B2023-1602,1768319466.612141,23.18,14.63,0.4761,1.92,3.03,6.25,5.94,1,1,N_2040,T_1020,V_4550,WF_0005,PH_1,Q_F,"Speed: N_2040, Temp: T_1020, Visc: V_4550, Quality: Q_F"
B2023-1603,1768319526.612141,24.52,20.43,0.4857,11.39,4.96,4.78,7.91,1,1,N_2040,T_2030,V_4550,WF_0515,PH_1,Q_F,"Speed: N_2040, Temp: T_2030, Visc: V_4550, Quality: Q_F"
B2023-1604,1768319586.612141,26.27,20.63,0.4636,2.66,5.39,4.23,4.2,2,1,N_2040,T_2030,V_4550,WF_0005,PH_2,Q_F,"Speed: N_2040, Temp: T_2030, Visc: V_4550, Quality: Q_F"
B2023-1605,1768319646.612141,36.75,40.77,0.2062,13.58,7.75,8.97,8.82,2,0,N_2040,T_4050,V_0045,WF_0515,PH_2,Q_P,"Speed: N_2040, Temp: T_4050, Visc: V_0045, Quality: Q_P"
B2023-1606,1768319706.612141,17.29,11.73,0.4917,4.05,5.88,8.1,8.15,2,1,N_0020,T_1020,V_4550,WF_0005,PH_2,Q_F,"Speed: N_0020, Temp: T_1020, Visc: V_4550, Quality: Q_F"
B2023-1607,1768319766.612141,40.24,45.77,0.3965,13.41,7.91,4.25,5.2,2,0,N_4060,T_4050,V_0045,WF_0515,PH_2,Q_P,"Speed: N_4060, Temp: T_4050, Visc: V_0045, Quality: Q_P"
B2023-1608,1768319826.612141,33.31,52.49,0.2211,6.75,4.51,8.67,4.44,2,0,N_2040,T_5060,V_0045,WF_0515,PH_2,Q_P,"Speed: N_2040, Temp: T_5060, Visc: V_0045, Quality: Q_P"
B2023-1609,1768319886.612141,26.5,39.94,0.1566,8.57,7.45,8.81,7.13,1,0,N_2040,T_3040,V_0045,WF_0515,PH_1,Q_P,"Speed: N_2040, Temp: T_3040, Visc: V_0045, Quality: Q_P"
B2023-1610,1768319946.612141,29.63,26.22,0.271,13.27,8.59,3.32,5.9,1,0,N_2040,T_2030,V_0045,WF_0515,PH_1,Q_P,"Speed: N_2040, Temp: T_2030, Visc: V_0045, Quality: Q_P"
B2023-1611,1768320006.612141,38.68,30.94,0.1449,10.12,4.35,5.37,4.41,1,0,N_2040,T_3040,V_0045,WF_0515,PH_1,Q_P,"Speed: N_2040, Temp: T_3040, Visc: V_0045, Quality: Q_P"
B2023-1612,1768320066.612141,29.4,38.64,0.2706,12.95,7.93,7.66,4.39,1,0,N_2040,T_3040,V_0045,WF_0515,PH_1,Q_P,"Speed: N_2040, Temp: T_3040, Visc: V_0045, Quality: Q_P"
B2023-1613,1768320126.612141,69.67,32.59,0.1431,1.88,3.59,5.39,5.74,1,1,N_6080,T_3040,V_0045,WF_0005,PH_1,Q_F,"Speed: N_6080, Temp: T_3040, Visc: V_0045, Quality: Q_F"
B2023-1614,1768320186.612141,23.5,23.0,0.2279,12.89,2.43,8.75,7.42,1,0,N_2040,T_2030,V_0045,WF_0515,PH_1,Q_P,"Speed: N_2040, Temp: T_2030, Visc: V_0045, Quality: Q_P"
B2023-1615,1768320246.612141,29.54,20.11,0.1979,13.49,7.7,8.01,7.96,1,0,N_2040,T_2030,V_0045,WF_0515,PH_1,Q_P,"Speed: N_2040, Temp: T_2030, Visc: V_0045, Quality: Q_P"
B2023-1616,1768320306.612141,23.52,24.5,0.13,9.36,4.62,3.64,7.17,1,0,N_2040,T_2030,V_0045,WF_0515,PH_1,Q_P,"Speed: N_2040, Temp: T_2030, Visc: V_0045, Quality: Q_P"
B2023-1617,1768320366.612141,48.7,49.72,0.3857,10.74,3.09,6.66,8.48,2,0,N_4060,T_4050,V_0045,WF_0515,PH_2,Q_P,"Speed: N_4060, Temp: T_4050, Visc: V_0045, Quality: Q_P"
B2023-1618,1768320426.612141,45.66,52.66,0.3961,8.71,2.16,7.95,7.15,2,0,N_4060,T_5060,V_0045,WF_0515,PH_2,Q_P,"Speed: N_4060, Temp: T_5060, Visc: V_0045, Quality: Q_P"
B2023-1619,1768320486.612141,36.98,28.02,0.1225,9.57,7.58,6.15,6.19,1,0,N_2040,T_2030,V_0045,WF_0515,PH_1,Q_P,"Speed: N_2040, Temp: T_2030, Visc: V_0045, Quality: Q_P"
B2023-1620,1768320546.612141,26.21,17.03,0.4789,13.78,8.36,8.48,4.84,1,1,N_2040,T_1020,V_4550,WF_0515,PH_1,Q_F,"Speed: N_2040, Temp: T_1020, Visc: V_4550, Quality: Q_F"
B2023-1621,1768320606.612141,44.08,54.01,0.231,11.86,2.77,3.08,8.76,2,0,N_4060,T_5060,V_0045,WF_0515,PH_2,Q_P,"Speed: N_4060, Temp: T_5060, Visc: V_0045, Quality: Q_P"
B2023-1622,1768320666.612141,69.39,46.12,0.1673,2.28,2.23,5.59,7.95,1,1,N_6080,T_4050,V_0045,WF_0005,PH_1,Q_F,"Speed: N_6080, Temp: T_4050, Visc: V_0045, Quality: Q_F"
B2023-1623,1768320726.612141,35.69,35.37,0.1729,7.8,2.06,6.24,4.28,1,0,N_2040,T_3040,V_0045,WF_0515,PH_1,Q_P,"Speed: N_2040, Temp: T_3040, Visc: V_0045, Quality: Q_P"
B2023-1624,1768320786.612141,32.78,39.41,0.1573,7.97,3.06,8.39,5.16,1,0,N_2040,T_3040,V_0045,WF_0515,PH_1,Q_P,"Speed: N_2040, Temp: T_3040, Visc: V_0045, Quality: Q_P"
B2023-1625,1768320846.612141,46.11,50.45,0.212,5.64,7.42,3.52,4.74,2,0,N_4060,T_5060,V_0045,WF_0515,PH_2,Q_P,"Speed: N_4060, Temp: T_5060, Visc: V_0045, Quality: Q_P"
B2023-1626,1768320906.612141,28.12,23.37,0.1641,5.33,7.16,6.48,8.51,1,0,N_2040,T_2030,V_0045,WF_0515,PH_1,Q_P,"Speed: N_2040, Temp: T_2030, Visc: V_0045, Quality: Q_P"
B2023-1627,1768320966.612141,24.84,25.77,0.1606,7.33,2.3,7.15,8.66,1,0,N_2040,T_2030,V_0045,WF_0515,PH_1,Q_P,"Speed: N_2040, Temp: T_2030, Visc: V_0045, Quality: Q_P"
B2023-1628,1768321026.612141,40.74,53.75,0.3896,6.79,7.3,7.7,8.55,2,0,N_4060,T_5060,V_0045,WF_0515,PH_2,Q_P,"Speed: N_4060, Temp: T_5060, Visc: V_0045, Quality: Q_P"
B2023-1629,1768321086.612141,27.46,28.1,0.1306,9.14,3.98,3.53,8.72,1,0,N_2040,T_2030,V_0045,WF_0515,PH_1,Q_P,"Speed: N_2040, Temp: T_2030, Visc: V_0045, Quality: Q_P"
B2023-1630,1768321146.612141,78.62,46.02,0.2583,0.75,5.99,8.04,8.36,1,1,N_6080,T_4050,V_0045,WF_0005,PH_1,Q_F,"Speed: N_6080, Temp: T_4050, Visc: V_0045, Quality: Q_F"
B2023-1631,1768321206.612141,36.73,21.16,0.2891,12.2,3.97,5.01,7.61,1,0,N_2040,T_2030,V_0045,WF_0515,PH_1,Q_P,"Speed: N_2040, Temp: T_2030, Visc: V_0045, Quality: Q_P"
B2023-1632,1768321266.612141,68.58,45.6,0.1495,3.55,5.47,5.43,5.63,1,1,N_6080,T_4050,V_0045,WF_0005,PH_1,Q_F,"Speed: N_6080, Temp: T_4050, Visc: V_0045, Quality: Q_F"
B2023-1633,1768321326.612141,21.18,24.39,0.1316,7.92,2.49,6.42,6.12,1,0,N_2040,T_2030,V_0045,WF_0515,PH_1,Q_P,"Speed: N_2040, Temp: T_2030, Visc: V_0045, Quality: Q_P"
B2023-1634,1768321386.612141,30.63,41.3,0.2899,8.67,8.69,4.13,5.64,2,0,N_2040,T_4050,V_0045,WF_0515,PH_2,Q_P,"Speed: N_2040, Temp: T_4050, Visc: V_0045, Quality: Q_P"
B2023-1635,1768321446.612141,49.07,50.96,0.2317,8.87,6.22,3.06,8.9,2,0,N_4060,T_5060,V_0045,WF_0515,PH_2,Q_P,"Speed: N_4060, Temp: T_5060, Visc: V_0045, Quality: Q_P"
B2023-1636,1768321506.612141,27.98,33.5,0.2853,8.19,4.54,3.45,5.65,1,0,N_2040,T_3040,V_0045,WF_0515,PH_1,Q_P,"Speed: N_2040, Temp: T_3040, Visc: V_0045, Quality: Q_P"
B2023-1637,1768321566.612141,41.2,42.06,0.2786,11.87,8.91,8.67,6.89,2,0,N_4060,T_4050,V_0045,WF_0515,PH_2,Q_P,"Speed: N_4060, Temp: T_4050, Visc: V_0045, Quality: Q_P"
B2023-1638,1768321626.612141,35.7,53.24,0.3686,11.86,7.14,4.43,8.79,2,0,N_2040,T_5060,V_0045,WF_0515,PH_2,Q_P,"Speed: N_2040, Temp: T_5060, Visc: V_0045, Quality: Q_P"
B2023-1639,1768321686.612141,67.2,30.69,0.2692,3.74,2.43,5.16,8.33,2,1,N_6080,T_3040,V_0045,WF_0005,PH_2,Q_F,"Speed: N_6080, Temp: T_3040, Visc: V_0045, Quality: Q_F"
B2023-1640,1768321746.612141,30.46,40.54,0.2176,6.12,2.56,3.42,6.94,2,0,N_2040,T_4050,V_0045,WF_0515,PH_2,Q_P,"Speed: N_2040, Temp: T_4050, Visc: V_0045, Quality: Q_P"
B2023-1641,1768321806.612141,24.53,20.49,0.4861,4.84,6.06,7.25,4.38,1,1,N_2040,T_2030,V_4550,WF_0005,PH_1,Q_F,"Speed: N_2040, Temp: T_2030, Visc: V_4550, Quality: Q_F"
B2023-1642,1768321866.612141,31.36,40.34,0.3218,7.11,6.74,8.64,8.16,2,0,N_2040,T_4050,V_0045,WF_0515,PH_2,Q_P,"Speed: N_2040, Temp: T_4050, Visc: V_0045, Quality: Q_P"
B2023-1643,1768321926.612141,49.79,43.14,0.3361,8.51,4.6,7.65,7.08,2,0,N_4060,T_4050,V_0045,WF_0515,PH_2,Q_P,"Speed: N_4060, Temp: T_4050, Visc: V_0045, Quality: Q_P"
B2023-1644,1768321986.612141,35.52,21.38,0.1668,8.17,4.88,8.27,5.69,1,0,N_2040,T_2030,V_0045,WF_0515,PH_1,Q_P,"Speed: N_2040, Temp: T_2030, Visc: V_0045, Quality: Q_P"
B2023-1645,1768322046.612141,40.28,53.03,0.2567,13.15,5.21,4.97,7.18,2,0,N_4060,T_5060,V_0045,WF_0515,PH_2,Q_P,"Speed: N_4060, Temp: T_5060, Visc: V_0045, Quality: Q_P"
B2023-1646,1768322106.612141,11.66,20.68,0.4634,6.58,5.13,8.53,7.62,2,1,N_0020,T_2030,V_4550,WF_0515,PH_2,Q_F,"Speed: N_0020, Temp: T_2030, Visc: V_4550, Quality: Q_F"
B2023-1647,1768322166.612141,42.94,51.92,0.3292,6.31,7.2,5.46,5.11,2,0,N_4060,T_5060,V_0045,WF_0515,PH_2,Q_P,"Speed: N_4060, Temp: T_5060, Visc: V_0045, Quality: Q_P"
B2023-1648,1768322226.612141,34.19,47.56,0.2344,7.88,2.15,7.37,5.01,2,0,N_2040,T_4050,V_0045,WF_0515,PH_2,Q_P,"Speed: N_2040, Temp: T_4050, Visc: V_0045, Quality: Q_P"
B2023-1649,1768322286.612141,34.01,40.83,0.2786,13.71,7.56,6.74,5.69,2,0,N_2040,T_4050,V_0045,WF_0515,PH_2,Q_P,"Speed: N_2040, Temp: T_4050, Visc: V_0045, Quality: Q_P"
B2023-1650,1768322346.612141,46.69,53.51,0.2671,7.0,3.48,6.29,4.8,2,0,N_4060,T_5060,V_0045,WF_0515,PH_2,Q_P,"Speed: N_4060, Temp: T_5060, Visc: V_0045, Quality: Q_P"
B2023-1651,1768322406.612141,33.45,50.86,0.3233,8.69,8.07,6.71,5.71,2,0,N_2040,T_5060,V_0045,WF_0515,PH_2,Q_P,"Speed: N_2040, Temp: T_5060, Visc: V_0045, Quality: Q_P"
B2023-1652,1768322466.612141,49.1,54.62,0.2115,10.4,8.95,3.7,8.69,2,0,N_4060,T_5060,V_0045,WF_0515,PH_2,Q_P,"Speed: N_4060, Temp: T_5060, Visc: V_0045, Quality: Q_P"
B2023-1653,1768322526.612141,29.08,23.47,0.4624,11.68,3.6,6.31,8.8,1,1,N_2040,T_2030,V_4550,WF_0515,PH_1,Q_F,"Speed: N_2040, Temp: T_2030, Visc: V_4550, Quality: Q_F"
B2023-1654,1768322586.612141,28.53,31.44,0.272,6.04,4.57,7.96,5.59,1,0,N_2040,T_3040,V_0045,WF_0515,PH_1,Q_P,"Speed: N_2040, Temp: T_3040, Visc: V_0045, Quality: Q_P"
B2023-1655,1768322646.612141,47.85,53.82,0.2137,11.33,5.59,7.06,4.85,2,0,N_4060,T_5060,V_0045,WF_0515,PH_2,Q_P,"Speed: N_4060, Temp: T_5060, Visc: V_0045, Quality: Q_P"
B2023-1656,1768322706.612141,15.26,13.28,0.4887,2.74,3.59,5.97,7.99,1,1,N_0020,T_1020,V_4550,WF_0005,PH_1,Q_F,"Speed: N_0020, Temp: T_1020, Visc: V_4550, Quality: Q_F"
B2023-1657,1768322766.612141,29.6,23.6,0.1916,11.7,8.99,5.02,7.87,1,0,N_2040,T_2030,V_0045,WF_0515,PH_1,Q_P,"Speed: N_2040, Temp: T_2030, Visc: V_0045, Quality: Q_P"
B2023-1658,1768322826.612141,30.74,49.76,0.2635,8.44,5.49,4.79,5.37,2,0,N_2040,T_4050,V_0045,WF_0515,PH_2,Q_P,"Speed: N_2040, Temp: T_4050, Visc: V_0045, Quality: Q_P"
B2023-1659,1768322886.612141,23.58,23.68,0.1731,13.81,4.65,5.92,5.92,1,0,N_2040,T_2030,V_0045,WF_0515,PH_1,Q_P,"Speed: N_2040, Temp: T_2030, Visc: V_0045, Quality: Q_P"
B2023-1660,1768322946.612141,35.37,47.44,0.3348,10.84,2.21,7.98,7.31,2,0,N_2040,T_4050,V_0045,WF_0515,PH_2,Q_P,"Speed: N_2040, Temp: T_4050, Visc: V_0045, Quality: Q_P"
B2023-1661,1768323006.612141,31.04,50.77,0.2635,10.09,5.63,3.91,8.8,2,0,N_2040,T_5060,V_0045,WF_0515,PH_2,Q_P,"Speed: N_2040, Temp: T_5060, Visc: V_0045, Quality: Q_P"
B2023-1662,1768323066.612141,48.88,52.89,0.2095,5.75,6.49,4.44,7.24,2,0,N_4060,T_5060,V_0045,WF_0515,PH_2,Q_P,"Speed: N_4060, Temp: T_5060, Visc: V_0045, Quality: Q_P"
B2023-1663,1768323126.612141,49.81,42.29,0.2002,8.64,5.15,8.55,6.37,2,0,N_4060,T_4050,V_0045,WF_0515,PH_2,Q_P,"Speed: N_4060, Temp: T_4050, Visc: V_0045, Quality: Q_P"
B2023-1664,1768323186.612141,45.23,44.46,0.2214,7.75,3.96,5.0,7.74,2,0,N_4060,T_4050,V_0045,WF_0515,PH_2,Q_P,"Speed: N_4060, Temp: T_4050, Visc: V_0045, Quality: Q_P"
B2023-1665,1768323246.612141,32.6,42.77,0.2565,9.16,7.07,4.17,8.13,2,0,N_2040,T_4050,V_0045,WF_0515,PH_2,Q_P,"Speed: N_2040, Temp: T_4050, Visc: V_0045, Quality: Q_P"
B2023-1666,1768323306.612141,41.9,54.97,0.2467,11.11,8.34,3.96,5.91,2,0,N_4060,T_5060,V_0045,WF_0515,PH_2,Q_P,"Speed: N_4060, Temp: T_5060, Visc: V_0045, Quality: Q_P"
B2023-1667,1768323366.612141,40.15,53.87,0.3132,7.97,6.3,6.54,4.79,2,0,N_4060,T_5060,V_0045,WF_0515,PH_2,Q_P,"Speed: N_4060, Temp: T_5060, Visc: V_0045, Quality: Q_P"
B2023-1668,1768323426.612141,29.1,8.54,0.4601,7.75,8.84,4.1,5.01,2,1,N_2040,T_010,V_4550,WF_0515,PH_2,Q_F,"Speed: N_2040, Temp: T_010, Visc: V_4550, Quality: Q_F"
B2023-1669,1768323486.612141,65.89,49.88,0.3062,2.29,3.79,5.54,4.17,2,1,N_6080,T_4050,V_0045,WF_0005,PH_2,Q_F,"Speed: N_6080, Temp: T_4050, Visc: V_0045, Quality: Q_F"
B2023-1670,1768323546.612141,24.48,10.21,0.4973,7.69,8.58,5.51,4.79,2,1,N_2040,T_1020,V_4550,WF_0515,PH_2,Q_F,"Speed: N_2040, Temp: T_1020, Visc: V_4550, Quality: Q_F"
B2023-1671,1768323606.612141,30.1,41.92,0.2009,11.75,5.98,6.27,8.67,2,0,N_2040,T_4050,V_0045,WF_0515,PH_2,Q_P,"Speed: N_2040, Temp: T_4050, Visc: V_0045, Quality: Q_P"
B2023-1672,1768323666.612141,42.9,47.78,0.2078,12.08,3.84,4.09,8.18,2,0,N_4060,T_4050,V_0045,WF_0515,PH_2,Q_P,"Speed: N_4060, Temp: T_4050, Visc: V_0045, Quality: Q_P"
B2023-1673,1768323726.612141,35.76,42.74,0.2493,13.96,8.9,3.54,7.15,2,0,N_2040,T_4050,V_0045,WF_0515,PH_2,Q_P,"Speed: N_2040, Temp: T_4050, Visc: V_0045, Quality: Q_P"
B2023-1674,1768323786.612141,23.41,23.25,0.1018,12.95,7.62,7.55,8.56,1,0,N_2040,T_2030,V_0045,WF_0515,PH_1,Q_P,"Speed: N_2040, Temp: T_2030, Visc: V_0045, Quality: Q_P"
B2023-1675,1768323846.612141,32.81,52.96,0.3582,7.31,6.73,3.69,5.81,2,0,N_2040,T_5060,V_0045,WF_0515,PH_2,Q_P,"Speed: N_2040, Temp: T_5060, Visc: V_0045, Quality: Q_P"
B2023-1676,1768323906.612141,46.19,41.94,0.3272,8.57,5.09,8.18,4.26,2,0,N_4060,T_4050,V_0045,WF_0515,PH_2,Q_P,"Speed: N_4060, Temp: T_4050, Visc: V_0045, Quality: Q_P"
B2023-1677,1768323966.612141,23.01,22.58,0.2053,9.33,5.02,7.64,5.11,1,0,N_2040,T_2030,V_0045,WF_0515,PH_1,Q_P,"Speed: N_2040, Temp: T_2030, Visc: V_0045, Quality: Q_P"
B2023-1678,1768324026.612141,40.32,50.83,0.2801,13.07,3.53,7.69,5.45,2,0,N_4060,T_5060,V_0045,WF_0515,PH_2,Q_P,"Speed: N_4060, Temp: T_5060, Visc: V_0045, Quality: Q_P"
B2023-1679,1768324086.612141,32.32,35.03,0.282,6.39,6.14,5.78,8.22,1,0,N_2040,T_3040,V_0045,WF_0515,PH_1,Q_P,"Speed: N_2040, Temp: T_3040, Visc: V_0045, Quality: Q_P"
B2023-1680,1768324146.612141,21.08,35.23,0.156,8.74,3.71,6.41,8.22,1,0,N_2040,T_3040,V_0045,WF_0515,PH_1,Q_P,"Speed: N_2040, Temp: T_3040, Visc: V_0045, Quality: Q_P"
B2023-1681,1768324206.612141,38.85,50.23,0.2139,11.13,5.82,8.03,5.57,2,0,N_2040,T_5060,V_0045,WF_0515,PH_2,Q_P,"Speed: N_2040, Temp: T_5060, Visc: V_0045, Quality: Q_P"
B2023-1682,1768324266.612141,77.88,53.37,0.1477,4.27,4.35,5.55,4.47,2,1,N_6080,T_5060,V_0045,WF_0005,PH_2,Q_F,"Speed: N_6080, Temp: T_5060, Visc: V_0045, Quality: Q_F"
B2023-1683,1768324326.612141,30.98,53.82,0.3364,9.81,7.38,3.72,6.64,2,0,N_2040,T_5060,V_0045,WF_0515,PH_2,Q_P,"Speed: N_2040, Temp: T_5060, Visc: V_0045, Quality: Q_P"
B2023-1684,1768324386.612141,41.18,47.0,0.2419,11.68,3.22,8.83,8.21,2,0,N_4060,T_4050,V_0045,WF_0515,PH_2,Q_P,"Speed: N_4060, Temp: T_4050, Visc: V_0045, Quality: Q_P"
B2023-1685,1768324446.612141,31.94,35.16,0.2376,10.88,8.84,3.68,8.7,1,0,N_2040,T_3040,V_0045,WF_0515,PH_1,Q_P,"Speed: N_2040, Temp: T_3040, Visc: V_0045, Quality: Q_P"
B2023-1686,1768324506.612141,40.0,43.21,0.2781,5.27,7.26,6.57,6.82,2,0,N_4060,T_4050,V_0045,WF_0515,PH_2,Q_P,"Speed: N_4060, Temp: T_4050, Visc: V_0045, Quality: Q_P"
B2023-1687,1768324566.612141,37.54,35.08,0.1927,10.21,2.62,4.89,5.43,1,0,N_2040,T_3040,V_0045,WF_0515,PH_1,Q_P,"Speed: N_2040, Temp: T_3040, Visc: V_0045, Quality: Q_P"
B2023-1688,1768324626.612141,29.38,24.41,0.103,8.83,2.93,8.84,4.65,1,0,N_2040,T_2030,V_0045,WF_0515,PH_1,Q_P,"Speed: N_2040, Temp: T_2030, Visc: V_0045, Quality: Q_P"
B2023-1689,1768324686.612141,31.12,21.27,0.2378,5.85,2.34,8.04,6.37,1,0,N_2040,T_2030,V_0045,WF_0515,PH_1,Q_P,"Speed: N_2040, Temp: T_2030, Visc: V_0045, Quality: Q_P"
B2023-1690,1768324746.612141,68.68,31.44,0.2015,0.31,7.64,3.59,6.66,1,1,N_6080,T_3040,V_0045,WF_0005,PH_1,Q_F,"Speed: N_6080, Temp: T_3040, Visc: V_0045, Quality: Q_F"
B2023-1691,1768324806.612141,70.08,50.05,0.285,2.22,3.51,7.12,7.84,1,1,N_6080,T_5060,V_0045,WF_0005,PH_1,Q_F,"Speed: N_6080, Temp: T_5060, Visc: V_0045, Quality: Q_F"
B2023-1692,1768324866.612141,27.78,35.76,0.1653,12.92,7.04,6.04,4.94,1,0,N_2040,T_3040,V_0045,WF_0515,PH_1,Q_P,"Speed: N_2040, Temp: T_3040, Visc: V_0045, Quality: Q_P"
B2023-1693,1768324926.612141,21.9,25.68,0.2785,5.68,5.18,3.85,7.21,1,0,N_2040,T_2030,V_0045,WF_0515,PH_1,Q_P,"Speed: N_2040, Temp: T_2030, Visc: V_0045, Quality: Q_P"
B2023-1694,1768324986.612141,38.91,26.09,0.1507,6.63,3.13,3.24,8.95,1,0,N_2040,T_2030,V_0045,WF_0515,PH_1,Q_P,"Speed: N_2040, Temp: T_2030, Visc: V_0045, Quality: Q_P"
B2023-1695,1768325046.612141,44.84,46.45,0.2373,5.94,4.78,3.74,7.81,2,0,N_4060,T_4050,V_0045,WF_0515,PH_2,Q_P,"Speed: N_4060, Temp: T_4050, Visc: V_0045, Quality: Q_P"
B2023-1696,1768325106.612141,20.96,34.33,0.2438,9.56,7.52,8.8,7.71,1,0,N_2040,T_3040,V_0045,WF_0515,PH_1,Q_P,"Speed: N_2040, Temp: T_3040, Visc: V_0045, Quality: Q_P"
B2023-1697,1768325166.612141,27.3,36.24,0.1232,10.85,5.75,7.09,7.55,1,0,N_2040,T_3040,V_0045,WF_0515,PH_1,Q_P,"Speed: N_2040, Temp: T_3040, Visc: V_0045, Quality: Q_P"
B2023-1698,1768325226.612141,35.78,46.06,0.2239,11.19,4.95,6.77,8.22,2,0,N_2040,T_4050,V_0045,WF_0515,PH_2,Q_P,"Speed: N_2040, Temp: T_4050, Visc: V_0045, Quality: Q_P"
B2023-1699,1768325286.612141,35.31,48.2,0.203,5.37,3.07,3.47,5.34,2,0,N_2040,T_4050,V_0045,WF_0515,PH_2,Q_P,"Speed: N_2040, Temp: T_4050, Visc: V_0045, Quality: Q_P"
B2023-1700,1768325346.612141,72.3,46.85,0.296,3.18,6.81,3.11,6.92,2,1,N_6080,T_4050,V_0045,WF_0005,PH_2,Q_F,"Speed: N_6080, Temp: T_4050, Visc: V_0045, Quality: Q_F"
B2023-1701,1768325406.612141,43.9,47.48,0.277,5.88,5.24,8.14,7.14,2,0,N_4060,T_4050,V_0045,WF_0515,PH_2,Q_P,"Speed: N_4060, Temp: T_4050, Visc: V_0045, Quality: Q_P"
B2023-1702,1768325466.612141,39.15,53.29,0.3975,6.49,8.89,3.21,6.74,2,0,N_2040,T_5060,V_0045,WF_0515,PH_2,Q_P,"Speed: N_2040, Temp: T_5060, Visc: V_0045, Quality: Q_P"
B2023-1703,1768325526.612141,27.97,23.36,0.1418,8.1,2.54,8.05,5.25,1,0,N_2040,T_2030,V_0045,WF_0515,PH_1,Q_P,"Speed: N_2040, Temp: T_2030, Visc: V_0045, Quality: Q_P"
B2023-1704,1768325586.612141,78.46,50.59,0.1017,2.59,6.03,4.86,4.2,1,1,N_6080,T_5060,V_0045,WF_0005,PH_1,Q_F,"Speed: N_6080, Temp: T_5060, Visc: V_0045, Quality: Q_F"
B2023-1705,1768325646.612141,30.31,20.4,0.196,11.87,7.02,7.97,5.57,1,0,N_2040,T_2030,V_0045,WF_0515,PH_1,Q_P,"Speed: N_2040, Temp: T_2030, Visc: V_0045, Quality: Q_P"
B2023-1706,1768325706.612141,34.81,35.99,0.1333,9.03,7.49,7.57,4.57,1,0,N_2040,T_3040,V_0045,WF_0515,PH_1,Q_P,"Speed: N_2040, Temp: T_3040, Visc: V_0045, Quality: Q_P"
B2023-1707,1768325766.612141,31.97,53.94,0.2657,11.85,4.46,8.58,4.76,2,0,N_2040,T_5060,V_0045,WF_0515,PH_2,Q_P,"Speed: N_2040, Temp: T_5060, Visc: V_0045, Quality: Q_P"
B2023-1708,1768325826.612141,33.07,45.68,0.2014,13.52,5.76,5.89,4.76,2,0,N_2040,T_4050,V_0045,WF_0515,PH_2,Q_P,"Speed: N_2040, Temp: T_4050, Visc: V_0045, Quality: Q_P"
B2023-1709,1768325886.612141,41.51,46.19,0.3108,6.05,6.53,6.63,6.9,2,0,N_4060,T_4050,V_0045,WF_0515,PH_2,Q_P,"Speed: N_4060, Temp: T_4050, Visc: V_0045, Quality: Q_P"
B2023-1710,1768325946.612141,19.27,10.46,0.4618,6.97,3.44,5.35,4.36,2,1,N_0020,T_1020,V_4550,WF_0515,PH_2,Q_F,"Speed: N_0020, Temp: T_1020, Visc: V_4550, Quality: Q_F"
B2023-1711,1768326006.612141,24.74,32.89,0.171,7.48,3.3,3.01,8.68,1,0,N_2040,T_3040,V_0045,WF_0515,PH_1,Q_P,"Speed: N_2040, Temp: T_3040, Visc: V_0045, Quality: Q_P"
B2023-1712,1768326066.612141,22.99,31.86,0.1762,7.91,8.2,8.23,6.02,1,0,N_2040,T_3040,V_0045,WF_0515,PH_1,Q_P,"Speed: N_2040, Temp: T_3040, Visc: V_0045, Quality: Q_P"
B2023-1713,1768326126.612141,37.08,54.45,0.2661,5.67,6.88,8.63,6.88,2,0,N_2040,T_5060,V_0045,WF_0515,PH_2,Q_P,"Speed: N_2040, Temp: T_5060, Visc: V_0045, Quality: Q_P"
B2023-1714,1768326186.612141,30.43,38.83,0.227,7.18,7.59,4.09,5.13,1,0,N_2040,T_3040,V_0045,WF_0515,PH_1,Q_P,"Speed: N_2040, Temp: T_3040, Visc: V_0045, Quality: Q_P"
B2023-1715,1768326246.612141,32.68,49.0,0.3117,12.22,8.1,8.57,5.43,2,0,N_2040,T_4050,V_0045,WF_0515,PH_2,Q_P,"Speed: N_2040, Temp: T_4050, Visc: V_0045, Quality: Q_P"
B2023-1716,1768326306.612141,28.23,20.87,0.1644,5.94,6.14,8.24,4.86,1,0,N_2040,T_2030,V_0045,WF_0515,PH_1,Q_P,"Speed: N_2040, Temp: T_2030, Visc: V_0045, Quality: Q_P"
B2023-1717,1768326366.612141,39.59,39.02,0.135,13.09,2.81,5.61,5.2,1,0,N_2040,T_3040,V_0045,WF_0515,PH_1,Q_P,"Speed: N_2040, Temp: T_3040, Visc: V_0045, Quality: Q_P"
B2023-1718,1768326426.612141,32.35,53.13,0.3066,6.4,3.98,4.94,6.35,2,0,N_2040,T_5060,V_0045,WF_0515,PH_2,Q_P,"Speed: N_2040, Temp: T_5060, Visc: V_0045, Quality: Q_P"
B2023-1719,1768326486.612141,31.4,26.03,0.2427,6.25,7.75,3.07,4.36,1,0,N_2040,T_2030,V_0045,WF_0515,PH_1,Q_P,"Speed: N_2040, Temp: T_2030, Visc: V_0045, Quality: Q_P"
B2023-1720,1768326546.612141,36.42,54.64,0.3709,13.78,2.75,8.15,4.84,2,0,N_2040,T_5060,V_0045,WF_0515,PH_2,Q_P,"Speed: N_2040, Temp: T_5060, Visc: V_0045, Quality: Q_P"
B2023-1721,1768326606.612141,35.41,33.84,0.2083,6.75,4.87,8.66,6.1,1,0,N_2040,T_3040,V_0045,WF_0515,PH_1,Q_P,"Speed: N_2040, Temp: T_3040, Visc: V_0045, Quality: Q_P"
B2023-1722,1768326666.612141,33.47,22.85,0.1467,8.2,4.43,7.49,6.34,1,0,N_2040,T_2030,V_0045,WF_0515,PH_1,Q_P,"Speed: N_2040, Temp: T_2030, Visc: V_0045, Quality: Q_P"
B2023-1723,1768326726.612141,39.93,44.22,0.3796,13.59,3.81,4.19,8.74,2,0,N_2040,T_4050,V_0045,WF_0515,PH_2,Q_P,"Speed: N_2040, Temp: T_4050, Visc: V_0045, Quality: Q_P"
B2023-1724,1768326786.612141,23.8,21.71,0.1792,10.8,8.42,7.7,5.61,1,0,N_2040,T_2030,V_0045,WF_0515,PH_1,Q_P,"Speed: N_2040, Temp: T_2030, Visc: V_0045, Quality: Q_P"
B2023-1725,1768326846.612141,38.11,53.57,0.3672,10.05,7.21,5.3,8.32,2,0,N_2040,T_5060,V_0045,WF_0515,PH_2,Q_P,"Speed: N_2040, Temp: T_5060, Visc: V_0045, Quality: Q_P"
B2023-1726,1768326906.612141,49.6,49.96,0.327,12.93,6.29,3.81,5.48,2,0,N_4060,T_4050,V_0045,WF_0515,PH_2,Q_P,"Speed: N_4060, Temp: T_4050, Visc: V_0045, Quality: Q_P"
B2023-1727,1768326966.612141,43.87,45.89,0.2961,11.55,8.37,6.24,7.37,2,0,N_4060,T_4050,V_0045,WF_0515,PH_2,Q_P,"Speed: N_4060, Temp: T_4050, Visc: V_0045, Quality: Q_P"
B2023-1728,1768327026.612141,66.9,59.03,0.3416,0.99,3.62,4.13,4.41,2,1,N_6080,T_5060,V_0045,WF_0005,PH_2,Q_F,"Speed: N_6080, Temp: T_5060, Visc: V_0045, Quality: Q_F"
B2023-1729,1768327086.612141,34.12,40.3,0.2383,6.82,6.22,8.15,4.37,2,0,N_2040,T_4050,V_0045,WF_0515,PH_2,Q_P,"Speed: N_2040, Temp: T_4050, Visc: V_0045, Quality: Q_P"
B2023-1730,1768327146.612141,49.78,40.46,0.3378,6.96,5.48,3.11,5.89,2,0,N_4060,T_4050,V_0045,WF_0515,PH_2,Q_P,"Speed: N_4060, Temp: T_4050, Visc: V_0045, Quality: Q_P"
B2023-1731,1768327206.612141,45.75,41.7,0.3052,12.62,4.6,4.81,4.7,2,0,N_4060,T_4050,V_0045,WF_0515,PH_2,Q_P,"Speed: N_4060, Temp: T_4050, Visc: V_0045, Quality: Q_P"
B2023-1732,1768327266.612141,32.95,29.02,0.2542,11.61,6.44,4.05,6.86,1,0,N_2040,T_2030,V_0045,WF_0515,PH_1,Q_P,"Speed: N_2040, Temp: T_2030, Visc: V_0045, Quality: Q_P"
B2023-1733,1768327326.612141,11.25,7.76,0.4833,4.07,8.47,3.54,8.0,2,1,N_0020,T_010,V_4550,WF_0005,PH_2,Q_F,"Speed: N_0020, Temp: T_010, Visc: V_4550, Quality: Q_F"
B2023-1734,1768327386.612141,46.83,45.46,0.3629,9.28,4.27,3.33,6.42,2,0,N_4060,T_4050,V_0045,WF_0515,PH_2,Q_P,"Speed: N_4060, Temp: T_4050, Visc: V_0045, Quality: Q_P"
B2023-1735,1768327446.612141,36.87,49.63,0.2,6.08,6.67,6.66,4.61,2,0,N_2040,T_4050,V_0045,WF_0515,PH_2,Q_P,"Speed: N_2040, Temp: T_4050, Visc: V_0045, Quality: Q_P"
B2023-1736,1768327506.612141,31.58,50.46,0.3078,11.48,3.69,7.49,8.69,2,0,N_2040,T_5060,V_0045,WF_0515,PH_2,Q_P,"Speed: N_2040, Temp: T_5060, Visc: V_0045, Quality: Q_P"
B2023-1737,1768327566.612141,26.6,27.54,0.2177,11.72,4.92,8.94,7.62,1,0,N_2040,T_2030,V_0045,WF_0515,PH_1,Q_P,"Speed: N_2040, Temp: T_2030, Visc: V_0045, Quality: Q_P"
B2023-1738,1768327626.612141,29.75,31.07,0.1069,10.76,4.83,3.69,4.19,1,0,N_2040,T_3040,V_0045,WF_0515,PH_1,Q_P,"Speed: N_2040, Temp: T_3040, Visc: V_0045, Quality: Q_P"
B2023-1739,1768327686.612141,27.87,21.13,0.4695,12.89,6.58,4.22,4.37,2,1,N_2040,T_2030,V_4550,WF_0515,PH_2,Q_F,"Speed: N_2040, Temp: T_2030, Visc: V_4550, Quality: Q_F"
B2023-1740,1768327746.612141,41.27,45.05,0.3065,10.17,8.79,6.18,6.96,2,0,N_4060,T_4050,V_0045,WF_0515,PH_2,Q_P,"Speed: N_4060, Temp: T_4050, Visc: V_0045, Quality: Q_P"
B2023-1741,1768327806.612141,35.3,50.59,0.3475,7.37,8.18,7.13,6.58,2,0,N_2040,T_5060,V_0045,WF_0515,PH_2,Q_P,"Speed: N_2040, Temp: T_5060, Visc: V_0045, Quality: Q_P"
B2023-1742,1768327866.612141,10.08,6.38,0.4839,2.91,4.67,5.43,5.06,2,1,N_0020,T_010,V_4550,WF_0005,PH_2,Q_F,"Speed: N_0020, Temp: T_010, Visc: V_4550, Quality: Q_F"
B2023-1743,1768327926.612141,34.12,48.24,0.3876,13.98,2.58,8.59,8.55,2,0,N_2040,T_4050,V_0045,WF_0515,PH_2,Q_P,"Speed: N_2040, Temp: T_4050, Visc: V_0045, Quality: Q_P"
B2023-1744,1768327986.612141,69.08,41.78,0.36,4.25,3.47,8.24,8.84,2,1,N_6080,T_4050,V_0045,WF_0005,PH_2,Q_F,"Speed: N_6080, Temp: T_4050, Visc: V_0045, Quality: Q_F"
B2023-1745,1768328046.612141,30.74,25.27,0.1998,7.07,2.05,5.12,5.83,1,0,N_2040,T_2030,V_0045,WF_0515,PH_1,Q_P,"Speed: N_2040, Temp: T_2030, Visc: V_0045, Quality: Q_P"
B2023-1746,1768328106.612141,49.87,47.22,0.3781,7.79,7.26,6.86,6.89,2,0,N_4060,T_4050,V_0045,WF_0515,PH_2,Q_P,"Speed: N_4060, Temp: T_4050, Visc: V_0045, Quality: Q_P"
B2023-1747,1768328166.612141,30.28,20.62,0.2245,9.35,5.82,5.14,8.85,1,0,N_2040,T_2030,V_0045,WF_0515,PH_1,Q_P,"Speed: N_2040, Temp: T_2030, Visc: V_0045, Quality: Q_P"
B2023-1748,1768328226.612141,39.41,32.49,0.229,5.44,7.05,6.74,7.8,1,0,N_2040,T_3040,V_0045,WF_0515,PH_1,Q_P,"Speed: N_2040, Temp: T_3040, Visc: V_0045, Quality: Q_P"
B2023-1749,1768328286.612141,23.9,39.57,0.2935,9.11,4.6,5.1,5.14,1,0,N_2040,T_3040,V_0045,WF_0515,PH_1,Q_P,"Speed: N_2040, Temp: T_3040, Visc: V_0045, Quality: Q_P"
B2023-1750,1768328346.612141,29.68,24.56,0.498,10.8,3.61,3.05,5.77,1,1,N_2040,T_2030,V_4550,WF_0515,PH_1,Q_F,"Speed: N_2040, Temp: T_2030, Visc: V_4550, Quality: Q_F"
B2023-1751,1768328406.612141,32.34,54.02,0.2043,6.2,8.67,8.62,6.28,2,0,N_2040,T_5060,V_0045,WF_0515,PH_2,Q_P,"Speed: N_2040, Temp: T_5060, Visc: V_0045, Quality: Q_P"
B2023-1752,1768328466.612141,30.72,27.68,0.1394,13.45,5.05,8.48,4.45,1,0,N_2040,T_2030,V_0045,WF_0515,PH_1,Q_P,"Speed: N_2040, Temp: T_2030, Visc: V_0045, Quality: Q_P"
B2023-1753,1768328526.612141,22.32,22.23,0.2201,5.44,5.75,3.84,7.42,1,0,N_2040,T_2030,V_0045,WF_0515,PH_1,Q_P,"Speed: N_2040, Temp: T_2030, Visc: V_0045, Quality: Q_P"
B2023-1754,1768328586.612141,74.14,31.94,0.1006,4.65,5.01,5.47,4.33,1,1,N_6080,T_3040,V_0045,WF_0005,PH_1,Q_F,"Speed: N_6080, Temp: T_3040, Visc: V_0045, Quality: Q_F"
B2023-1755,1768328646.612141,28.95,35.15,0.1714,10.96,8.63,5.98,6.75,1,0,N_2040,T_3040,V_0045,WF_0515,PH_1,Q_P,"Speed: N_2040, Temp: T_3040, Visc: V_0045, Quality: Q_P"
B2023-1756,1768328706.612141,38.04,25.94,0.2204,8.53,4.79,5.87,4.02,1,0,N_2040,T_2030,V_0045,WF_0515,PH_1,Q_P,"Speed: N_2040, Temp: T_2030, Visc: V_0045, Quality: Q_P"
B2023-1757,1768328766.612141,30.79,26.61,0.1651,10.12,6.94,4.91,6.55,1,0,N_2040,T_2030,V_0045,WF_0515,PH_1,Q_P,"Speed: N_2040, Temp: T_2030, Visc: V_0045, Quality: Q_P"
B2023-1758,1768328826.612141,38.11,45.53,0.2887,7.71,2.78,8.15,8.88,2,0,N_2040,T_4050,V_0045,WF_0515,PH_2,Q_P,"Speed: N_2040, Temp: T_4050, Visc: V_0045, Quality: Q_P"
B2023-1759,1768328886.612141,33.08,41.05,0.2743,11.65,3.12,6.8,4.87,2,0,N_2040,T_4050,V_0045,WF_0515,PH_2,Q_P,"Speed: N_2040, Temp: T_4050, Visc: V_0045, Quality: Q_P"
B2023-1760,1768328946.612141,43.65,48.62,0.2082,13.27,8.13,5.92,6.47,2,0,N_4060,T_4050,V_0045,WF_0515,PH_2,Q_P,"Speed: N_4060, Temp: T_4050, Visc: V_0045, Quality: Q_P"
B2023-1761,1768329006.612141,30.88,21.49,0.1871,7.16,4.81,4.28,8.69,1,0,N_2040,T_2030,V_0045,WF_0515,PH_1,Q_P,"Speed: N_2040, Temp: T_2030, Visc: V_0045, Quality: Q_P"
B2023-1762,1768329066.612141,34.71,46.24,0.3994,7.45,6.61,4.41,4.78,2,0,N_2040,T_4050,V_0045,WF_0515,PH_2,Q_P,"Speed: N_2040, Temp: T_4050, Visc: V_0045, Quality: Q_P"
B2023-1763,1768329126.612141,18.07,19.56,0.4959,13.1,8.24,6.31,8.25,1,1,N_0020,T_1020,V_4550,WF_0515,PH_1,Q_F,"Speed: N_0020, Temp: T_1020, Visc: V_4550, Quality: Q_F"
B2023-1764,1768329186.612141,76.19,42.48,0.2912,0.11,6.9,5.64,7.61,2,1,N_6080,T_4050,V_0045,WF_0005,PH_2,Q_F,"Speed: N_6080, Temp: T_4050, Visc: V_0045, Quality: Q_F"
B2023-1765,1768329246.612141,49.05,53.62,0.3671,6.51,6.44,6.8,8.31,2,0,N_4060,T_5060,V_0045,WF_0515,PH_2,Q_P,"Speed: N_4060, Temp: T_5060, Visc: V_0045, Quality: Q_P"
B2023-1766,1768329306.612141,31.34,31.16,0.221,12.91,8.21,4.12,4.67,1,0,N_2040,T_3040,V_0045,WF_0515,PH_1,Q_P,"Speed: N_2040, Temp: T_3040, Visc: V_0045, Quality: Q_P"
B2023-1767,1768329366.612141,30.96,21.77,0.1509,12.12,3.53,4.79,8.88,1,0,N_2040,T_2030,V_0045,WF_0515,PH_1,Q_P,"Speed: N_2040, Temp: T_2030, Visc: V_0045, Quality: Q_P"
B2023-1768,1768329426.612141,31.06,28.39,0.2867,12.35,5.69,7.18,5.07,1,0,N_2040,T_2030,V_0045,WF_0515,PH_1,Q_P,"Speed: N_2040, Temp: T_2030, Visc: V_0045, Quality: Q_P"
B2023-1769,1768329486.612141,36.67,54.29,0.3449,5.34,6.48,4.2,8.92,2,0,N_2040,T_5060,V_0045,WF_0515,PH_2,Q_P,"Speed: N_2040, Temp: T_5060, Visc: V_0045, Quality: Q_P"
B2023-1770,1768329546.612141,20.91,21.97,0.1092,7.16,8.45,7.04,5.38,1,0,N_2040,T_2030,V_0045,WF_0515,PH_1,Q_P,"Speed: N_2040, Temp: T_2030, Visc: V_0045, Quality: Q_P"
B2023-1771,1768329606.612141,39.2,45.54,0.3618,8.36,2.54,3.29,4.18,2,0,N_2040,T_4050,V_0045,WF_0515,PH_2,Q_P,"Speed: N_2040, Temp: T_4050, Visc: V_0045, Quality: Q_P"
B2023-1772,1768329666.612141,38.85,29.98,0.1749,11.99,4.11,6.87,8.28,1,0,N_2040,T_2030,V_0045,WF_0515,PH_1,Q_P,"Speed: N_2040, Temp: T_2030, Visc: V_0045, Quality: Q_P"
B2023-1773,1768329726.612141,36.43,26.44,0.2811,5.1,6.5,7.87,5.85,1,0,N_2040,T_2030,V_0045,WF_0515,PH_1,Q_P,"Speed: N_2040, Temp: T_2030, Visc: V_0045, Quality: Q_P"
B2023-1774,1768329786.612141,32.77,21.69,0.2977,12.27,2.92,7.8,7.47,1,0,N_2040,T_2030,V_0045,WF_0515,PH_1,Q_P,"Speed: N_2040, Temp: T_2030, Visc: V_0045, Quality: Q_P"
B2023-1775,1768329846.612141,48.35,44.87,0.2737,9.09,4.88,4.95,8.87,2,0,N_4060,T_4050,V_0045,WF_0515,PH_2,Q_P,"Speed: N_4060, Temp: T_4050, Visc: V_0045, Quality: Q_P"
B2023-1776,1768329906.612141,44.84,45.0,0.2305,10.68,3.04,7.85,5.93,2,0,N_4060,T_4050,V_0045,WF_0515,PH_2,Q_P,"Speed: N_4060, Temp: T_4050, Visc: V_0045, Quality: Q_P"
B2023-1777,1768329966.612141,31.7,40.06,0.3881,13.4,6.26,8.89,6.89,2,0,N_2040,T_4050,V_0045,WF_0515,PH_2,Q_P,"Speed: N_2040, Temp: T_4050, Visc: V_0045, Quality: Q_P"
B2023-1778,1768330026.612141,24.43,18.43,0.4831,11.48,7.24,8.31,7.19,2,1,N_2040,T_1020,V_4550,WF_0515,PH_2,Q_F,"Speed: N_2040, Temp: T_1020, Visc: V_4550, Quality: Q_F"
B2023-1779,1768330086.612141,25.44,31.08,0.1909,5.26,6.13,8.33,4.25,1,0,N_2040,T_3040,V_0045,WF_0515,PH_1,Q_P,"Speed: N_2040, Temp: T_3040, Visc: V_0045, Quality: Q_P"
B2023-1780,1768330146.612141,26.9,15.36,0.4873,9.89,3.04,7.07,6.77,1,1,N_2040,T_1020,V_4550,WF_0515,PH_1,Q_F,"Speed: N_2040, Temp: T_1020, Visc: V_4550, Quality: Q_F"
B2023-1781,1768330206.612141,22.45,31.8,0.2637,11.78,8.1,7.6,6.57,1,0,N_2040,T_3040,V_0045,WF_0515,PH_1,Q_P,"Speed: N_2040, Temp: T_3040, Visc: V_0045, Quality: Q_P"
B2023-1782,1768330266.612141,75.86,41.45,0.1537,3.22,8.19,5.15,5.2,1,1,N_6080,T_4050,V_0045,WF_0005,PH_1,Q_F,"Speed: N_6080, Temp: T_4050, Visc: V_0045, Quality: Q_F"
B2023-1783,1768330326.612141,30.52,21.24,0.2061,7.1,3.59,5.06,7.42,1,0,N_2040,T_2030,V_0045,WF_0515,PH_1,Q_P,"Speed: N_2040, Temp: T_2030, Visc: V_0045, Quality: Q_P"
B2023-1784,1768330386.612141,35.32,48.58,0.3551,11.83,2.33,7.4,7.79,2,0,N_2040,T_4050,V_0045,WF_0515,PH_2,Q_P,"Speed: N_2040, Temp: T_4050, Visc: V_0045, Quality: Q_P"
B2023-1785,1768330446.612141,32.57,28.57,0.1113,6.3,5.55,6.07,5.21,1,0,N_2040,T_2030,V_0045,WF_0515,PH_1,Q_P,"Speed: N_2040, Temp: T_2030, Visc: V_0045, Quality: Q_P"
B2023-1786,1768330506.612141,71.33,32.46,0.1071,2.45,7.8,8.1,7.61,2,1,N_6080,T_3040,V_0045,WF_0005,PH_2,Q_F,"Speed: N_6080, Temp: T_3040, Visc: V_0045, Quality: Q_F"
B2023-1787,1768330566.612141,48.19,53.51,0.3689,11.36,3.21,4.43,7.28,2,0,N_4060,T_5060,V_0045,WF_0515,PH_2,Q_P,"Speed: N_4060, Temp: T_5060, Visc: V_0045, Quality: Q_P"
B2023-1788,1768330626.612141,42.68,40.63,0.2507,9.56,4.85,5.23,6.42,2,0,N_4060,T_4050,V_0045,WF_0515,PH_2,Q_P,"Speed: N_4060, Temp: T_4050, Visc: V_0045, Quality: Q_P"
B2023-1789,1768330686.612141,32.13,44.26,0.2858,10.82,5.94,3.73,6.66,2,0,N_2040,T_4050,V_0045,WF_0515,PH_2,Q_P,"Speed: N_2040, Temp: T_4050, Visc: V_0045, Quality: Q_P"
B2023-1790,1768330746.612141,48.16,53.97,0.3914,13.44,3.7,5.26,5.02,2,0,N_4060,T_5060,V_0045,WF_0515,PH_2,Q_P,"Speed: N_4060, Temp: T_5060, Visc: V_0045, Quality: Q_P"
B2023-1791,1768330806.612141,26.88,12.52,0.4946,7.55,8.62,7.24,4.76,2,1,N_2040,T_1020,V_4550,WF_0515,PH_2,Q_F,"Speed: N_2040, Temp: T_1020, Visc: V_4550, Quality: Q_F"
B2023-1792,1768330866.612141,34.59,42.06,0.3527,8.9,4.01,5.28,5.18,2,0,N_2040,T_4050,V_0045,WF_0515,PH_2,Q_P,"Speed: N_2040, Temp: T_4050, Visc: V_0045, Quality: Q_P"
B2023-1793,1768330926.612141,25.61,22.12,0.1543,12.03,8.56,8.17,5.48,1,0,N_2040,T_2030,V_0045,WF_0515,PH_1,Q_P,"Speed: N_2040, Temp: T_2030, Visc: V_0045, Quality: Q_P"
B2023-1794,1768330986.612141,45.37,52.55,0.2321,7.43,2.1,8.03,7.13,2,0,N_4060,T_5060,V_0045,WF_0515,PH_2,Q_P,"Speed: N_4060, Temp: T_5060, Visc: V_0045, Quality: Q_P"
B2023-1795,1768331046.612141,36.55,45.23,0.2994,8.02,5.88,7.89,8.0,2,0,N_2040,T_4050,V_0045,WF_0515,PH_2,Q_P,"Speed: N_2040, Temp: T_4050, Visc: V_0045, Quality: Q_P"
B2023-1796,1768331106.612141,30.74,44.5,0.2709,5.38,3.18,8.12,5.88,2,0,N_2040,T_4050,V_0045,WF_0515,PH_2,Q_P,"Speed: N_2040, Temp: T_4050, Visc: V_0045, Quality: Q_P"
B2023-1797,1768331166.612141,26.4,13.21,0.4923,12.68,8.29,8.09,4.41,1,1,N_2040,T_1020,V_4550,WF_0515,PH_1,Q_F,"Speed: N_2040, Temp: T_1020, Visc: V_4550, Quality: Q_F"
B2023-1798,1768331226.612141,26.51,38.84,0.2352,9.4,4.98,5.16,4.48,1,0,N_2040,T_3040,V_0045,WF_0515,PH_1,Q_P,"Speed: N_2040, Temp: T_3040, Visc: V_0045, Quality: Q_P"
B2023-1799,1768331286.612141,21.09,39.03,0.124,8.54,4.64,6.16,8.48,1,0,N_2040,T_3040,V_0045,WF_0515,PH_1,Q_P,"Speed: N_2040, Temp: T_3040, Visc: V_0045, Quality: Q_P"
B2023-1800,1768331346.612141,39.28,27.33,0.2124,5.32,4.14,5.6,7.75,1,0,N_2040,T_2030,V_0045,WF_0515,PH_1,Q_P,"Speed: N_2040, Temp: T_2030, Visc: V_0045, Quality: Q_P"
B2023-1801,1768331406.612141,23.23,29.33,0.1916,5.91,6.18,6.27,7.25,1,0,N_2040,T_2030,V_0045,WF_0515,PH_1,Q_P,"Speed: N_2040, Temp: T_2030, Visc: V_0045, Quality: Q_P"
B2023-1802,1768331466.612141,38.73,21.27,0.1781,8.12,6.72,5.24,5.12,1,0,N_2040,T_2030,V_0045,WF_0515,PH_1,Q_P,"Speed: N_2040, Temp: T_2030, Visc: V_0045, Quality: Q_P"
B2023-1803,1768331526.612141,26.06,22.6,0.4934,11.33,5.15,7.63,7.07,2,1,N_2040,T_2030,V_4550,WF_0515,PH_2,Q_F,"Speed: N_2040, Temp: T_2030, Visc: V_4550, Quality: Q_F"
B2023-1804,1768331586.612141,65.31,47.56,0.2424,3.56,8.52,6.92,5.46,2,1,N_6080,T_4050,V_0045,WF_0005,PH_2,Q_F,"Speed: N_6080, Temp: T_4050, Visc: V_0045, Quality: Q_F"
B2023-1805,1768331646.612141,38.4,48.6,0.2667,13.66,5.88,7.48,8.49,2,0,N_2040,T_4050,V_0045,WF_0515,PH_2,Q_P,"Speed: N_2040, Temp: T_4050, Visc: V_0045, Quality: Q_P"
B2023-1806,1768331706.612141,35.46,43.95,0.2987,9.37,2.52,7.66,4.42,2,0,N_2040,T_4050,V_0045,WF_0515,PH_2,Q_P,"Speed: N_2040, Temp: T_4050, Visc: V_0045, Quality: Q_P"
B2023-1807,1768331766.612141,10.34,5.8,0.4674,8.69,4.42,4.92,7.52,2,1,N_0020,T_010,V_4550,WF_0515,PH_2,Q_F,"Speed: N_0020, Temp: T_010, Visc: V_4550, Quality: Q_F"
B2023-1808,1768331826.612141,38.77,22.25,0.1756,5.9,3.05,6.9,7.37,1,0,N_2040,T_2030,V_0045,WF_0515,PH_1,Q_P,"Speed: N_2040, Temp: T_2030, Visc: V_0045, Quality: Q_P"
B2023-1809,1768331886.612141,10.78,15.02,0.477,3.26,4.47,8.79,5.84,1,1,N_0020,T_1020,V_4550,WF_0005,PH_1,Q_F,"Speed: N_0020, Temp: T_1020, Visc: V_4550, Quality: Q_F"
B2023-1810,1768331946.612141,31.98,29.61,0.2387,12.68,5.25,7.15,5.4,1,0,N_2040,T_2030,V_0045,WF_0515,PH_1,Q_P,"Speed: N_2040, Temp: T_2030, Visc: V_0045, Quality: Q_P"
B2023-1811,1768332006.612141,37.89,33.04,0.2521,9.4,8.84,3.78,6.39,1,0,N_2040,T_3040,V_0045,WF_0515,PH_1,Q_P,"Speed: N_2040, Temp: T_3040, Visc: V_0045, Quality: Q_P"
B2023-1812,1768332066.612141,75.87,35.51,0.1588,4.55,2.52,4.2,4.98,2,1,N_6080,T_3040,V_0045,WF_0005,PH_2,Q_F,"Speed: N_6080, Temp: T_3040, Visc: V_0045, Quality: Q_F"
B2023-1813,1768332126.612141,25.62,36.7,0.2974,6.47,3.42,3.77,7.87,1,0,N_2040,T_3040,V_0045,WF_0515,PH_1,Q_P,"Speed: N_2040, Temp: T_3040, Visc: V_0045, Quality: Q_P"
B2023-1814,1768332186.612141,37.5,33.4,0.2633,12.49,8.95,4.67,7.63,1,0,N_2040,T_3040,V_0045,WF_0515,PH_1,Q_P,"Speed: N_2040, Temp: T_3040, Visc: V_0045, Quality: Q_P"
B2023-1815,1768332246.612141,47.66,47.04,0.2948,9.25,4.03,8.49,6.84,2,0,N_4060,T_4050,V_0045,WF_0515,PH_2,Q_P,"Speed: N_4060, Temp: T_4050, Visc: V_0045, Quality: Q_P"
B2023-1816,1768332306.612141,46.1,47.49,0.333,10.89,4.17,5.41,7.16,2,0,N_4060,T_4050,V_0045,WF_0515,PH_2,Q_P,"Speed: N_4060, Temp: T_4050, Visc: V_0045, Quality: Q_P"
B2023-1817,1768332366.612141,13.85,23.97,0.4989,7.83,8.21,6.89,8.14,2,1,N_0020,T_2030,V_4550,WF_0515,PH_2,Q_F,"Speed: N_0020, Temp: T_2030, Visc: V_4550, Quality: Q_F"
B2023-1818,1768332426.612141,34.22,46.22,0.3171,13.28,5.06,4.56,8.77,2,0,N_2040,T_4050,V_0045,WF_0515,PH_2,Q_P,"Speed: N_2040, Temp: T_4050, Visc: V_0045, Quality: Q_P"
B2023-1819,1768332486.612141,69.7,35.58,0.2417,1.28,3.68,5.45,7.53,1,1,N_6080,T_3040,V_0045,WF_0005,PH_1,Q_F,"Speed: N_6080, Temp: T_3040, Visc: V_0045, Quality: Q_F"
B2023-1820,1768332546.612141,24.02,34.47,0.2274,13.01,3.84,7.65,6.64,1,0,N_2040,T_3040,V_0045,WF_0515,PH_1,Q_P,"Speed: N_2040, Temp: T_3040, Visc: V_0045, Quality: Q_P"
B2023-1821,1768332606.612141,21.63,25.43,0.1549,12.46,4.66,6.34,6.68,1,0,N_2040,T_2030,V_0045,WF_0515,PH_1,Q_P,"Speed: N_2040, Temp: T_2030, Visc: V_0045, Quality: Q_P"
B2023-1822,1768332666.612141,34.73,38.89,0.2264,11.75,5.74,4.48,6.05,1,0,N_2040,T_3040,V_0045,WF_0515,PH_1,Q_P,"Speed: N_2040, Temp: T_3040, Visc: V_0045, Quality: Q_P"
B2023-1823,1768332726.612141,31.89,54.88,0.2767,11.11,8.14,3.34,4.69,2,0,N_2040,T_5060,V_0045,WF_0515,PH_2,Q_P,"Speed: N_2040, Temp: T_5060, Visc: V_0045, Quality: Q_P"
B2023-1824,1768332786.612141,31.01,22.8,0.2476,13.01,3.17,3.94,6.94,1,0,N_2040,T_2030,V_0045,WF_0515,PH_1,Q_P,"Speed: N_2040, Temp: T_2030, Visc: V_0045, Quality: Q_P"
B2023-1825,1768332846.612141,45.62,46.94,0.3628,13.96,7.91,8.22,8.07,2,0,N_4060,T_4050,V_0045,WF_0515,PH_2,Q_P,"Speed: N_4060, Temp: T_4050, Visc: V_0045, Quality: Q_P"
B2023-1826,1768332906.612141,36.82,34.66,0.1095,5.12,7.04,7.18,6.4,1,0,N_2040,T_3040,V_0045,WF_0515,PH_1,Q_P,"Speed: N_2040, Temp: T_3040, Visc: V_0045, Quality: Q_P"
B2023-1827,1768332966.612141,33.18,34.57,0.1241,7.61,3.08,8.56,5.17,1,0,N_2040,T_3040,V_0045,WF_0515,PH_1,Q_P,"Speed: N_2040, Temp: T_3040, Visc: V_0045, Quality: Q_P"
B2023-1828,1768333026.612141,38.56,39.05,0.2366,7.35,6.42,5.15,6.54,1,0,N_2040,T_3040,V_0045,WF_0515,PH_1,Q_P,"Speed: N_2040, Temp: T_3040, Visc: V_0045, Quality: Q_P"
B2023-1829,1768333086.612141,30.41,47.79,0.2251,7.08,7.19,5.11,7.84,2,0,N_2040,T_4050,V_0045,WF_0515,PH_2,Q_P,"Speed: N_2040, Temp: T_4050, Visc: V_0045, Quality: Q_P"
B2023-1830,1768333146.612141,34.67,49.63,0.2171,7.25,6.4,7.4,7.1,2,0,N_2040,T_4050,V_0045,WF_0515,PH_2,Q_P,"Speed: N_2040, Temp: T_4050, Visc: V_0045, Quality: Q_P"
B2023-1831,1768333206.612141,29.3,23.14,0.4768,9.19,3.26,4.22,5.86,1,1,N_2040,T_2030,V_4550,WF_0515,PH_1,Q_F,"Speed: N_2040, Temp: T_2030, Visc: V_4550, Quality: Q_F"
B2023-1832,1768333266.612141,30.05,48.72,0.303,12.46,2.96,3.66,6.76,2,0,N_2040,T_4050,V_0045,WF_0515,PH_2,Q_P,"Speed: N_2040, Temp: T_4050, Visc: V_0045, Quality: Q_P"
B2023-1833,1768333326.612141,30.89,20.59,0.1404,5.23,7.79,7.65,5.96,1,0,N_2040,T_2030,V_0045,WF_0515,PH_1,Q_P,"Speed: N_2040, Temp: T_2030, Visc: V_0045, Quality: Q_P"
B2023-1834,1768333386.612141,22.16,28.09,0.1946,6.51,6.24,5.64,8.49,1,0,N_2040,T_2030,V_0045,WF_0515,PH_1,Q_P,"Speed: N_2040, Temp: T_2030, Visc: V_0045, Quality: Q_P"
B2023-1835,1768333446.612141,20.0,16.6,0.474,6.72,4.32,8.36,5.67,1,1,N_0020,T_1020,V_4550,WF_0515,PH_1,Q_F,"Speed: N_0020, Temp: T_1020, Visc: V_4550, Quality: Q_F"
B2023-1836,1768333506.612141,19.85,10.03,0.4629,8.35,3.52,5.5,6.8,2,1,N_0020,T_1020,V_4550,WF_0515,PH_2,Q_F,"Speed: N_0020, Temp: T_1020, Visc: V_4550, Quality: Q_F"
B2023-1837,1768333566.612141,27.91,21.42,0.4722,7.82,3.6,5.12,7.0,2,1,N_2040,T_2030,V_4550,WF_0515,PH_2,Q_F,"Speed: N_2040, Temp: T_2030, Visc: V_4550, Quality: Q_F"
B2023-1838,1768333626.612141,35.46,39.98,0.1152,7.63,4.98,5.0,8.98,1,0,N_2040,T_3040,V_0045,WF_0515,PH_1,Q_P,"Speed: N_2040, Temp: T_3040, Visc: V_0045, Quality: Q_P"
B2023-1839,1768333686.612141,31.1,24.85,0.1341,9.98,3.68,8.85,7.7,1,0,N_2040,T_2030,V_0045,WF_0515,PH_1,Q_P,"Speed: N_2040, Temp: T_2030, Visc: V_0045, Quality: Q_P"
B2023-1840,1768333746.612141,17.88,15.84,0.4686,13.97,5.86,6.71,4.27,2,1,N_0020,T_1020,V_4550,WF_0515,PH_2,Q_F,"Speed: N_0020, Temp: T_1020, Visc: V_4550, Quality: Q_F"
B2023-1841,1768333806.612141,26.21,28.39,0.2826,13.35,7.61,4.6,8.23,1,0,N_2040,T_2030,V_0045,WF_0515,PH_1,Q_P,"Speed: N_2040, Temp: T_2030, Visc: V_0045, Quality: Q_P"
B2023-1842,1768333866.612141,35.25,32.29,0.2839,13.77,3.29,4.89,8.12,1,0,N_2040,T_3040,V_0045,WF_0515,PH_1,Q_P,"Speed: N_2040, Temp: T_3040, Visc: V_0045, Quality: Q_P"
B2023-1843,1768333926.612141,66.68,39.58,0.314,2.33,2.38,5.75,4.13,2,1,N_6080,T_3040,V_0045,WF_0005,PH_2,Q_F,"Speed: N_6080, Temp: T_3040, Visc: V_0045, Quality: Q_F"
B2023-1844,1768333986.612141,71.42,40.47,0.162,3.28,4.56,8.85,6.72,2,1,N_6080,T_4050,V_0045,WF_0005,PH_2,Q_F,"Speed: N_6080, Temp: T_4050, Visc: V_0045, Quality: Q_F"
B2023-1845,1768334046.612141,68.32,39.08,0.1118,2.65,8.19,5.38,8.3,2,1,N_6080,T_3040,V_0045,WF_0005,PH_2,Q_F,"Speed: N_6080, Temp: T_3040, Visc: V_0045, Quality: Q_F"
B2023-1846,1768334106.612141,14.84,21.47,0.4894,1.47,3.27,7.6,8.56,1,1,N_0020,T_2030,V_4550,WF_0005,PH_1,Q_F,"Speed: N_0020, Temp: T_2030, Visc: V_4550, Quality: Q_F"
B2023-1847,1768334166.612141,14.87,6.7,0.4717,8.16,6.17,4.57,6.89,2,1,N_0020,T_010,V_4550,WF_0515,PH_2,Q_F,"Speed: N_0020, Temp: T_010, Visc: V_4550, Quality: Q_F"
B2023-1848,1768334226.612141,46.75,43.08,0.2754,13.63,8.87,7.68,6.6,2,0,N_4060,T_4050,V_0045,WF_0515,PH_2,Q_P,"Speed: N_4060, Temp: T_4050, Visc: V_0045, Quality: Q_P"
B2023-1849,1768334286.612141,32.91,31.24,0.2742,12.92,8.11,6.77,4.08,1,0,N_2040,T_3040,V_0045,WF_0515,PH_1,Q_P,"Speed: N_2040, Temp: T_3040, Visc: V_0045, Quality: Q_P"
B2023-1850,1768334346.612141,30.74,42.94,0.203,13.27,2.46,4.62,7.34,2,0,N_2040,T_4050,V_0045,WF_0515,PH_2,Q_P,"Speed: N_2040, Temp: T_4050, Visc: V_0045, Quality: Q_P"
B2023-1851,1768334406.612141,43.87,40.86,0.2183,11.5,8.51,7.97,5.54,2,0,N_4060,T_4050,V_0045,WF_0515,PH_2,Q_P,"Speed: N_4060, Temp: T_4050, Visc: V_0045, Quality: Q_P"
B2023-1852,1768334466.612141,28.2,9.41,0.4958,11.51,4.91,9.0,8.19,1,1,N_2040,T_010,V_4550,WF_0515,PH_1,Q_F,"Speed: N_2040, Temp: T_010, Visc: V_4550, Quality: Q_F"
B2023-1853,1768334526.612141,40.52,41.1,0.308,12.21,7.63,3.77,7.08,2,0,N_4060,T_4050,V_0045,WF_0515,PH_2,Q_P,"Speed: N_4060, Temp: T_4050, Visc: V_0045, Quality: Q_P"
B2023-1854,1768334586.612141,20.21,5.8,0.4678,5.32,7.67,8.45,8.09,2,1,N_2040,T_010,V_4550,WF_0515,PH_2,Q_F,"Speed: N_2040, Temp: T_010, Visc: V_4550, Quality: Q_F"
B2023-1855,1768334646.612141,39.78,27.16,0.1483,10.75,6.3,4.62,7.53,1,0,N_2040,T_2030,V_0045,WF_0515,PH_1,Q_P,"Speed: N_2040, Temp: T_2030, Visc: V_0045, Quality: Q_P"
B2023-1856,1768334706.612141,31.56,46.79,0.3409,9.58,4.5,6.17,5.42,2,0,N_2040,T_4050,V_0045,WF_0515,PH_2,Q_P,"Speed: N_2040, Temp: T_4050, Visc: V_0045, Quality: Q_P"
B2023-1857,1768334766.612141,26.21,8.48,0.4763,13.4,8.03,3.6,7.69,1,1,N_2040,T_010,V_4550,WF_0515,PH_1,Q_F,"Speed: N_2040, Temp: T_010, Visc: V_4550, Quality: Q_F"
B2023-1858,1768334826.612141,36.55,43.03,0.3583,5.52,6.4,6.39,7.36,2,0,N_2040,T_4050,V_0045,WF_0515,PH_2,Q_P,"Speed: N_2040, Temp: T_4050, Visc: V_0045, Quality: Q_P"
B2023-1859,1768334886.612141,40.52,41.04,0.3795,12.51,2.21,7.63,5.79,2,0,N_4060,T_4050,V_0045,WF_0515,PH_2,Q_P,"Speed: N_4060, Temp: T_4050, Visc: V_0045, Quality: Q_P"
B2023-1860,1768334946.612141,23.51,35.05,0.1549,5.6,4.33,4.43,7.71,1,0,N_2040,T_3040,V_0045,WF_0515,PH_1,Q_P,"Speed: N_2040, Temp: T_3040, Visc: V_0045, Quality: Q_P"
B2023-1861,1768335006.612141,33.98,36.7,0.2031,12.95,6.94,5.2,8.43,1,0,N_2040,T_3040,V_0045,WF_0515,PH_1,Q_P,"Speed: N_2040, Temp: T_3040, Visc: V_0045, Quality: Q_P"
B2023-1862,1768335066.612141,27.48,37.8,0.2161,5.24,7.68,3.99,8.83,1,0,N_2040,T_3040,V_0045,WF_0515,PH_1,Q_P,"Speed: N_2040, Temp: T_3040, Visc: V_0045, Quality: Q_P"
B2023-1863,1768335126.612141,38.81,45.22,0.3971,9.22,2.51,8.12,8.55,2,0,N_2040,T_4050,V_0045,WF_0515,PH_2,Q_P,"Speed: N_2040, Temp: T_4050, Visc: V_0045, Quality: Q_P"
B2023-1864,1768335186.612141,39.76,45.0,0.2505,8.51,8.0,8.15,4.93,2,0,N_2040,T_4050,V_0045,WF_0515,PH_2,Q_P,"Speed: N_2040, Temp: T_4050, Visc: V_0045, Quality: Q_P"
B2023-1865,1768335246.612141,20.14,19.32,0.4825,3.02,3.13,5.42,5.57,1,1,N_2040,T_1020,V_4550,WF_0005,PH_1,Q_F,"Speed: N_2040, Temp: T_1020, Visc: V_4550, Quality: Q_F"
B2023-1866,1768335306.612141,36.46,38.16,0.2048,13.57,5.39,6.0,4.58,1,0,N_2040,T_3040,V_0045,WF_0515,PH_1,Q_P,"Speed: N_2040, Temp: T_3040, Visc: V_0045, Quality: Q_P"
B2023-1867,1768335366.612141,25.57,28.57,0.2299,12.65,7.84,8.86,8.7,1,0,N_2040,T_2030,V_0045,WF_0515,PH_1,Q_P,"Speed: N_2040, Temp: T_2030, Visc: V_0045, Quality: Q_P"
B2023-1868,1768335426.612141,48.75,41.15,0.3636,6.17,2.73,3.25,5.73,2,0,N_4060,T_4050,V_0045,WF_0515,PH_2,Q_P,"Speed: N_4060, Temp: T_4050, Visc: V_0045, Quality: Q_P"
B2023-1869,1768335486.612141,47.6,51.96,0.2061,7.57,6.73,7.59,5.95,2,0,N_4060,T_5060,V_0045,WF_0515,PH_2,Q_P,"Speed: N_4060, Temp: T_5060, Visc: V_0045, Quality: Q_P"
B2023-1870,1768335546.612141,36.4,49.96,0.3168,7.64,3.8,7.19,6.83,2,0,N_2040,T_4050,V_0045,WF_0515,PH_2,Q_P,"Speed: N_2040, Temp: T_4050, Visc: V_0045, Quality: Q_P"
B2023-1871,1768335606.612141,29.11,32.92,0.2979,8.39,4.99,7.25,6.1,1,0,N_2040,T_3040,V_0045,WF_0515,PH_1,Q_P,"Speed: N_2040, Temp: T_3040, Visc: V_0045, Quality: Q_P"
B2023-1872,1768335666.612141,22.76,40.0,0.1836,7.98,2.57,3.99,4.66,1,0,N_2040,T_3040,V_0045,WF_0515,PH_1,Q_P,"Speed: N_2040, Temp: T_3040, Visc: V_0045, Quality: Q_P"
B2023-1873,1768335726.612141,41.25,43.05,0.3894,6.18,4.01,6.27,6.48,2,0,N_4060,T_4050,V_0045,WF_0515,PH_2,Q_P,"Speed: N_4060, Temp: T_4050, Visc: V_0045, Quality: Q_P"
B2023-1874,1768335786.612141,20.12,22.75,0.2905,6.82,2.09,7.74,6.29,1,0,N_2040,T_2030,V_0045,WF_0515,PH_1,Q_P,"Speed: N_2040, Temp: T_2030, Visc: V_0045, Quality: Q_P"
B2023-1875,1768335846.612141,21.83,34.77,0.2254,12.09,2.17,3.56,7.51,1,0,N_2040,T_3040,V_0045,WF_0515,PH_1,Q_P,"Speed: N_2040, Temp: T_3040, Visc: V_0045, Quality: Q_P"
B2023-1876,1768335906.612141,18.45,6.12,0.4856,11.87,5.35,8.61,4.37,1,1,N_0020,T_010,V_4550,WF_0515,PH_1,Q_F,"Speed: N_0020, Temp: T_010, Visc: V_4550, Quality: Q_F"
B2023-1877,1768335966.612141,32.79,32.61,0.107,13.53,8.51,4.53,5.37,1,0,N_2040,T_3040,V_0045,WF_0515,PH_1,Q_P,"Speed: N_2040, Temp: T_3040, Visc: V_0045, Quality: Q_P"
B2023-1878,1768336026.612141,41.55,41.94,0.2864,6.39,2.19,8.73,4.82,2,0,N_4060,T_4050,V_0045,WF_0515,PH_2,Q_P,"Speed: N_4060, Temp: T_4050, Visc: V_0045, Quality: Q_P"
B2023-1879,1768336086.612141,75.25,53.8,0.1462,1.37,7.54,8.34,5.82,2,1,N_6080,T_5060,V_0045,WF_0005,PH_2,Q_F,"Speed: N_6080, Temp: T_5060, Visc: V_0045, Quality: Q_F"
B2023-1880,1768336146.612141,27.23,36.94,0.2278,5.54,6.75,3.55,4.26,1,0,N_2040,T_3040,V_0045,WF_0515,PH_1,Q_P,"Speed: N_2040, Temp: T_3040, Visc: V_0045, Quality: Q_P"
B2023-1881,1768336206.612141,37.09,22.1,0.2409,13.88,3.68,3.66,5.74,1,0,N_2040,T_2030,V_0045,WF_0515,PH_1,Q_P,"Speed: N_2040, Temp: T_2030, Visc: V_0045, Quality: Q_P"
B2023-1882,1768336266.612141,20.31,20.3,0.2686,6.38,7.57,3.41,5.45,1,0,N_2040,T_2030,V_0045,WF_0515,PH_1,Q_P,"Speed: N_2040, Temp: T_2030, Visc: V_0045, Quality: Q_P"
B2023-1883,1768336326.612141,39.71,24.96,0.1777,10.53,7.59,4.45,7.23,1,0,N_2040,T_2030,V_0045,WF_0515,PH_1,Q_P,"Speed: N_2040, Temp: T_2030, Visc: V_0045, Quality: Q_P"
B2023-1884,1768336386.612141,44.09,52.66,0.3719,7.7,6.17,6.29,4.5,2,0,N_4060,T_5060,V_0045,WF_0515,PH_2,Q_P,"Speed: N_4060, Temp: T_5060, Visc: V_0045, Quality: Q_P"
B2023-1885,1768336446.612141,30.13,40.68,0.3289,13.41,7.08,8.09,5.49,2,0,N_2040,T_4050,V_0045,WF_0515,PH_2,Q_P,"Speed: N_2040, Temp: T_4050, Visc: V_0045, Quality: Q_P"
B2023-1886,1768336506.612141,49.66,47.49,0.3655,7.33,7.47,3.94,8.05,2,0,N_4060,T_4050,V_0045,WF_0515,PH_2,Q_P,"Speed: N_4060, Temp: T_4050, Visc: V_0045, Quality: Q_P"
B2023-1887,1768336566.612141,78.14,58.23,0.3082,2.98,6.99,8.37,4.63,2,1,N_6080,T_5060,V_0045,WF_0005,PH_2,Q_F,"Speed: N_6080, Temp: T_5060, Visc: V_0045, Quality: Q_F"
B2023-1888,1768336626.612141,33.8,54.84,0.3438,10.98,3.07,4.28,8.79,2,0,N_2040,T_5060,V_0045,WF_0515,PH_2,Q_P,"Speed: N_2040, Temp: T_5060, Visc: V_0045, Quality: Q_P"
B2023-1889,1768336686.612141,31.7,49.34,0.291,11.99,2.72,3.07,6.51,2,0,N_2040,T_4050,V_0045,WF_0515,PH_2,Q_P,"Speed: N_2040, Temp: T_4050, Visc: V_0045, Quality: Q_P"
B2023-1890,1768336746.612141,33.37,43.47,0.3662,8.73,7.85,6.11,8.84,2,0,N_2040,T_4050,V_0045,WF_0515,PH_2,Q_P,"Speed: N_2040, Temp: T_4050, Visc: V_0045, Quality: Q_P"
B2023-1891,1768336806.612141,14.66,12.38,0.4893,11.51,8.68,3.55,7.0,2,1,N_0020,T_1020,V_4550,WF_0515,PH_2,Q_F,"Speed: N_0020, Temp: T_1020, Visc: V_4550, Quality: Q_F"
B2023-1892,1768336866.612141,72.05,38.73,0.262,1.45,3.19,6.95,6.03,1,1,N_6080,T_3040,V_0045,WF_0005,PH_1,Q_F,"Speed: N_6080, Temp: T_3040, Visc: V_0045, Quality: Q_F"
B2023-1893,1768336926.612141,34.91,42.07,0.2516,6.43,3.24,4.77,4.45,2,0,N_2040,T_4050,V_0045,WF_0515,PH_2,Q_P,"Speed: N_2040, Temp: T_4050, Visc: V_0045, Quality: Q_P"
B2023-1894,1768336986.612141,20.78,26.78,0.151,5.41,5.41,8.9,5.87,1,0,N_2040,T_2030,V_0045,WF_0515,PH_1,Q_P,"Speed: N_2040, Temp: T_2030, Visc: V_0045, Quality: Q_P"
B2023-1895,1768337046.612141,71.3,51.9,0.1708,3.94,6.55,4.46,5.59,1,1,N_6080,T_5060,V_0045,WF_0005,PH_1,Q_F,"Speed: N_6080, Temp: T_5060, Visc: V_0045, Quality: Q_F"
B2023-1896,1768337106.612141,23.75,24.85,0.2683,13.88,2.17,5.52,7.71,1,0,N_2040,T_2030,V_0045,WF_0515,PH_1,Q_P,"Speed: N_2040, Temp: T_2030, Visc: V_0045, Quality: Q_P"
B2023-1897,1768337166.612141,77.94,53.89,0.3673,0.94,7.7,3.87,6.62,2,1,N_6080,T_5060,V_0045,WF_0005,PH_2,Q_F,"Speed: N_6080, Temp: T_5060, Visc: V_0045, Quality: Q_F"
B2023-1898,1768337226.612141,45.61,54.72,0.3136,6.38,7.24,3.23,6.97,2,0,N_4060,T_5060,V_0045,WF_0515,PH_2,Q_P,"Speed: N_4060, Temp: T_5060, Visc: V_0045, Quality: Q_P"
B2023-1899,1768337286.612141,32.39,20.59,0.1491,7.63,6.51,4.59,5.88,1,0,N_2040,T_2030,V_0045,WF_0515,PH_1,Q_P,"Speed: N_2040, Temp: T_2030, Visc: V_0045, Quality: Q_P"
B2023-1900,1768337346.612141,29.9,17.98,0.467,7.79,2.87,7.12,5.42,1,1,N_2040,T_1020,V_4550,WF_0515,PH_1,Q_F,"Speed: N_2040, Temp: T_1020, Visc: V_4550, Quality: Q_F"
B2023-1901,1768337406.612141,39.32,37.01,0.2898,11.9,8.92,4.99,7.58,1,0,N_2040,T_3040,V_0045,WF_0515,PH_1,Q_P,"Speed: N_2040, Temp: T_3040, Visc: V_0045, Quality: Q_P"
B2023-1902,1768337466.612141,46.28,53.35,0.3388,9.14,7.91,7.06,7.57,2,0,N_4060,T_5060,V_0045,WF_0515,PH_2,Q_P,"Speed: N_4060, Temp: T_5060, Visc: V_0045, Quality: Q_P"
B2023-1903,1768337526.612141,39.9,21.52,0.1098,9.25,6.11,4.51,4.76,1,0,N_2040,T_2030,V_0045,WF_0515,PH_1,Q_P,"Speed: N_2040, Temp: T_2030, Visc: V_0045, Quality: Q_P"
B2023-1904,1768337586.612141,32.33,48.17,0.2424,10.23,3.11,4.93,4.79,2,0,N_2040,T_4050,V_0045,WF_0515,PH_2,Q_P,"Speed: N_2040, Temp: T_4050, Visc: V_0045, Quality: Q_P"
B2023-1905,1768337646.612141,66.74,52.93,0.3319,0.79,8.7,3.82,8.82,1,1,N_6080,T_5060,V_0045,WF_0005,PH_1,Q_F,"Speed: N_6080, Temp: T_5060, Visc: V_0045, Quality: Q_F"
B2023-1906,1768337706.612141,33.95,22.85,0.1391,6.11,7.96,5.55,5.53,1,0,N_2040,T_2030,V_0045,WF_0515,PH_1,Q_P,"Speed: N_2040, Temp: T_2030, Visc: V_0045, Quality: Q_P"
B2023-1907,1768337766.612141,42.81,51.19,0.3391,9.57,6.48,3.05,7.15,2,0,N_4060,T_5060,V_0045,WF_0515,PH_2,Q_P,"Speed: N_4060, Temp: T_5060, Visc: V_0045, Quality: Q_P"
B2023-1908,1768337826.612141,65.44,51.2,0.2742,2.65,2.56,8.02,6.28,2,1,N_6080,T_5060,V_0045,WF_0005,PH_2,Q_F,"Speed: N_6080, Temp: T_5060, Visc: V_0045, Quality: Q_F"
B2023-1909,1768337886.612141,33.54,47.41,0.2998,13.1,5.03,4.36,5.76,2,0,N_2040,T_4050,V_0045,WF_0515,PH_2,Q_P,"Speed: N_2040, Temp: T_4050, Visc: V_0045, Quality: Q_P"
B2023-1910,1768337946.612141,27.67,35.34,0.2716,8.15,5.46,3.01,8.15,1,0,N_2040,T_3040,V_0045,WF_0515,PH_1,Q_P,"Speed: N_2040, Temp: T_3040, Visc: V_0045, Quality: Q_P"
B2023-1911,1768338006.612141,70.49,48.7,0.1505,0.64,7.96,8.1,8.19,1,1,N_6080,T_4050,V_0045,WF_0005,PH_1,Q_F,"Speed: N_6080, Temp: T_4050, Visc: V_0045, Quality: Q_F"
B2023-1912,1768338066.612141,47.43,47.44,0.2898,13.92,2.41,6.3,4.05,2,0,N_4060,T_4050,V_0045,WF_0515,PH_2,Q_P,"Speed: N_4060, Temp: T_4050, Visc: V_0045, Quality: Q_P"
B2023-1913,1768338126.612141,24.82,18.32,0.4617,1.3,2.17,5.78,6.39,1,1,N_2040,T_1020,V_4550,WF_0005,PH_1,Q_F,"Speed: N_2040, Temp: T_1020, Visc: V_4550, Quality: Q_F"
B2023-1914,1768338186.612141,29.03,35.65,0.1471,11.18,3.49,3.98,6.9,1,0,N_2040,T_3040,V_0045,WF_0515,PH_1,Q_P,"Speed: N_2040, Temp: T_3040, Visc: V_0045, Quality: Q_P"
B2023-1915,1768338246.612141,30.0,7.15,0.4894,12.73,7.24,8.28,6.38,2,1,N_2040,T_010,V_4550,WF_0515,PH_2,Q_F,"Speed: N_2040, Temp: T_010, Visc: V_4550, Quality: Q_F"
B2023-1916,1768338306.612141,36.11,42.07,0.2271,12.36,6.25,7.17,8.25,2,0,N_2040,T_4050,V_0045,WF_0515,PH_2,Q_P,"Speed: N_2040, Temp: T_4050, Visc: V_0045, Quality: Q_P"
B2023-1917,1768338366.612141,26.53,23.36,0.1409,6.65,2.43,8.77,4.88,1,0,N_2040,T_2030,V_0045,WF_0515,PH_1,Q_P,"Speed: N_2040, Temp: T_2030, Visc: V_0045, Quality: Q_P"
B2023-1918,1768338426.612141,47.79,47.75,0.2243,5.71,3.91,6.14,6.52,2,0,N_4060,T_4050,V_0045,WF_0515,PH_2,Q_P,"Speed: N_4060, Temp: T_4050, Visc: V_0045, Quality: Q_P"
B2023-1919,1768338486.612141,33.89,54.65,0.383,9.25,5.05,4.84,8.22,2,0,N_2040,T_5060,V_0045,WF_0515,PH_2,Q_P,"Speed: N_2040, Temp: T_5060, Visc: V_0045, Quality: Q_P"
B2023-1920,1768338546.612141,31.22,34.01,0.2474,7.08,2.49,5.47,4.84,1,0,N_2040,T_3040,V_0045,WF_0515,PH_1,Q_P,"Speed: N_2040, Temp: T_3040, Visc: V_0045, Quality: Q_P"
B2023-1921,1768338606.612141,22.45,33.93,0.1663,5.4,2.01,3.34,6.19,1,0,N_2040,T_3040,V_0045,WF_0515,PH_1,Q_P,"Speed: N_2040, Temp: T_3040, Visc: V_0045, Quality: Q_P"
B2023-1922,1768338666.612141,32.55,48.62,0.3593,13.9,7.28,7.25,7.23,2,0,N_2040,T_4050,V_0045,WF_0515,PH_2,Q_P,"Speed: N_2040, Temp: T_4050, Visc: V_0045, Quality: Q_P"
B2023-1923,1768338726.612141,30.82,52.96,0.3215,7.0,6.11,8.9,6.47,2,0,N_2040,T_5060,V_0045,WF_0515,PH_2,Q_P,"Speed: N_2040, Temp: T_5060, Visc: V_0045, Quality: Q_P"
B2023-1924,1768338786.612141,28.62,13.26,0.4651,10.11,2.96,5.86,8.87,1,1,N_2040,T_1020,V_4550,WF_0515,PH_1,Q_F,"Speed: N_2040, Temp: T_1020, Visc: V_4550, Quality: Q_F"
B2023-1925,1768338846.612141,33.64,24.01,0.2724,11.49,2.29,3.59,8.57,1,0,N_2040,T_2030,V_0045,WF_0515,PH_1,Q_P,"Speed: N_2040, Temp: T_2030, Visc: V_0045, Quality: Q_P"
B2023-1926,1768338906.612141,36.01,29.15,0.2345,6.08,6.16,5.39,8.29,1,0,N_2040,T_2030,V_0045,WF_0515,PH_1,Q_P,"Speed: N_2040, Temp: T_2030, Visc: V_0045, Quality: Q_P"
B2023-1927,1768338966.612141,37.92,32.56,0.1539,13.98,2.67,4.78,8.02,1,0,N_2040,T_3040,V_0045,WF_0515,PH_1,Q_P,"Speed: N_2040, Temp: T_3040, Visc: V_0045, Quality: Q_P"
B2023-1928,1768339026.612141,25.09,30.99,0.2874,9.67,3.88,6.35,6.57,1,0,N_2040,T_3040,V_0045,WF_0515,PH_1,Q_P,"Speed: N_2040, Temp: T_3040, Visc: V_0045, Quality: Q_P"
B2023-1929,1768339086.612141,35.25,30.91,0.2955,9.75,5.85,3.2,4.18,1,0,N_2040,T_3040,V_0045,WF_0515,PH_1,Q_P,"Speed: N_2040, Temp: T_3040, Visc: V_0045, Quality: Q_P"
B2023-1930,1768339146.612141,45.4,52.35,0.2224,7.56,4.84,8.14,4.19,2,0,N_4060,T_5060,V_0045,WF_0515,PH_2,Q_P,"Speed: N_4060, Temp: T_5060, Visc: V_0045, Quality: Q_P"
B2023-1931,1768339206.612141,73.49,35.25,0.2711,0.55,3.31,5.12,4.82,1,1,N_6080,T_3040,V_0045,WF_0005,PH_1,Q_F,"Speed: N_6080, Temp: T_3040, Visc: V_0045, Quality: Q_F"
B2023-1932,1768339266.612141,20.06,37.6,0.2014,11.16,7.0,6.62,4.48,1,0,N_2040,T_3040,V_0045,WF_0515,PH_1,Q_P,"Speed: N_2040, Temp: T_3040, Visc: V_0045, Quality: Q_P"
B2023-1933,1768339326.612141,18.14,24.04,0.4848,1.51,7.0,6.93,7.85,1,1,N_0020,T_2030,V_4550,WF_0005,PH_1,Q_F,"Speed: N_0020, Temp: T_2030, Visc: V_4550, Quality: Q_F"
B2023-1934,1768339386.612141,41.49,42.59,0.2306,8.51,7.24,8.12,8.43,2,0,N_4060,T_4050,V_0045,WF_0515,PH_2,Q_P,"Speed: N_4060, Temp: T_4050, Visc: V_0045, Quality: Q_P"
B2023-1935,1768339446.612141,41.05,52.41,0.3458,7.6,7.16,5.65,4.46,2,0,N_4060,T_5060,V_0045,WF_0515,PH_2,Q_P,"Speed: N_4060, Temp: T_5060, Visc: V_0045, Quality: Q_P"
B2023-1936,1768339506.612141,33.3,51.3,0.3518,7.26,6.01,6.28,8.12,2,0,N_2040,T_5060,V_0045,WF_0515,PH_2,Q_P,"Speed: N_2040, Temp: T_5060, Visc: V_0045, Quality: Q_P"
B2023-1937,1768339566.612141,47.11,42.22,0.2591,13.89,5.77,4.37,7.82,2,0,N_4060,T_4050,V_0045,WF_0515,PH_2,Q_P,"Speed: N_4060, Temp: T_4050, Visc: V_0045, Quality: Q_P"
B2023-1938,1768339626.612141,71.22,38.39,0.3518,2.64,8.73,4.43,4.32,2,1,N_6080,T_3040,V_0045,WF_0005,PH_2,Q_F,"Speed: N_6080, Temp: T_3040, Visc: V_0045, Quality: Q_F"
B2023-1939,1768339686.612141,27.24,22.4,0.2872,7.74,8.02,6.29,8.32,1,0,N_2040,T_2030,V_0045,WF_0515,PH_1,Q_P,"Speed: N_2040, Temp: T_2030, Visc: V_0045, Quality: Q_P"
B2023-1940,1768339746.612141,78.04,38.23,0.3978,3.81,8.02,6.93,5.11,2,1,N_6080,T_3040,V_0045,WF_0005,PH_2,Q_F,"Speed: N_6080, Temp: T_3040, Visc: V_0045, Quality: Q_F"
B2023-1941,1768339806.612141,66.39,35.01,0.3412,2.35,8.41,8.79,5.6,1,1,N_6080,T_3040,V_0045,WF_0005,PH_1,Q_F,"Speed: N_6080, Temp: T_3040, Visc: V_0045, Quality: Q_F"
B2023-1942,1768339866.612141,22.04,26.38,0.2227,12.08,6.52,4.42,8.26,1,0,N_2040,T_2030,V_0045,WF_0515,PH_1,Q_P,"Speed: N_2040, Temp: T_2030, Visc: V_0045, Quality: Q_P"
B2023-1943,1768339926.612141,29.98,24.14,0.4754,10.31,6.75,3.71,4.81,1,1,N_2040,T_2030,V_4550,WF_0515,PH_1,Q_F,"Speed: N_2040, Temp: T_2030, Visc: V_4550, Quality: Q_F"
B2023-1944,1768339986.612141,29.05,24.33,0.4992,11.5,2.36,8.43,8.77,2,1,N_2040,T_2030,V_4550,WF_0515,PH_2,Q_F,"Speed: N_2040, Temp: T_2030, Visc: V_4550, Quality: Q_F"
B2023-1945,1768340046.612141,47.14,53.13,0.2775,13.26,8.04,4.51,6.14,2,0,N_4060,T_5060,V_0045,WF_0515,PH_2,Q_P,"Speed: N_4060, Temp: T_5060, Visc: V_0045, Quality: Q_P"
B2023-1946,1768340106.612141,44.86,46.53,0.3577,8.22,3.32,4.61,6.39,2,0,N_4060,T_4050,V_0045,WF_0515,PH_2,Q_P,"Speed: N_4060, Temp: T_4050, Visc: V_0045, Quality: Q_P"
B2023-1947,1768340166.612141,35.21,29.63,0.1503,12.52,5.05,8.71,8.3,1,0,N_2040,T_2030,V_0045,WF_0515,PH_1,Q_P,"Speed: N_2040, Temp: T_2030, Visc: V_0045, Quality: Q_P"
B2023-1948,1768340226.612141,10.79,5.79,0.4617,4.28,7.41,4.57,7.82,1,1,N_0020,T_010,V_4550,WF_0005,PH_1,Q_F,"Speed: N_0020, Temp: T_010, Visc: V_4550, Quality: Q_F"
B2023-1949,1768340286.612141,72.12,53.44,0.1311,1.67,3.13,6.55,4.16,2,1,N_6080,T_5060,V_0045,WF_0005,PH_2,Q_F,"Speed: N_6080, Temp: T_5060, Visc: V_0045, Quality: Q_F"
B2023-1950,1768340346.612141,39.52,44.14,0.2848,6.91,6.96,6.91,4.04,2,0,N_2040,T_4050,V_0045,WF_0515,PH_2,Q_P,"Speed: N_2040, Temp: T_4050, Visc: V_0045, Quality: Q_P"
B2023-1951,1768340406.612141,33.0,22.99,0.1536,8.52,3.83,5.01,5.04,1,0,N_2040,T_2030,V_0045,WF_0515,PH_1,Q_P,"Speed: N_2040, Temp: T_2030, Visc: V_0045, Quality: Q_P"
B2023-1952,1768340466.612141,25.52,37.07,0.1925,11.52,8.58,7.07,6.29,1,0,N_2040,T_3040,V_0045,WF_0515,PH_1,Q_P,"Speed: N_2040, Temp: T_3040, Visc: V_0045, Quality: Q_P"
B2023-1953,1768340526.612141,13.94,7.89,0.4606,13.91,8.65,6.51,6.82,1,1,N_0020,T_010,V_4550,WF_0515,PH_1,Q_F,"Speed: N_0020, Temp: T_010, Visc: V_4550, Quality: Q_F"
B2023-1954,1768340586.612141,21.6,34.2,0.1605,7.45,5.99,6.34,7.91,1,0,N_2040,T_3040,V_0045,WF_0515,PH_1,Q_P,"Speed: N_2040, Temp: T_3040, Visc: V_0045, Quality: Q_P"
B2023-1955,1768340646.612141,32.06,44.85,0.3586,8.06,8.4,8.79,5.53,2,0,N_2040,T_4050,V_0045,WF_0515,PH_2,Q_P,"Speed: N_2040, Temp: T_4050, Visc: V_0045, Quality: Q_P"
B2023-1956,1768340706.612141,43.48,47.24,0.3415,5.41,5.5,5.65,4.38,2,0,N_4060,T_4050,V_0045,WF_0515,PH_2,Q_P,"Speed: N_4060, Temp: T_4050, Visc: V_0045, Quality: Q_P"
B2023-1957,1768340766.612141,38.93,26.45,0.2507,8.71,4.91,5.1,6.97,1,0,N_2040,T_2030,V_0045,WF_0515,PH_1,Q_P,"Speed: N_2040, Temp: T_2030, Visc: V_0045, Quality: Q_P"
B2023-1958,1768340826.612141,33.89,44.59,0.3414,10.69,7.62,7.96,5.9,2,0,N_2040,T_4050,V_0045,WF_0515,PH_2,Q_P,"Speed: N_2040, Temp: T_4050, Visc: V_0045, Quality: Q_P"
B2023-1959,1768340886.612141,30.3,40.27,0.2684,7.22,5.21,7.68,8.36,2,0,N_2040,T_4050,V_0045,WF_0515,PH_2,Q_P,"Speed: N_2040, Temp: T_4050, Visc: V_0045, Quality: Q_P"
B2023-1960,1768340946.612141,25.69,20.54,0.1368,9.55,5.7,4.96,4.09,1,0,N_2040,T_2030,V_0045,WF_0515,PH_1,Q_P,"Speed: N_2040, Temp: T_2030, Visc: V_0045, Quality: Q_P"
B2023-1961,1768341006.612141,42.74,44.77,0.3739,12.68,6.61,8.11,8.2,2,0,N_4060,T_4050,V_0045,WF_0515,PH_2,Q_P,"Speed: N_4060, Temp: T_4050, Visc: V_0045, Quality: Q_P"
B2023-1962,1768341066.612141,43.83,54.46,0.3305,7.56,7.44,4.3,4.12,2,0,N_4060,T_5060,V_0045,WF_0515,PH_2,Q_P,"Speed: N_4060, Temp: T_5060, Visc: V_0045, Quality: Q_P"
B2023-1963,1768341126.612141,43.02,40.93,0.2787,10.36,6.18,7.18,7.74,2,0,N_4060,T_4050,V_0045,WF_0515,PH_2,Q_P,"Speed: N_4060, Temp: T_4050, Visc: V_0045, Quality: Q_P"
B2023-1964,1768341186.612141,39.36,34.04,0.1511,10.49,3.63,6.29,4.8,1,0,N_2040,T_3040,V_0045,WF_0515,PH_1,Q_P,"Speed: N_2040, Temp: T_3040, Visc: V_0045, Quality: Q_P"
B2023-1965,1768341246.612141,12.58,23.5,0.4644,7.05,5.63,3.29,5.08,2,1,N_0020,T_2030,V_4550,WF_0515,PH_2,Q_F,"Speed: N_0020, Temp: T_2030, Visc: V_4550, Quality: Q_F"
B2023-1966,1768341306.612141,30.59,40.13,0.2541,12.01,2.39,5.81,7.3,2,0,N_2040,T_4050,V_0045,WF_0515,PH_2,Q_P,"Speed: N_2040, Temp: T_4050, Visc: V_0045, Quality: Q_P"
B2023-1967,1768341366.612141,27.31,38.09,0.14,7.38,4.81,3.29,6.19,1,0,N_2040,T_3040,V_0045,WF_0515,PH_1,Q_P,"Speed: N_2040, Temp: T_3040, Visc: V_0045, Quality: Q_P"
B2023-1968,1768341426.612141,71.81,59.57,0.3333,4.48,5.97,4.14,6.15,2,1,N_6080,T_5060,V_0045,WF_0005,PH_2,Q_F,"Speed: N_6080, Temp: T_5060, Visc: V_0045, Quality: Q_F"
B2023-1969,1768341486.612141,41.6,54.78,0.3528,10.02,3.4,5.8,5.72,2,0,N_4060,T_5060,V_0045,WF_0515,PH_2,Q_P,"Speed: N_4060, Temp: T_5060, Visc: V_0045, Quality: Q_P"
B2023-1970,1768341546.612141,39.64,27.05,0.1505,11.38,4.01,3.92,4.56,1,0,N_2040,T_2030,V_0045,WF_0515,PH_1,Q_P,"Speed: N_2040, Temp: T_2030, Visc: V_0045, Quality: Q_P"
B2023-1971,1768341606.612141,30.65,30.67,0.2794,10.95,3.05,5.91,6.84,1,0,N_2040,T_3040,V_0045,WF_0515,PH_1,Q_P,"Speed: N_2040, Temp: T_3040, Visc: V_0045, Quality: Q_P"
B2023-1972,1768341666.612141,25.1,28.95,0.2227,7.77,6.67,4.56,7.23,1,0,N_2040,T_2030,V_0045,WF_0515,PH_1,Q_P,"Speed: N_2040, Temp: T_2030, Visc: V_0045, Quality: Q_P"
B2023-1973,1768341726.612141,41.09,49.1,0.3505,13.84,2.13,8.46,5.16,2,0,N_4060,T_4050,V_0045,WF_0515,PH_2,Q_P,"Speed: N_4060, Temp: T_4050, Visc: V_0045, Quality: Q_P"
B2023-1974,1768341786.612141,48.65,43.51,0.2287,11.69,6.46,6.31,8.73,2,0,N_4060,T_4050,V_0045,WF_0515,PH_2,Q_P,"Speed: N_4060, Temp: T_4050, Visc: V_0045, Quality: Q_P"
B2023-1975,1768341846.612141,30.8,22.3,0.1569,8.2,7.9,5.3,4.01,1,0,N_2040,T_2030,V_0045,WF_0515,PH_1,Q_P,"Speed: N_2040, Temp: T_2030, Visc: V_0045, Quality: Q_P"
B2023-1976,1768341906.612141,44.18,42.86,0.2639,7.14,7.75,7.01,7.44,2,0,N_4060,T_4050,V_0045,WF_0515,PH_2,Q_P,"Speed: N_4060, Temp: T_4050, Visc: V_0045, Quality: Q_P"
B2023-1977,1768341966.612141,36.65,21.08,0.2283,7.89,2.67,6.78,5.44,1,0,N_2040,T_2030,V_0045,WF_0515,PH_1,Q_P,"Speed: N_2040, Temp: T_2030, Visc: V_0045, Quality: Q_P"
B2023-1978,1768342026.612141,44.96,41.34,0.2267,12.47,4.32,7.25,7.47,2,0,N_4060,T_4050,V_0045,WF_0515,PH_2,Q_P,"Speed: N_4060, Temp: T_4050, Visc: V_0045, Quality: Q_P"
B2023-1979,1768342086.612141,32.48,21.46,0.2288,10.65,2.72,3.49,7.65,1,0,N_2040,T_2030,V_0045,WF_0515,PH_1,Q_P,"Speed: N_2040, Temp: T_2030, Visc: V_0045, Quality: Q_P"
B2023-1980,1768342146.612141,23.44,31.56,0.159,7.03,6.61,8.36,5.89,1,0,N_2040,T_3040,V_0045,WF_0515,PH_1,Q_P,"Speed: N_2040, Temp: T_3040, Visc: V_0045, Quality: Q_P"
B2023-1981,1768342206.612141,38.23,25.42,0.2264,11.5,6.66,3.49,7.33,1,0,N_2040,T_2030,V_0045,WF_0515,PH_1,Q_P,"Speed: N_2040, Temp: T_2030, Visc: V_0045, Quality: Q_P"
B2023-1982,1768342266.612141,34.0,37.2,0.1347,8.85,8.32,7.05,7.87,1,0,N_2040,T_3040,V_0045,WF_0515,PH_1,Q_P,"Speed: N_2040, Temp: T_3040, Visc: V_0045, Quality: Q_P"
B2023-1983,1768342326.612141,21.02,28.89,0.2582,13.3,5.12,6.54,5.79,1,0,N_2040,T_2030,V_0045,WF_0515,PH_1,Q_P,"Speed: N_2040, Temp: T_2030, Visc: V_0045, Quality: Q_P"
B2023-1984,1768342386.612141,23.93,36.4,0.1837,13.73,2.34,4.24,8.05,1,0,N_2040,T_3040,V_0045,WF_0515,PH_1,Q_P,"Speed: N_2040, Temp: T_3040, Visc: V_0045, Quality: Q_P"
B2023-1985,1768342446.612141,38.27,38.07,0.1567,5.94,5.29,8.11,7.76,1,0,N_2040,T_3040,V_0045,WF_0515,PH_1,Q_P,"Speed: N_2040, Temp: T_3040, Visc: V_0045, Quality: Q_P"
B2023-1986,1768342506.612141,21.98,27.67,0.2116,7.27,8.0,4.5,5.52,1,0,N_2040,T_2030,V_0045,WF_0515,PH_1,Q_P,"Speed: N_2040, Temp: T_2030, Visc: V_0045, Quality: Q_P"
B2023-1987,1768342566.612141,34.79,51.49,0.3822,10.98,7.95,6.36,4.56,2,0,N_2040,T_5060,V_0045,WF_0515,PH_2,Q_P,"Speed: N_2040, Temp: T_5060, Visc: V_0045, Quality: Q_P"
B2023-1988,1768342626.612141,42.14,52.86,0.2387,11.26,7.52,4.74,8.37,2,0,N_4060,T_5060,V_0045,WF_0515,PH_2,Q_P,"Speed: N_4060, Temp: T_5060, Visc: V_0045, Quality: Q_P"
B2023-1989,1768342686.612141,30.46,40.09,0.3989,5.81,8.95,5.11,8.72,2,0,N_2040,T_4050,V_0045,WF_0515,PH_2,Q_P,"Speed: N_2040, Temp: T_4050, Visc: V_0045, Quality: Q_P"
B2023-1990,1768342746.612141,37.35,32.5,0.1535,7.27,2.35,5.44,7.59,1,0,N_2040,T_3040,V_0045,WF_0515,PH_1,Q_P,"Speed: N_2040, Temp: T_3040, Visc: V_0045, Quality: Q_P"
B2023-1991,1768342806.612141,35.55,45.41,0.2352,5.66,7.27,4.6,5.26,2,0,N_2040,T_4050,V_0045,WF_0515,PH_2,Q_P,"Speed: N_2040, Temp: T_4050, Visc: V_0045, Quality: Q_P"
B2023-1992,1768342866.612141,38.54,45.63,0.2667,8.95,5.61,4.83,6.71,2,0,N_2040,T_4050,V_0045,WF_0515,PH_2,Q_P,"Speed: N_2040, Temp: T_4050, Visc: V_0045, Quality: Q_P"
B2023-1993,1768342926.612141,32.59,24.1,0.2819,6.72,2.67,5.27,4.56,1,0,N_2040,T_2030,V_0045,WF_0515,PH_1,Q_P,"Speed: N_2040, Temp: T_2030, Visc: V_0045, Quality: Q_P"
B2023-1994,1768342986.612141,78.62,53.77,0.371,0.41,7.01,6.19,8.21,2,1,N_6080,T_5060,V_0045,WF_0005,PH_2,Q_F,"Speed: N_6080, Temp: T_5060, Visc: V_0045, Quality: Q_F"
B2023-1995,1768343046.612141,68.98,44.82,0.1594,2.66,5.73,3.17,8.49,2,1,N_6080,T_4050,V_0045,WF_0005,PH_2,Q_F,"Speed: N_6080, Temp: T_4050, Visc: V_0045, Quality: Q_F"
B2023-1996,1768343106.612141,15.91,13.37,0.483,2.64,7.35,7.35,4.78,1,1,N_0020,T_1020,V_4550,WF_0005,PH_1,Q_F,"Speed: N_0020, Temp: T_1020, Visc: V_4550, Quality: Q_F"
B2023-1997,1768343166.612141,29.56,23.38,0.2743,9.83,8.17,8.87,6.33,1,0,N_2040,T_2030,V_0045,WF_0515,PH_1,Q_P,"Speed: N_2040, Temp: T_2030, Visc: V_0045, Quality: Q_P"
B2023-1998,1768343226.612141,77.05,56.89,0.3487,3.37,2.82,4.13,4.16,2,1,N_6080,T_5060,V_0045,WF_0005,PH_2,Q_F,"Speed: N_6080, Temp: T_5060, Visc: V_0045, Quality: Q_F"
B2023-1999,1768343286.612141,26.17,29.75,0.2817,8.36,7.25,8.64,5.97,1,0,N_2040,T_2030,V_0045,WF_0515,PH_1,Q_P,"Speed: N_2040, Temp: T_2030, Visc: V_0045, Quality: Q_P"
